"MajorFolder","Path","LastUpdated","Commit","Author","Subject"
"(root)",".gitignore","2026-05-23T17:43:15+08:00","af33d7f","Gean Dhylan E. Mapesos","Initial commit"
"android-app","android-app/BUG_REPORT.md","2026-06-13T03:09:16+08:00","65d8ba9","Gean Dhylan E. Mapesos","Finalize defense-ready thesis package"
"android-app","android-app/app/build.gradle.kts","2026-06-13T03:09:16+08:00","65d8ba9","Gean Dhylan E. Mapesos","Finalize defense-ready thesis package"
"android-app","android-app/app/schemas/edu.feutech.redu.data.ReduDatabase/1.json","2026-05-23T17:43:15+08:00","af33d7f","Gean Dhylan E. Mapesos","Initial commit"
"android-app","android-app/app/schemas/edu.feutech.redu.data.ReduDatabase/2.json","2026-05-23T17:43:15+08:00","af33d7f","Gean Dhylan E. Mapesos","Initial commit"
"android-app","android-app/app/schemas/edu.feutech.redu.data.ReduDatabase/3.json","2026-05-23T17:43:15+08:00","af33d7f","Gean Dhylan E. Mapesos","Initial commit"
"android-app","android-app/app/schemas/edu.feutech.redu.data.ReduDatabase/4.json","2026-05-23T17:43:15+08:00","af33d7f","Gean Dhylan E. Mapesos","Initial commit"
"android-app","android-app/app/schemas/edu.feutech.redu.data.ReduDatabase/5.json","2026-05-26T01:22:12+08:00","3cb2848","Gean Dhylan E. Mapesos","Add platform tracking settings"
"android-app","android-app/app/schemas/edu.feutech.redu.data.ReduDatabase/6.json","2026-06-13T03:09:16+08:00","65d8ba9","Gean Dhylan E. Mapesos","Finalize defense-ready thesis package"
"android-app","android-app/app/schemas/edu.feutech.redu.data.ReduDatabase/7.json","2026-06-13T03:09:16+08:00","65d8ba9","Gean Dhylan E. Mapesos","Finalize defense-ready thesis package"
"android-app","android-app/app/src/androidTest/java/edu/feutech/redu/data/ReduDatabaseClearHistoryTest.kt","2026-06-09T23:01:50+08:00","9a31934","Gean Dhylan E. Mapesos","Update REDU thesis and analysis export workflow"
"android-app","android-app/app/src/androidTest/java/edu/feutech/redu/data/ReduDatabaseMigrationTest.kt","2026-06-13T03:09:16+08:00","65d8ba9","Gean Dhylan E. Mapesos","Finalize defense-ready thesis package"
"android-app","android-app/app/src/debug/java/edu/feutech/redu/debug/DebugAccessibilityTreeSerializer.kt","2026-05-23T17:43:15+08:00","af33d7f","Gean Dhylan E. Mapesos","Initial commit"
"android-app","android-app/app/src/debug/java/edu/feutech/redu/debug/DebugCaptureFiles.kt","2026-05-23T17:43:15+08:00","af33d7f","Gean Dhylan E. Mapesos","Initial commit"
"android-app","android-app/app/src/debug/java/edu/feutech/redu/debug/DebugOverlayController.kt","2026-05-23T17:43:15+08:00","af33d7f","Gean Dhylan E. Mapesos","Initial commit"
"android-app","android-app/app/src/debug/java/edu/feutech/redu/debug/DebugOverlayMapper.kt","2026-05-23T17:43:15+08:00","af33d7f","Gean Dhylan E. Mapesos","Initial commit"
"android-app","android-app/app/src/debug/java/edu/feutech/redu/debug/DebugOverlayState.kt","2026-05-23T17:43:15+08:00","af33d7f","Gean Dhylan E. Mapesos","Initial commit"
"android-app","android-app/app/src/debug/java/edu/feutech/redu/debug/DebugOverlayView.kt","2026-05-23T17:43:15+08:00","af33d7f","Gean Dhylan E. Mapesos","Initial commit"
"android-app","android-app/app/src/debug/java/edu/feutech/redu/debug/DebugScreenCaptureHelper.kt","2026-05-23T17:43:15+08:00","af33d7f","Gean Dhylan E. Mapesos","Initial commit"
"android-app","android-app/app/src/debug/java/edu/feutech/redu/debug/FloatingOverlayDragController.kt","2026-05-23T17:43:15+08:00","af33d7f","Gean Dhylan E. Mapesos","Initial commit"
"android-app","android-app/app/src/main/AndroidManifest.xml","2026-05-23T17:43:15+08:00","af33d7f","Gean Dhylan E. Mapesos","Initial commit"
"android-app","android-app/app/src/main/assets/nrc_vad_lexicon.txt","2026-05-23T17:43:15+08:00","af33d7f","Gean Dhylan E. Mapesos","Initial commit"
"android-app","android-app/app/src/main/assets/vader_lexicon.txt","2026-05-23T17:43:15+08:00","af33d7f","Gean Dhylan E. Mapesos","Initial commit"
"android-app","android-app/app/src/main/cpp/CMakeLists.txt","2026-06-13T03:09:16+08:00","65d8ba9","Gean Dhylan E. Mapesos","Finalize defense-ready thesis package"
"android-app","android-app/app/src/main/cpp/llama.cpp/.clang-format","2026-05-23T17:43:15+08:00","af33d7f","Gean Dhylan E. Mapesos","Initial commit"
"android-app","android-app/app/src/main/cpp/llama.cpp/.clang-tidy","2026-05-23T17:43:15+08:00","af33d7f","Gean Dhylan E. Mapesos","Initial commit"
"android-app","android-app/app/src/main/cpp/llama.cpp/.devops/cloud-v-pipeline","2026-05-23T17:43:15+08:00","af33d7f","Gean Dhylan E. Mapesos","Initial commit"
"android-app","android-app/app/src/main/cpp/llama.cpp/.devops/full-cuda.Dockerfile","2026-05-23T17:43:15+08:00","af33d7f","Gean Dhylan E. Mapesos","Initial commit"
"android-app","android-app/app/src/main/cpp/llama.cpp/.devops/full-musa.Dockerfile","2026-05-23T17:43:15+08:00","af33d7f","Gean Dhylan E. Mapesos","Initial commit"
"android-app","android-app/app/src/main/cpp/llama.cpp/.devops/full-rocm.Dockerfile","2026-05-23T17:43:15+08:00","af33d7f","Gean Dhylan E. Mapesos","Initial commit"
"android-app","android-app/app/src/main/cpp/llama.cpp/.devops/full.Dockerfile","2026-05-23T17:43:15+08:00","af33d7f","Gean Dhylan E. Mapesos","Initial commit"
"android-app","android-app/app/src/main/cpp/llama.cpp/.devops/llama-cli-cann.Dockerfile","2026-05-23T17:43:15+08:00","af33d7f","Gean Dhylan E. Mapesos","Initial commit"
"android-app","android-app/app/src/main/cpp/llama.cpp/.devops/llama-cli-cuda.Dockerfile","2026-05-23T17:43:15+08:00","af33d7f","Gean Dhylan E. Mapesos","Initial commit"
"android-app","android-app/app/src/main/cpp/llama.cpp/.devops/llama-cli-intel.Dockerfile","2026-05-23T17:43:15+08:00","af33d7f","Gean Dhylan E. Mapesos","Initial commit"
"android-app","android-app/app/src/main/cpp/llama.cpp/.devops/llama-cli-musa.Dockerfile","2026-05-23T17:43:15+08:00","af33d7f","Gean Dhylan E. Mapesos","Initial commit"
"android-app","android-app/app/src/main/cpp/llama.cpp/.devops/llama-cli-rocm.Dockerfile","2026-05-23T17:43:15+08:00","af33d7f","Gean Dhylan E. Mapesos","Initial commit"
"android-app","android-app/app/src/main/cpp/llama.cpp/.devops/llama-cli-vulkan.Dockerfile","2026-05-23T17:43:15+08:00","af33d7f","Gean Dhylan E. Mapesos","Initial commit"
"android-app","android-app/app/src/main/cpp/llama.cpp/.devops/llama-cli.Dockerfile","2026-05-23T17:43:15+08:00","af33d7f","Gean Dhylan E. Mapesos","Initial commit"
"android-app","android-app/app/src/main/cpp/llama.cpp/.devops/llama-cpp-cuda.srpm.spec","2026-05-23T17:43:15+08:00","af33d7f","Gean Dhylan E. Mapesos","Initial commit"
"android-app","android-app/app/src/main/cpp/llama.cpp/.devops/llama-cpp.srpm.spec","2026-05-23T17:43:15+08:00","af33d7f","Gean Dhylan E. Mapesos","Initial commit"
"android-app","android-app/app/src/main/cpp/llama.cpp/.devops/llama-server-cuda.Dockerfile","2026-05-23T17:43:15+08:00","af33d7f","Gean Dhylan E. Mapesos","Initial commit"
"android-app","android-app/app/src/main/cpp/llama.cpp/.devops/llama-server-intel.Dockerfile","2026-05-23T17:43:15+08:00","af33d7f","Gean Dhylan E. Mapesos","Initial commit"
"android-app","android-app/app/src/main/cpp/llama.cpp/.devops/llama-server-musa.Dockerfile","2026-05-23T17:43:15+08:00","af33d7f","Gean Dhylan E. Mapesos","Initial commit"
"android-app","android-app/app/src/main/cpp/llama.cpp/.devops/llama-server-rocm.Dockerfile","2026-05-23T17:43:15+08:00","af33d7f","Gean Dhylan E. Mapesos","Initial commit"
"android-app","android-app/app/src/main/cpp/llama.cpp/.devops/llama-server-vulkan.Dockerfile","2026-05-23T17:43:15+08:00","af33d7f","Gean Dhylan E. Mapesos","Initial commit"
"android-app","android-app/app/src/main/cpp/llama.cpp/.devops/llama-server.Dockerfile","2026-05-23T17:43:15+08:00","af33d7f","Gean Dhylan E. Mapesos","Initial commit"
"android-app","android-app/app/src/main/cpp/llama.cpp/.devops/nix/apps.nix","2026-05-23T17:43:15+08:00","af33d7f","Gean Dhylan E. Mapesos","Initial commit"
"android-app","android-app/app/src/main/cpp/llama.cpp/.devops/nix/devshells.nix","2026-05-23T17:43:15+08:00","af33d7f","Gean Dhylan E. Mapesos","Initial commit"
"android-app","android-app/app/src/main/cpp/llama.cpp/.devops/nix/docker.nix","2026-05-23T17:43:15+08:00","af33d7f","Gean Dhylan E. Mapesos","Initial commit"
"android-app","android-app/app/src/main/cpp/llama.cpp/.devops/nix/jetson-support.nix","2026-05-23T17:43:15+08:00","af33d7f","Gean Dhylan E. Mapesos","Initial commit"
"android-app","android-app/app/src/main/cpp/llama.cpp/.devops/nix/nixpkgs-instances.nix","2026-05-23T17:43:15+08:00","af33d7f","Gean Dhylan E. Mapesos","Initial commit"
"android-app","android-app/app/src/main/cpp/llama.cpp/.devops/nix/package-gguf-py.nix","2026-05-23T17:43:15+08:00","af33d7f","Gean Dhylan E. Mapesos","Initial commit"
"android-app","android-app/app/src/main/cpp/llama.cpp/.devops/nix/package.nix","2026-05-23T17:43:15+08:00","af33d7f","Gean Dhylan E. Mapesos","Initial commit"
"android-app","android-app/app/src/main/cpp/llama.cpp/.devops/nix/python-scripts.nix","2026-05-23T17:43:15+08:00","af33d7f","Gean Dhylan E. Mapesos","Initial commit"
"android-app","android-app/app/src/main/cpp/llama.cpp/.devops/nix/scope.nix","2026-05-23T17:43:15+08:00","af33d7f","Gean Dhylan E. Mapesos","Initial commit"
"android-app","android-app/app/src/main/cpp/llama.cpp/.devops/nix/sif.nix","2026-05-23T17:43:15+08:00","af33d7f","Gean Dhylan E. Mapesos","Initial commit"
"android-app","android-app/app/src/main/cpp/llama.cpp/.devops/tools.sh","2026-05-23T17:43:15+08:00","af33d7f","Gean Dhylan E. Mapesos","Initial commit"
"android-app","android-app/app/src/main/cpp/llama.cpp/.dockerignore","2026-05-23T17:43:15+08:00","af33d7f","Gean Dhylan E. Mapesos","Initial commit"
"android-app","android-app/app/src/main/cpp/llama.cpp/.ecrc","2026-05-23T17:43:15+08:00","af33d7f","Gean Dhylan E. Mapesos","Initial commit"
"android-app","android-app/app/src/main/cpp/llama.cpp/.editorconfig","2026-05-23T17:43:15+08:00","af33d7f","Gean Dhylan E. Mapesos","Initial commit"
"android-app","android-app/app/src/main/cpp/llama.cpp/.flake8","2026-05-23T17:43:15+08:00","af33d7f","Gean Dhylan E. Mapesos","Initial commit"
"android-app","android-app/app/src/main/cpp/llama.cpp/.github/ISSUE_TEMPLATE/010-bug-compilation.yml","2026-05-23T17:43:15+08:00","af33d7f","Gean Dhylan E. Mapesos","Initial commit"
"android-app","android-app/app/src/main/cpp/llama.cpp/.github/ISSUE_TEMPLATE/011-bug-results.yml","2026-05-23T17:43:15+08:00","af33d7f","Gean Dhylan E. Mapesos","Initial commit"
"android-app","android-app/app/src/main/cpp/llama.cpp/.github/ISSUE_TEMPLATE/019-bug-misc.yml","2026-05-23T17:43:15+08:00","af33d7f","Gean Dhylan E. Mapesos","Initial commit"
"android-app","android-app/app/src/main/cpp/llama.cpp/.github/ISSUE_TEMPLATE/020-enhancement.yml","2026-05-23T17:43:15+08:00","af33d7f","Gean Dhylan E. Mapesos","Initial commit"
"android-app","android-app/app/src/main/cpp/llama.cpp/.github/ISSUE_TEMPLATE/030-research.yml","2026-05-23T17:43:15+08:00","af33d7f","Gean Dhylan E. Mapesos","Initial commit"
"android-app","android-app/app/src/main/cpp/llama.cpp/.github/ISSUE_TEMPLATE/040-refactor.yml","2026-05-23T17:43:15+08:00","af33d7f","Gean Dhylan E. Mapesos","Initial commit"
"android-app","android-app/app/src/main/cpp/llama.cpp/.github/ISSUE_TEMPLATE/config.yml","2026-05-23T17:43:15+08:00","af33d7f","Gean Dhylan E. Mapesos","Initial commit"
"android-app","android-app/app/src/main/cpp/llama.cpp/.github/labeler.yml","2026-05-23T17:43:15+08:00","af33d7f","Gean Dhylan E. Mapesos","Initial commit"
"android-app","android-app/app/src/main/cpp/llama.cpp/.github/pull_request_template.md","2026-05-23T17:43:15+08:00","af33d7f","Gean Dhylan E. Mapesos","Initial commit"
"android-app","android-app/app/src/main/cpp/llama.cpp/.github/workflows/bench.yml.disabled","2026-05-23T17:43:15+08:00","af33d7f","Gean Dhylan E. Mapesos","Initial commit"
"android-app","android-app/app/src/main/cpp/llama.cpp/.github/workflows/build.yml","2026-05-23T17:43:15+08:00","af33d7f","Gean Dhylan E. Mapesos","Initial commit"
"android-app","android-app/app/src/main/cpp/llama.cpp/.github/workflows/close-issue.yml","2026-05-23T17:43:15+08:00","af33d7f","Gean Dhylan E. Mapesos","Initial commit"
"android-app","android-app/app/src/main/cpp/llama.cpp/.github/workflows/docker.yml","2026-05-23T17:43:15+08:00","af33d7f","Gean Dhylan E. Mapesos","Initial commit"
"android-app","android-app/app/src/main/cpp/llama.cpp/.github/workflows/editorconfig.yml","2026-05-23T17:43:15+08:00","af33d7f","Gean Dhylan E. Mapesos","Initial commit"
"android-app","android-app/app/src/main/cpp/llama.cpp/.github/workflows/gguf-publish.yml","2026-05-23T17:43:15+08:00","af33d7f","Gean Dhylan E. Mapesos","Initial commit"
"android-app","android-app/app/src/main/cpp/llama.cpp/.github/workflows/labeler.yml","2026-05-23T17:43:15+08:00","af33d7f","Gean Dhylan E. Mapesos","Initial commit"
"android-app","android-app/app/src/main/cpp/llama.cpp/.github/workflows/python-check-requirements.yml","2026-05-23T17:43:15+08:00","af33d7f","Gean Dhylan E. Mapesos","Initial commit"
"android-app","android-app/app/src/main/cpp/llama.cpp/.github/workflows/python-lint.yml","2026-05-23T17:43:15+08:00","af33d7f","Gean Dhylan E. Mapesos","Initial commit"
"android-app","android-app/app/src/main/cpp/llama.cpp/.github/workflows/python-type-check.yml","2026-05-23T17:43:15+08:00","af33d7f","Gean Dhylan E. Mapesos","Initial commit"
"android-app","android-app/app/src/main/cpp/llama.cpp/.github/workflows/server.yml","2026-05-23T17:43:15+08:00","af33d7f","Gean Dhylan E. Mapesos","Initial commit"
"android-app","android-app/app/src/main/cpp/llama.cpp/.gitignore","2026-05-23T17:43:15+08:00","af33d7f","Gean Dhylan E. Mapesos","Initial commit"
"android-app","android-app/app/src/main/cpp/llama.cpp/.gitmodules","2026-05-23T17:43:15+08:00","af33d7f","Gean Dhylan E. Mapesos","Initial commit"
"android-app","android-app/app/src/main/cpp/llama.cpp/.pre-commit-config.yaml","2026-05-23T17:43:15+08:00","af33d7f","Gean Dhylan E. Mapesos","Initial commit"
"android-app","android-app/app/src/main/cpp/llama.cpp/AUTHORS","2026-05-23T17:43:15+08:00","af33d7f","Gean Dhylan E. Mapesos","Initial commit"
"android-app","android-app/app/src/main/cpp/llama.cpp/CMakeLists.txt","2026-05-25T07:37:00+08:00","af05997","Gean Dhylan E. Mapesos","Update llama.cpp vendor for mtmd"
"android-app","android-app/app/src/main/cpp/llama.cpp/CMakePresets.json","2026-05-23T17:43:15+08:00","af33d7f","Gean Dhylan E. Mapesos","Initial commit"
"android-app","android-app/app/src/main/cpp/llama.cpp/CODEOWNERS","2026-05-23T17:43:15+08:00","af33d7f","Gean Dhylan E. Mapesos","Initial commit"
"android-app","android-app/app/src/main/cpp/llama.cpp/CONTRIBUTING.md","2026-05-23T17:43:15+08:00","af33d7f","Gean Dhylan E. Mapesos","Initial commit"
"android-app","android-app/app/src/main/cpp/llama.cpp/LICENSE","2026-05-23T17:43:15+08:00","af33d7f","Gean Dhylan E. Mapesos","Initial commit"
"android-app","android-app/app/src/main/cpp/llama.cpp/Makefile","2026-05-23T17:43:15+08:00","af33d7f","Gean Dhylan E. Mapesos","Initial commit"
"android-app","android-app/app/src/main/cpp/llama.cpp/Package.swift","2026-05-23T17:43:15+08:00","af33d7f","Gean Dhylan E. Mapesos","Initial commit"
"android-app","android-app/app/src/main/cpp/llama.cpp/README.md","2026-05-23T17:43:15+08:00","af33d7f","Gean Dhylan E. Mapesos","Initial commit"
"android-app","android-app/app/src/main/cpp/llama.cpp/SECURITY.md","2026-05-23T17:43:15+08:00","af33d7f","Gean Dhylan E. Mapesos","Initial commit"
"android-app","android-app/app/src/main/cpp/llama.cpp/Sources/llama/llama.h","2026-05-23T17:43:15+08:00","af33d7f","Gean Dhylan E. Mapesos","Initial commit"
"android-app","android-app/app/src/main/cpp/llama.cpp/Sources/llama/module.modulemap","2026-05-23T17:43:15+08:00","af33d7f","Gean Dhylan E. Mapesos","Initial commit"
"android-app","android-app/app/src/main/cpp/llama.cpp/ci/README.md","2026-05-23T17:43:15+08:00","af33d7f","Gean Dhylan E. Mapesos","Initial commit"
"android-app","android-app/app/src/main/cpp/llama.cpp/ci/run.sh","2026-05-23T17:43:15+08:00","af33d7f","Gean Dhylan E. Mapesos","Initial commit"
"android-app","android-app/app/src/main/cpp/llama.cpp/cmake/arm64-apple-clang.cmake","2026-05-23T17:43:15+08:00","af33d7f","Gean Dhylan E. Mapesos","Initial commit"
"android-app","android-app/app/src/main/cpp/llama.cpp/cmake/arm64-linux-clang.cmake","2026-05-25T07:38:54+08:00","d0f85c9","Gean Dhylan E. Mapesos","Clean llama.cpp vendor whitespace"
"android-app","android-app/app/src/main/cpp/llama.cpp/cmake/arm64-windows-llvm.cmake","2026-05-23T17:43:15+08:00","af33d7f","Gean Dhylan E. Mapesos","Initial commit"
"android-app","android-app/app/src/main/cpp/llama.cpp/cmake/build-info.cmake","2026-05-25T07:37:00+08:00","af05997","Gean Dhylan E. Mapesos","Update llama.cpp vendor for mtmd"
"android-app","android-app/app/src/main/cpp/llama.cpp/cmake/common.cmake","2026-05-25T07:37:00+08:00","af05997","Gean Dhylan E. Mapesos","Update llama.cpp vendor for mtmd"
"android-app","android-app/app/src/main/cpp/llama.cpp/cmake/download-models.cmake","2026-05-25T07:37:00+08:00","af05997","Gean Dhylan E. Mapesos","Update llama.cpp vendor for mtmd"
"android-app","android-app/app/src/main/cpp/llama.cpp/cmake/git-vars.cmake","2026-05-23T17:43:15+08:00","af33d7f","Gean Dhylan E. Mapesos","Initial commit"
"android-app","android-app/app/src/main/cpp/llama.cpp/cmake/license.cmake","2026-05-25T07:37:00+08:00","af05997","Gean Dhylan E. Mapesos","Update llama.cpp vendor for mtmd"
"android-app","android-app/app/src/main/cpp/llama.cpp/cmake/llama-config.cmake.in","2026-05-25T07:37:00+08:00","af05997","Gean Dhylan E. Mapesos","Update llama.cpp vendor for mtmd"
"android-app","android-app/app/src/main/cpp/llama.cpp/cmake/llama.pc.in","2026-05-25T07:37:00+08:00","af05997","Gean Dhylan E. Mapesos","Update llama.cpp vendor for mtmd"
"android-app","android-app/app/src/main/cpp/llama.cpp/cmake/riscv64-spacemit-linux-gnu-gcc.cmake","2026-05-25T07:37:00+08:00","af05997","Gean Dhylan E. Mapesos","Update llama.cpp vendor for mtmd"
"android-app","android-app/app/src/main/cpp/llama.cpp/cmake/x64-windows-llvm.cmake","2026-05-25T07:37:00+08:00","af05997","Gean Dhylan E. Mapesos","Update llama.cpp vendor for mtmd"
"android-app","android-app/app/src/main/cpp/llama.cpp/common/CMakeLists.txt","2026-05-25T07:37:00+08:00","af05997","Gean Dhylan E. Mapesos","Update llama.cpp vendor for mtmd"
"android-app","android-app/app/src/main/cpp/llama.cpp/common/arg.cpp","2026-05-25T07:37:00+08:00","af05997","Gean Dhylan E. Mapesos","Update llama.cpp vendor for mtmd"
"android-app","android-app/app/src/main/cpp/llama.cpp/common/arg.h","2026-05-25T07:37:00+08:00","af05997","Gean Dhylan E. Mapesos","Update llama.cpp vendor for mtmd"
"android-app","android-app/app/src/main/cpp/llama.cpp/common/base64.hpp","2026-05-23T17:43:15+08:00","af33d7f","Gean Dhylan E. Mapesos","Initial commit"
"android-app","android-app/app/src/main/cpp/llama.cpp/common/build-info.cpp.in","2026-05-25T07:37:00+08:00","af05997","Gean Dhylan E. Mapesos","Update llama.cpp vendor for mtmd"
"android-app","android-app/app/src/main/cpp/llama.cpp/common/chat-auto-parser-generator.cpp","2026-05-25T07:37:00+08:00","af05997","Gean Dhylan E. Mapesos","Update llama.cpp vendor for mtmd"
"android-app","android-app/app/src/main/cpp/llama.cpp/common/chat-auto-parser-helpers.cpp","2026-05-25T07:38:54+08:00","d0f85c9","Gean Dhylan E. Mapesos","Clean llama.cpp vendor whitespace"
"android-app","android-app/app/src/main/cpp/llama.cpp/common/chat-auto-parser-helpers.h","2026-05-25T07:37:00+08:00","af05997","Gean Dhylan E. Mapesos","Update llama.cpp vendor for mtmd"
"android-app","android-app/app/src/main/cpp/llama.cpp/common/chat-auto-parser.h","2026-05-25T07:37:00+08:00","af05997","Gean Dhylan E. Mapesos","Update llama.cpp vendor for mtmd"
"android-app","android-app/app/src/main/cpp/llama.cpp/common/chat-diff-analyzer.cpp","2026-05-25T07:37:00+08:00","af05997","Gean Dhylan E. Mapesos","Update llama.cpp vendor for mtmd"
"android-app","android-app/app/src/main/cpp/llama.cpp/common/chat-peg-parser.cpp","2026-05-25T07:37:00+08:00","af05997","Gean Dhylan E. Mapesos","Update llama.cpp vendor for mtmd"
"android-app","android-app/app/src/main/cpp/llama.cpp/common/chat-peg-parser.h","2026-05-25T07:38:54+08:00","d0f85c9","Gean Dhylan E. Mapesos","Clean llama.cpp vendor whitespace"
"android-app","android-app/app/src/main/cpp/llama.cpp/common/chat.cpp","2026-05-25T07:37:00+08:00","af05997","Gean Dhylan E. Mapesos","Update llama.cpp vendor for mtmd"
"android-app","android-app/app/src/main/cpp/llama.cpp/common/chat.h","2026-05-25T07:37:00+08:00","af05997","Gean Dhylan E. Mapesos","Update llama.cpp vendor for mtmd"
"android-app","android-app/app/src/main/cpp/llama.cpp/common/common.cpp","2026-05-25T07:37:00+08:00","af05997","Gean Dhylan E. Mapesos","Update llama.cpp vendor for mtmd"
"android-app","android-app/app/src/main/cpp/llama.cpp/common/common.h","2026-05-25T07:37:00+08:00","af05997","Gean Dhylan E. Mapesos","Update llama.cpp vendor for mtmd"
"android-app","android-app/app/src/main/cpp/llama.cpp/common/console.cpp","2026-05-25T07:37:00+08:00","af05997","Gean Dhylan E. Mapesos","Update llama.cpp vendor for mtmd"
"android-app","android-app/app/src/main/cpp/llama.cpp/common/console.h","2026-05-25T07:37:00+08:00","af05997","Gean Dhylan E. Mapesos","Update llama.cpp vendor for mtmd"
"android-app","android-app/app/src/main/cpp/llama.cpp/common/debug.cpp","2026-05-25T07:37:00+08:00","af05997","Gean Dhylan E. Mapesos","Update llama.cpp vendor for mtmd"
"android-app","android-app/app/src/main/cpp/llama.cpp/common/debug.h","2026-05-25T07:37:00+08:00","af05997","Gean Dhylan E. Mapesos","Update llama.cpp vendor for mtmd"
"android-app","android-app/app/src/main/cpp/llama.cpp/common/download.cpp","2026-05-25T07:37:00+08:00","af05997","Gean Dhylan E. Mapesos","Update llama.cpp vendor for mtmd"
"android-app","android-app/app/src/main/cpp/llama.cpp/common/download.h","2026-05-25T07:37:00+08:00","af05997","Gean Dhylan E. Mapesos","Update llama.cpp vendor for mtmd"
"android-app","android-app/app/src/main/cpp/llama.cpp/common/fit.cpp","2026-05-25T07:37:00+08:00","af05997","Gean Dhylan E. Mapesos","Update llama.cpp vendor for mtmd"
"android-app","android-app/app/src/main/cpp/llama.cpp/common/fit.h","2026-05-25T07:37:00+08:00","af05997","Gean Dhylan E. Mapesos","Update llama.cpp vendor for mtmd"
"android-app","android-app/app/src/main/cpp/llama.cpp/common/hf-cache.cpp","2026-05-25T07:37:00+08:00","af05997","Gean Dhylan E. Mapesos","Update llama.cpp vendor for mtmd"
"android-app","android-app/app/src/main/cpp/llama.cpp/common/hf-cache.h","2026-05-25T07:37:00+08:00","af05997","Gean Dhylan E. Mapesos","Update llama.cpp vendor for mtmd"
"android-app","android-app/app/src/main/cpp/llama.cpp/common/http.h","2026-05-25T07:37:00+08:00","af05997","Gean Dhylan E. Mapesos","Update llama.cpp vendor for mtmd"
"android-app","android-app/app/src/main/cpp/llama.cpp/common/jinja/README.md","2026-05-25T07:37:00+08:00","af05997","Gean Dhylan E. Mapesos","Update llama.cpp vendor for mtmd"
"android-app","android-app/app/src/main/cpp/llama.cpp/common/jinja/caps.cpp","2026-05-25T07:37:00+08:00","af05997","Gean Dhylan E. Mapesos","Update llama.cpp vendor for mtmd"
"android-app","android-app/app/src/main/cpp/llama.cpp/common/jinja/caps.h","2026-05-25T07:37:00+08:00","af05997","Gean Dhylan E. Mapesos","Update llama.cpp vendor for mtmd"
"android-app","android-app/app/src/main/cpp/llama.cpp/common/jinja/lexer.cpp","2026-05-25T07:37:00+08:00","af05997","Gean Dhylan E. Mapesos","Update llama.cpp vendor for mtmd"
"android-app","android-app/app/src/main/cpp/llama.cpp/common/jinja/lexer.h","2026-05-25T07:37:00+08:00","af05997","Gean Dhylan E. Mapesos","Update llama.cpp vendor for mtmd"
"android-app","android-app/app/src/main/cpp/llama.cpp/common/jinja/parser.cpp","2026-05-25T07:37:00+08:00","af05997","Gean Dhylan E. Mapesos","Update llama.cpp vendor for mtmd"
"android-app","android-app/app/src/main/cpp/llama.cpp/common/jinja/parser.h","2026-05-25T07:37:00+08:00","af05997","Gean Dhylan E. Mapesos","Update llama.cpp vendor for mtmd"
"android-app","android-app/app/src/main/cpp/llama.cpp/common/jinja/runtime.cpp","2026-05-25T07:37:00+08:00","af05997","Gean Dhylan E. Mapesos","Update llama.cpp vendor for mtmd"
"android-app","android-app/app/src/main/cpp/llama.cpp/common/jinja/runtime.h","2026-05-25T07:37:00+08:00","af05997","Gean Dhylan E. Mapesos","Update llama.cpp vendor for mtmd"
"android-app","android-app/app/src/main/cpp/llama.cpp/common/jinja/string.cpp","2026-05-25T07:37:00+08:00","af05997","Gean Dhylan E. Mapesos","Update llama.cpp vendor for mtmd"
"android-app","android-app/app/src/main/cpp/llama.cpp/common/jinja/string.h","2026-05-25T07:37:00+08:00","af05997","Gean Dhylan E. Mapesos","Update llama.cpp vendor for mtmd"
"android-app","android-app/app/src/main/cpp/llama.cpp/common/jinja/utils.h","2026-05-25T07:37:00+08:00","af05997","Gean Dhylan E. Mapesos","Update llama.cpp vendor for mtmd"
"android-app","android-app/app/src/main/cpp/llama.cpp/common/jinja/value.cpp","2026-05-25T07:37:00+08:00","af05997","Gean Dhylan E. Mapesos","Update llama.cpp vendor for mtmd"
"android-app","android-app/app/src/main/cpp/llama.cpp/common/jinja/value.h","2026-05-25T07:37:00+08:00","af05997","Gean Dhylan E. Mapesos","Update llama.cpp vendor for mtmd"
"android-app","android-app/app/src/main/cpp/llama.cpp/common/json-partial.cpp","2026-05-25T07:37:00+08:00","af05997","Gean Dhylan E. Mapesos","Update llama.cpp vendor for mtmd"
"android-app","android-app/app/src/main/cpp/llama.cpp/common/json-partial.h","2026-05-25T07:37:00+08:00","af05997","Gean Dhylan E. Mapesos","Update llama.cpp vendor for mtmd"
"android-app","android-app/app/src/main/cpp/llama.cpp/common/json-schema-to-grammar.cpp","2026-05-25T07:37:00+08:00","af05997","Gean Dhylan E. Mapesos","Update llama.cpp vendor for mtmd"
"android-app","android-app/app/src/main/cpp/llama.cpp/common/json-schema-to-grammar.h","2026-05-25T07:37:00+08:00","af05997","Gean Dhylan E. Mapesos","Update llama.cpp vendor for mtmd"
"android-app","android-app/app/src/main/cpp/llama.cpp/common/llguidance.cpp","2026-05-25T07:37:00+08:00","af05997","Gean Dhylan E. Mapesos","Update llama.cpp vendor for mtmd"
"android-app","android-app/app/src/main/cpp/llama.cpp/common/log.cpp","2026-05-25T07:37:00+08:00","af05997","Gean Dhylan E. Mapesos","Update llama.cpp vendor for mtmd"
"android-app","android-app/app/src/main/cpp/llama.cpp/common/log.h","2026-05-25T07:37:00+08:00","af05997","Gean Dhylan E. Mapesos","Update llama.cpp vendor for mtmd"
"android-app","android-app/app/src/main/cpp/llama.cpp/common/ngram-cache.cpp","2026-05-25T07:37:00+08:00","af05997","Gean Dhylan E. Mapesos","Update llama.cpp vendor for mtmd"
"android-app","android-app/app/src/main/cpp/llama.cpp/common/ngram-cache.h","2026-05-25T07:37:00+08:00","af05997","Gean Dhylan E. Mapesos","Update llama.cpp vendor for mtmd"
"android-app","android-app/app/src/main/cpp/llama.cpp/common/ngram-map.cpp","2026-05-25T07:37:00+08:00","af05997","Gean Dhylan E. Mapesos","Update llama.cpp vendor for mtmd"
"android-app","android-app/app/src/main/cpp/llama.cpp/common/ngram-map.h","2026-05-25T07:37:00+08:00","af05997","Gean Dhylan E. Mapesos","Update llama.cpp vendor for mtmd"
"android-app","android-app/app/src/main/cpp/llama.cpp/common/ngram-mod.cpp","2026-05-25T07:37:00+08:00","af05997","Gean Dhylan E. Mapesos","Update llama.cpp vendor for mtmd"
"android-app","android-app/app/src/main/cpp/llama.cpp/common/ngram-mod.h","2026-05-25T07:37:00+08:00","af05997","Gean Dhylan E. Mapesos","Update llama.cpp vendor for mtmd"
"android-app","android-app/app/src/main/cpp/llama.cpp/common/peg-parser.cpp","2026-05-25T07:37:00+08:00","af05997","Gean Dhylan E. Mapesos","Update llama.cpp vendor for mtmd"
"android-app","android-app/app/src/main/cpp/llama.cpp/common/peg-parser.h","2026-05-25T07:37:00+08:00","af05997","Gean Dhylan E. Mapesos","Update llama.cpp vendor for mtmd"
"android-app","android-app/app/src/main/cpp/llama.cpp/common/preset.cpp","2026-05-25T07:37:00+08:00","af05997","Gean Dhylan E. Mapesos","Update llama.cpp vendor for mtmd"
"android-app","android-app/app/src/main/cpp/llama.cpp/common/preset.h","2026-05-25T07:37:00+08:00","af05997","Gean Dhylan E. Mapesos","Update llama.cpp vendor for mtmd"
"android-app","android-app/app/src/main/cpp/llama.cpp/common/reasoning-budget.cpp","2026-05-25T07:37:00+08:00","af05997","Gean Dhylan E. Mapesos","Update llama.cpp vendor for mtmd"
"android-app","android-app/app/src/main/cpp/llama.cpp/common/reasoning-budget.h","2026-05-25T07:37:00+08:00","af05997","Gean Dhylan E. Mapesos","Update llama.cpp vendor for mtmd"
"android-app","android-app/app/src/main/cpp/llama.cpp/common/regex-partial.cpp","2026-05-25T07:37:00+08:00","af05997","Gean Dhylan E. Mapesos","Update llama.cpp vendor for mtmd"
"android-app","android-app/app/src/main/cpp/llama.cpp/common/regex-partial.h","2026-05-25T07:37:00+08:00","af05997","Gean Dhylan E. Mapesos","Update llama.cpp vendor for mtmd"
"android-app","android-app/app/src/main/cpp/llama.cpp/common/sampling.cpp","2026-05-25T07:37:00+08:00","af05997","Gean Dhylan E. Mapesos","Update llama.cpp vendor for mtmd"
"android-app","android-app/app/src/main/cpp/llama.cpp/common/sampling.h","2026-05-25T07:37:00+08:00","af05997","Gean Dhylan E. Mapesos","Update llama.cpp vendor for mtmd"
"android-app","android-app/app/src/main/cpp/llama.cpp/common/speculative.cpp","2026-05-25T07:37:00+08:00","af05997","Gean Dhylan E. Mapesos","Update llama.cpp vendor for mtmd"
"android-app","android-app/app/src/main/cpp/llama.cpp/common/speculative.h","2026-05-25T07:37:00+08:00","af05997","Gean Dhylan E. Mapesos","Update llama.cpp vendor for mtmd"
"android-app","android-app/app/src/main/cpp/llama.cpp/common/unicode.cpp","2026-05-25T07:38:54+08:00","d0f85c9","Gean Dhylan E. Mapesos","Clean llama.cpp vendor whitespace"
"android-app","android-app/app/src/main/cpp/llama.cpp/common/unicode.h","2026-05-25T07:37:00+08:00","af05997","Gean Dhylan E. Mapesos","Update llama.cpp vendor for mtmd"
"android-app","android-app/app/src/main/cpp/llama.cpp/convert_hf_to_gguf.py","2026-05-23T17:43:15+08:00","af33d7f","Gean Dhylan E. Mapesos","Initial commit"
"android-app","android-app/app/src/main/cpp/llama.cpp/convert_hf_to_gguf_update.py","2026-05-23T17:43:15+08:00","af33d7f","Gean Dhylan E. Mapesos","Initial commit"
"android-app","android-app/app/src/main/cpp/llama.cpp/convert_llama_ggml_to_gguf.py","2026-05-23T17:43:15+08:00","af33d7f","Gean Dhylan E. Mapesos","Initial commit"
"android-app","android-app/app/src/main/cpp/llama.cpp/convert_lora_to_gguf.py","2026-05-23T17:43:15+08:00","af33d7f","Gean Dhylan E. Mapesos","Initial commit"
"android-app","android-app/app/src/main/cpp/llama.cpp/docs/android.md","2026-05-23T17:43:15+08:00","af33d7f","Gean Dhylan E. Mapesos","Initial commit"
"android-app","android-app/app/src/main/cpp/llama.cpp/docs/backend/BLIS.md","2026-05-23T17:43:15+08:00","af33d7f","Gean Dhylan E. Mapesos","Initial commit"
"android-app","android-app/app/src/main/cpp/llama.cpp/docs/backend/CANN.md","2026-05-23T17:43:15+08:00","af33d7f","Gean Dhylan E. Mapesos","Initial commit"
"android-app","android-app/app/src/main/cpp/llama.cpp/docs/backend/SYCL.md","2026-05-23T17:43:15+08:00","af33d7f","Gean Dhylan E. Mapesos","Initial commit"
"android-app","android-app/app/src/main/cpp/llama.cpp/docs/build.md","2026-05-23T17:43:15+08:00","af33d7f","Gean Dhylan E. Mapesos","Initial commit"
"android-app","android-app/app/src/main/cpp/llama.cpp/docs/development/HOWTO-add-model.md","2026-05-23T17:43:15+08:00","af33d7f","Gean Dhylan E. Mapesos","Initial commit"
"android-app","android-app/app/src/main/cpp/llama.cpp/docs/development/debugging-tests.md","2026-05-23T17:43:15+08:00","af33d7f","Gean Dhylan E. Mapesos","Initial commit"
"android-app","android-app/app/src/main/cpp/llama.cpp/docs/development/llama-star/idea-arch.key","2026-05-23T17:43:15+08:00","af33d7f","Gean Dhylan E. Mapesos","Initial commit"
"android-app","android-app/app/src/main/cpp/llama.cpp/docs/development/llama-star/idea-arch.pdf","2026-05-23T17:43:15+08:00","af33d7f","Gean Dhylan E. Mapesos","Initial commit"
"android-app","android-app/app/src/main/cpp/llama.cpp/docs/development/token_generation_performance_tips.md","2026-05-23T17:43:15+08:00","af33d7f","Gean Dhylan E. Mapesos","Initial commit"
"android-app","android-app/app/src/main/cpp/llama.cpp/docs/docker.md","2026-05-23T17:43:15+08:00","af33d7f","Gean Dhylan E. Mapesos","Initial commit"
"android-app","android-app/app/src/main/cpp/llama.cpp/docs/install.md","2026-05-23T17:43:15+08:00","af33d7f","Gean Dhylan E. Mapesos","Initial commit"
"android-app","android-app/app/src/main/cpp/llama.cpp/examples/CMakeLists.txt","2026-05-23T17:43:15+08:00","af33d7f","Gean Dhylan E. Mapesos","Initial commit"
"android-app","android-app/app/src/main/cpp/llama.cpp/examples/Miku.sh","2026-05-23T17:43:15+08:00","af33d7f","Gean Dhylan E. Mapesos","Initial commit"
"android-app","android-app/app/src/main/cpp/llama.cpp/examples/batched-bench/CMakeLists.txt","2026-05-23T17:43:15+08:00","af33d7f","Gean Dhylan E. Mapesos","Initial commit"
"android-app","android-app/app/src/main/cpp/llama.cpp/examples/batched-bench/README.md","2026-05-23T17:43:15+08:00","af33d7f","Gean Dhylan E. Mapesos","Initial commit"
"android-app","android-app/app/src/main/cpp/llama.cpp/examples/batched-bench/batched-bench.cpp","2026-05-23T17:43:15+08:00","af33d7f","Gean Dhylan E. Mapesos","Initial commit"
"android-app","android-app/app/src/main/cpp/llama.cpp/examples/batched.swift/.gitignore","2026-05-23T17:43:15+08:00","af33d7f","Gean Dhylan E. Mapesos","Initial commit"
"android-app","android-app/app/src/main/cpp/llama.cpp/examples/batched.swift/Makefile","2026-05-23T17:43:15+08:00","af33d7f","Gean Dhylan E. Mapesos","Initial commit"
"android-app","android-app/app/src/main/cpp/llama.cpp/examples/batched.swift/Package.swift","2026-05-23T17:43:15+08:00","af33d7f","Gean Dhylan E. Mapesos","Initial commit"
"android-app","android-app/app/src/main/cpp/llama.cpp/examples/batched.swift/README.md","2026-05-23T17:43:15+08:00","af33d7f","Gean Dhylan E. Mapesos","Initial commit"
"android-app","android-app/app/src/main/cpp/llama.cpp/examples/batched.swift/Sources/main.swift","2026-05-23T17:43:15+08:00","af33d7f","Gean Dhylan E. Mapesos","Initial commit"
"android-app","android-app/app/src/main/cpp/llama.cpp/examples/batched/CMakeLists.txt","2026-05-23T17:43:15+08:00","af33d7f","Gean Dhylan E. Mapesos","Initial commit"
"android-app","android-app/app/src/main/cpp/llama.cpp/examples/batched/README.md","2026-05-23T17:43:15+08:00","af33d7f","Gean Dhylan E. Mapesos","Initial commit"
"android-app","android-app/app/src/main/cpp/llama.cpp/examples/batched/batched.cpp","2026-05-23T17:43:15+08:00","af33d7f","Gean Dhylan E. Mapesos","Initial commit"
"android-app","android-app/app/src/main/cpp/llama.cpp/examples/chat-13B.bat","2026-05-23T17:43:15+08:00","af33d7f","Gean Dhylan E. Mapesos","Initial commit"
"android-app","android-app/app/src/main/cpp/llama.cpp/examples/chat-13B.sh","2026-05-23T17:43:15+08:00","af33d7f","Gean Dhylan E. Mapesos","Initial commit"
"android-app","android-app/app/src/main/cpp/llama.cpp/examples/chat-persistent.sh","2026-05-23T17:43:15+08:00","af33d7f","Gean Dhylan E. Mapesos","Initial commit"
"android-app","android-app/app/src/main/cpp/llama.cpp/examples/chat-vicuna.sh","2026-05-23T17:43:15+08:00","af33d7f","Gean Dhylan E. Mapesos","Initial commit"
"android-app","android-app/app/src/main/cpp/llama.cpp/examples/chat.sh","2026-05-23T17:43:15+08:00","af33d7f","Gean Dhylan E. Mapesos","Initial commit"
"android-app","android-app/app/src/main/cpp/llama.cpp/examples/convert-llama2c-to-ggml/CMakeLists.txt","2026-05-23T17:43:15+08:00","af33d7f","Gean Dhylan E. Mapesos","Initial commit"
"android-app","android-app/app/src/main/cpp/llama.cpp/examples/convert-llama2c-to-ggml/README.md","2026-05-23T17:43:15+08:00","af33d7f","Gean Dhylan E. Mapesos","Initial commit"
"android-app","android-app/app/src/main/cpp/llama.cpp/examples/convert-llama2c-to-ggml/convert-llama2c-to-ggml.cpp","2026-05-23T17:43:15+08:00","af33d7f","Gean Dhylan E. Mapesos","Initial commit"
"android-app","android-app/app/src/main/cpp/llama.cpp/examples/convert_legacy_llama.py","2026-05-23T17:43:15+08:00","af33d7f","Gean Dhylan E. Mapesos","Initial commit"
"android-app","android-app/app/src/main/cpp/llama.cpp/examples/cvector-generator/CMakeLists.txt","2026-05-23T17:43:15+08:00","af33d7f","Gean Dhylan E. Mapesos","Initial commit"
"android-app","android-app/app/src/main/cpp/llama.cpp/examples/cvector-generator/README.md","2026-05-23T17:43:15+08:00","af33d7f","Gean Dhylan E. Mapesos","Initial commit"
"android-app","android-app/app/src/main/cpp/llama.cpp/examples/cvector-generator/completions.txt","2026-05-23T17:43:15+08:00","af33d7f","Gean Dhylan E. Mapesos","Initial commit"
"android-app","android-app/app/src/main/cpp/llama.cpp/examples/cvector-generator/cvector-generator.cpp","2026-05-23T17:43:15+08:00","af33d7f","Gean Dhylan E. Mapesos","Initial commit"
"android-app","android-app/app/src/main/cpp/llama.cpp/examples/cvector-generator/mean.hpp","2026-05-23T17:43:15+08:00","af33d7f","Gean Dhylan E. Mapesos","Initial commit"
"android-app","android-app/app/src/main/cpp/llama.cpp/examples/cvector-generator/negative.txt","2026-05-23T17:43:15+08:00","af33d7f","Gean Dhylan E. Mapesos","Initial commit"
"android-app","android-app/app/src/main/cpp/llama.cpp/examples/cvector-generator/pca.hpp","2026-05-23T17:43:15+08:00","af33d7f","Gean Dhylan E. Mapesos","Initial commit"
"android-app","android-app/app/src/main/cpp/llama.cpp/examples/cvector-generator/positive.txt","2026-05-23T17:43:15+08:00","af33d7f","Gean Dhylan E. Mapesos","Initial commit"
"android-app","android-app/app/src/main/cpp/llama.cpp/examples/deprecation-warning/README.md","2026-05-23T17:43:15+08:00","af33d7f","Gean Dhylan E. Mapesos","Initial commit"
"android-app","android-app/app/src/main/cpp/llama.cpp/examples/deprecation-warning/deprecation-warning.cpp","2026-05-23T17:43:15+08:00","af33d7f","Gean Dhylan E. Mapesos","Initial commit"
"android-app","android-app/app/src/main/cpp/llama.cpp/examples/embedding/CMakeLists.txt","2026-05-23T17:43:15+08:00","af33d7f","Gean Dhylan E. Mapesos","Initial commit"
"android-app","android-app/app/src/main/cpp/llama.cpp/examples/embedding/README.md","2026-05-23T17:43:15+08:00","af33d7f","Gean Dhylan E. Mapesos","Initial commit"
"android-app","android-app/app/src/main/cpp/llama.cpp/examples/embedding/embedding.cpp","2026-05-23T17:43:15+08:00","af33d7f","Gean Dhylan E. Mapesos","Initial commit"
"android-app","android-app/app/src/main/cpp/llama.cpp/examples/eval-callback/CMakeLists.txt","2026-05-23T17:43:15+08:00","af33d7f","Gean Dhylan E. Mapesos","Initial commit"
"android-app","android-app/app/src/main/cpp/llama.cpp/examples/eval-callback/README.md","2026-05-23T17:43:15+08:00","af33d7f","Gean Dhylan E. Mapesos","Initial commit"
"android-app","android-app/app/src/main/cpp/llama.cpp/examples/eval-callback/eval-callback.cpp","2026-05-23T17:43:15+08:00","af33d7f","Gean Dhylan E. Mapesos","Initial commit"
"android-app","android-app/app/src/main/cpp/llama.cpp/examples/export-lora/CMakeLists.txt","2026-05-23T17:43:15+08:00","af33d7f","Gean Dhylan E. Mapesos","Initial commit"
"android-app","android-app/app/src/main/cpp/llama.cpp/examples/export-lora/README.md","2026-05-23T17:43:15+08:00","af33d7f","Gean Dhylan E. Mapesos","Initial commit"
"android-app","android-app/app/src/main/cpp/llama.cpp/examples/export-lora/export-lora.cpp","2026-05-23T17:43:15+08:00","af33d7f","Gean Dhylan E. Mapesos","Initial commit"
"android-app","android-app/app/src/main/cpp/llama.cpp/examples/gbnf-validator/CMakeLists.txt","2026-05-23T17:43:15+08:00","af33d7f","Gean Dhylan E. Mapesos","Initial commit"
"android-app","android-app/app/src/main/cpp/llama.cpp/examples/gbnf-validator/gbnf-validator.cpp","2026-05-23T17:43:15+08:00","af33d7f","Gean Dhylan E. Mapesos","Initial commit"
"android-app","android-app/app/src/main/cpp/llama.cpp/examples/gen-docs/CMakeLists.txt","2026-05-23T17:43:15+08:00","af33d7f","Gean Dhylan E. Mapesos","Initial commit"
"android-app","android-app/app/src/main/cpp/llama.cpp/examples/gen-docs/gen-docs.cpp","2026-05-23T17:43:15+08:00","af33d7f","Gean Dhylan E. Mapesos","Initial commit"
"android-app","android-app/app/src/main/cpp/llama.cpp/examples/gguf-hash/CMakeLists.txt","2026-05-23T17:43:15+08:00","af33d7f","Gean Dhylan E. Mapesos","Initial commit"
"android-app","android-app/app/src/main/cpp/llama.cpp/examples/gguf-hash/README.md","2026-05-23T17:43:15+08:00","af33d7f","Gean Dhylan E. Mapesos","Initial commit"
"android-app","android-app/app/src/main/cpp/llama.cpp/examples/gguf-hash/deps/rotate-bits/package.json","2026-05-23T17:43:15+08:00","af33d7f","Gean Dhylan E. Mapesos","Initial commit"
"android-app","android-app/app/src/main/cpp/llama.cpp/examples/gguf-hash/deps/rotate-bits/rotate-bits.h","2026-05-23T17:43:15+08:00","af33d7f","Gean Dhylan E. Mapesos","Initial commit"
"android-app","android-app/app/src/main/cpp/llama.cpp/examples/gguf-hash/deps/sha1/package.json","2026-05-23T17:43:15+08:00","af33d7f","Gean Dhylan E. Mapesos","Initial commit"
"android-app","android-app/app/src/main/cpp/llama.cpp/examples/gguf-hash/deps/sha1/sha1.c","2026-05-23T17:43:15+08:00","af33d7f","Gean Dhylan E. Mapesos","Initial commit"
"android-app","android-app/app/src/main/cpp/llama.cpp/examples/gguf-hash/deps/sha1/sha1.h","2026-05-23T17:43:15+08:00","af33d7f","Gean Dhylan E. Mapesos","Initial commit"
"android-app","android-app/app/src/main/cpp/llama.cpp/examples/gguf-hash/deps/sha256/package.json","2026-05-23T17:43:15+08:00","af33d7f","Gean Dhylan E. Mapesos","Initial commit"
"android-app","android-app/app/src/main/cpp/llama.cpp/examples/gguf-hash/deps/sha256/sha256.c","2026-05-23T17:43:15+08:00","af33d7f","Gean Dhylan E. Mapesos","Initial commit"
"android-app","android-app/app/src/main/cpp/llama.cpp/examples/gguf-hash/deps/sha256/sha256.h","2026-05-23T17:43:15+08:00","af33d7f","Gean Dhylan E. Mapesos","Initial commit"
"android-app","android-app/app/src/main/cpp/llama.cpp/examples/gguf-hash/deps/xxhash/clib.json","2026-05-23T17:43:15+08:00","af33d7f","Gean Dhylan E. Mapesos","Initial commit"
"android-app","android-app/app/src/main/cpp/llama.cpp/examples/gguf-hash/deps/xxhash/xxhash.c","2026-05-23T17:43:15+08:00","af33d7f","Gean Dhylan E. Mapesos","Initial commit"
"android-app","android-app/app/src/main/cpp/llama.cpp/examples/gguf-hash/deps/xxhash/xxhash.h","2026-05-23T17:43:15+08:00","af33d7f","Gean Dhylan E. Mapesos","Initial commit"
"android-app","android-app/app/src/main/cpp/llama.cpp/examples/gguf-hash/gguf-hash.cpp","2026-05-23T17:43:15+08:00","af33d7f","Gean Dhylan E. Mapesos","Initial commit"
"android-app","android-app/app/src/main/cpp/llama.cpp/examples/gguf-split/CMakeLists.txt","2026-05-23T17:43:15+08:00","af33d7f","Gean Dhylan E. Mapesos","Initial commit"
"android-app","android-app/app/src/main/cpp/llama.cpp/examples/gguf-split/README.md","2026-05-23T17:43:15+08:00","af33d7f","Gean Dhylan E. Mapesos","Initial commit"
"android-app","android-app/app/src/main/cpp/llama.cpp/examples/gguf-split/gguf-split.cpp","2026-05-23T17:43:15+08:00","af33d7f","Gean Dhylan E. Mapesos","Initial commit"
"android-app","android-app/app/src/main/cpp/llama.cpp/examples/gguf-split/tests.sh","2026-05-23T17:43:15+08:00","af33d7f","Gean Dhylan E. Mapesos","Initial commit"
"android-app","android-app/app/src/main/cpp/llama.cpp/examples/gguf/CMakeLists.txt","2026-05-23T17:43:15+08:00","af33d7f","Gean Dhylan E. Mapesos","Initial commit"
"android-app","android-app/app/src/main/cpp/llama.cpp/examples/gguf/gguf.cpp","2026-05-23T17:43:15+08:00","af33d7f","Gean Dhylan E. Mapesos","Initial commit"
"android-app","android-app/app/src/main/cpp/llama.cpp/examples/gritlm/CMakeLists.txt","2026-05-23T17:43:15+08:00","af33d7f","Gean Dhylan E. Mapesos","Initial commit"
"android-app","android-app/app/src/main/cpp/llama.cpp/examples/gritlm/README.md","2026-05-23T17:43:15+08:00","af33d7f","Gean Dhylan E. Mapesos","Initial commit"
"android-app","android-app/app/src/main/cpp/llama.cpp/examples/gritlm/gritlm.cpp","2026-05-23T17:43:15+08:00","af33d7f","Gean Dhylan E. Mapesos","Initial commit"
"android-app","android-app/app/src/main/cpp/llama.cpp/examples/imatrix/CMakeLists.txt","2026-05-23T17:43:15+08:00","af33d7f","Gean Dhylan E. Mapesos","Initial commit"
"android-app","android-app/app/src/main/cpp/llama.cpp/examples/imatrix/README.md","2026-05-23T17:43:15+08:00","af33d7f","Gean Dhylan E. Mapesos","Initial commit"
"android-app","android-app/app/src/main/cpp/llama.cpp/examples/imatrix/imatrix.cpp","2026-05-23T17:43:15+08:00","af33d7f","Gean Dhylan E. Mapesos","Initial commit"
"android-app","android-app/app/src/main/cpp/llama.cpp/examples/infill/CMakeLists.txt","2026-05-23T17:43:15+08:00","af33d7f","Gean Dhylan E. Mapesos","Initial commit"
"android-app","android-app/app/src/main/cpp/llama.cpp/examples/infill/README.md","2026-05-23T17:43:15+08:00","af33d7f","Gean Dhylan E. Mapesos","Initial commit"
"android-app","android-app/app/src/main/cpp/llama.cpp/examples/infill/infill.cpp","2026-05-23T17:43:15+08:00","af33d7f","Gean Dhylan E. Mapesos","Initial commit"
"android-app","android-app/app/src/main/cpp/llama.cpp/examples/jeopardy/README.md","2026-05-23T17:43:15+08:00","af33d7f","Gean Dhylan E. Mapesos","Initial commit"
"android-app","android-app/app/src/main/cpp/llama.cpp/examples/jeopardy/graph.py","2026-05-23T17:43:15+08:00","af33d7f","Gean Dhylan E. Mapesos","Initial commit"
"android-app","android-app/app/src/main/cpp/llama.cpp/examples/jeopardy/jeopardy.sh","2026-05-23T17:43:15+08:00","af33d7f","Gean Dhylan E. Mapesos","Initial commit"
"android-app","android-app/app/src/main/cpp/llama.cpp/examples/jeopardy/qasheet.csv","2026-05-23T17:43:15+08:00","af33d7f","Gean Dhylan E. Mapesos","Initial commit"
"android-app","android-app/app/src/main/cpp/llama.cpp/examples/jeopardy/questions.txt","2026-05-23T17:43:15+08:00","af33d7f","Gean Dhylan E. Mapesos","Initial commit"
"android-app","android-app/app/src/main/cpp/llama.cpp/examples/json_schema_pydantic_example.py","2026-05-23T17:43:15+08:00","af33d7f","Gean Dhylan E. Mapesos","Initial commit"
"android-app","android-app/app/src/main/cpp/llama.cpp/examples/json_schema_to_grammar.py","2026-05-23T17:43:15+08:00","af33d7f","Gean Dhylan E. Mapesos","Initial commit"
"android-app","android-app/app/src/main/cpp/llama.cpp/examples/llama-bench/CMakeLists.txt","2026-05-23T17:43:15+08:00","af33d7f","Gean Dhylan E. Mapesos","Initial commit"
"android-app","android-app/app/src/main/cpp/llama.cpp/examples/llama-bench/README.md","2026-05-23T17:43:15+08:00","af33d7f","Gean Dhylan E. Mapesos","Initial commit"
"android-app","android-app/app/src/main/cpp/llama.cpp/examples/llama-bench/llama-bench.cpp","2026-05-23T17:43:15+08:00","af33d7f","Gean Dhylan E. Mapesos","Initial commit"
"android-app","android-app/app/src/main/cpp/llama.cpp/examples/llama.android/.gitignore","2026-05-23T17:43:15+08:00","af33d7f","Gean Dhylan E. Mapesos","Initial commit"
"android-app","android-app/app/src/main/cpp/llama.cpp/examples/llama.android/README.md","2026-05-23T17:43:15+08:00","af33d7f","Gean Dhylan E. Mapesos","Initial commit"
"android-app","android-app/app/src/main/cpp/llama.cpp/examples/llama.android/app/.gitignore","2026-05-23T17:43:15+08:00","af33d7f","Gean Dhylan E. Mapesos","Initial commit"
"android-app","android-app/app/src/main/cpp/llama.cpp/examples/llama.android/app/build.gradle.kts","2026-05-23T17:43:15+08:00","af33d7f","Gean Dhylan E. Mapesos","Initial commit"
"android-app","android-app/app/src/main/cpp/llama.cpp/examples/llama.android/app/proguard-rules.pro","2026-05-23T17:43:15+08:00","af33d7f","Gean Dhylan E. Mapesos","Initial commit"
"android-app","android-app/app/src/main/cpp/llama.cpp/examples/llama.android/app/src/main/AndroidManifest.xml","2026-05-23T17:43:15+08:00","af33d7f","Gean Dhylan E. Mapesos","Initial commit"
"android-app","android-app/app/src/main/cpp/llama.cpp/examples/llama.android/app/src/main/java/com/example/llama/Downloadable.kt","2026-05-23T17:43:15+08:00","af33d7f","Gean Dhylan E. Mapesos","Initial commit"
"android-app","android-app/app/src/main/cpp/llama.cpp/examples/llama.android/app/src/main/java/com/example/llama/MainActivity.kt","2026-05-23T17:43:15+08:00","af33d7f","Gean Dhylan E. Mapesos","Initial commit"
"android-app","android-app/app/src/main/cpp/llama.cpp/examples/llama.android/app/src/main/java/com/example/llama/MainViewModel.kt","2026-05-23T17:43:15+08:00","af33d7f","Gean Dhylan E. Mapesos","Initial commit"
"android-app","android-app/app/src/main/cpp/llama.cpp/examples/llama.android/app/src/main/java/com/example/llama/ui/theme/Color.kt","2026-05-23T17:43:15+08:00","af33d7f","Gean Dhylan E. Mapesos","Initial commit"
"android-app","android-app/app/src/main/cpp/llama.cpp/examples/llama.android/app/src/main/java/com/example/llama/ui/theme/Theme.kt","2026-05-23T17:43:15+08:00","af33d7f","Gean Dhylan E. Mapesos","Initial commit"
"android-app","android-app/app/src/main/cpp/llama.cpp/examples/llama.android/app/src/main/java/com/example/llama/ui/theme/Type.kt","2026-05-23T17:43:15+08:00","af33d7f","Gean Dhylan E. Mapesos","Initial commit"
"android-app","android-app/app/src/main/cpp/llama.cpp/examples/llama.android/app/src/main/res/drawable/ic_launcher_background.xml","2026-05-23T17:43:15+08:00","af33d7f","Gean Dhylan E. Mapesos","Initial commit"
"android-app","android-app/app/src/main/cpp/llama.cpp/examples/llama.android/app/src/main/res/drawable/ic_launcher_foreground.xml","2026-05-23T17:43:15+08:00","af33d7f","Gean Dhylan E. Mapesos","Initial commit"
"android-app","android-app/app/src/main/cpp/llama.cpp/examples/llama.android/app/src/main/res/mipmap-anydpi/ic_launcher.xml","2026-05-23T17:43:15+08:00","af33d7f","Gean Dhylan E. Mapesos","Initial commit"
"android-app","android-app/app/src/main/cpp/llama.cpp/examples/llama.android/app/src/main/res/mipmap-anydpi/ic_launcher_round.xml","2026-05-23T17:43:15+08:00","af33d7f","Gean Dhylan E. Mapesos","Initial commit"
"android-app","android-app/app/src/main/cpp/llama.cpp/examples/llama.android/app/src/main/res/mipmap-hdpi/ic_launcher.webp","2026-05-23T17:43:15+08:00","af33d7f","Gean Dhylan E. Mapesos","Initial commit"
"android-app","android-app/app/src/main/cpp/llama.cpp/examples/llama.android/app/src/main/res/mipmap-hdpi/ic_launcher_round.webp","2026-05-23T17:43:15+08:00","af33d7f","Gean Dhylan E. Mapesos","Initial commit"
"android-app","android-app/app/src/main/cpp/llama.cpp/examples/llama.android/app/src/main/res/mipmap-mdpi/ic_launcher.webp","2026-05-23T17:43:15+08:00","af33d7f","Gean Dhylan E. Mapesos","Initial commit"
"android-app","android-app/app/src/main/cpp/llama.cpp/examples/llama.android/app/src/main/res/mipmap-mdpi/ic_launcher_round.webp","2026-05-23T17:43:15+08:00","af33d7f","Gean Dhylan E. Mapesos","Initial commit"
"android-app","android-app/app/src/main/cpp/llama.cpp/examples/llama.android/app/src/main/res/mipmap-xhdpi/ic_launcher.webp","2026-05-23T17:43:15+08:00","af33d7f","Gean Dhylan E. Mapesos","Initial commit"
"android-app","android-app/app/src/main/cpp/llama.cpp/examples/llama.android/app/src/main/res/mipmap-xhdpi/ic_launcher_round.webp","2026-05-23T17:43:15+08:00","af33d7f","Gean Dhylan E. Mapesos","Initial commit"
"android-app","android-app/app/src/main/cpp/llama.cpp/examples/llama.android/app/src/main/res/mipmap-xxhdpi/ic_launcher.webp","2026-05-23T17:43:15+08:00","af33d7f","Gean Dhylan E. Mapesos","Initial commit"
"android-app","android-app/app/src/main/cpp/llama.cpp/examples/llama.android/app/src/main/res/mipmap-xxhdpi/ic_launcher_round.webp","2026-05-23T17:43:15+08:00","af33d7f","Gean Dhylan E. Mapesos","Initial commit"
"android-app","android-app/app/src/main/cpp/llama.cpp/examples/llama.android/app/src/main/res/mipmap-xxxhdpi/ic_launcher.webp","2026-05-23T17:43:15+08:00","af33d7f","Gean Dhylan E. Mapesos","Initial commit"
"android-app","android-app/app/src/main/cpp/llama.cpp/examples/llama.android/app/src/main/res/mipmap-xxxhdpi/ic_launcher_round.webp","2026-05-23T17:43:15+08:00","af33d7f","Gean Dhylan E. Mapesos","Initial commit"
"android-app","android-app/app/src/main/cpp/llama.cpp/examples/llama.android/app/src/main/res/values/colors.xml","2026-05-23T17:43:15+08:00","af33d7f","Gean Dhylan E. Mapesos","Initial commit"
"android-app","android-app/app/src/main/cpp/llama.cpp/examples/llama.android/app/src/main/res/values/strings.xml","2026-05-23T17:43:15+08:00","af33d7f","Gean Dhylan E. Mapesos","Initial commit"
"android-app","android-app/app/src/main/cpp/llama.cpp/examples/llama.android/app/src/main/res/values/themes.xml","2026-05-23T17:43:15+08:00","af33d7f","Gean Dhylan E. Mapesos","Initial commit"
"android-app","android-app/app/src/main/cpp/llama.cpp/examples/llama.android/app/src/main/res/xml/backup_rules.xml","2026-05-23T17:43:15+08:00","af33d7f","Gean Dhylan E. Mapesos","Initial commit"
"android-app","android-app/app/src/main/cpp/llama.cpp/examples/llama.android/app/src/main/res/xml/data_extraction_rules.xml","2026-05-23T17:43:15+08:00","af33d7f","Gean Dhylan E. Mapesos","Initial commit"
"android-app","android-app/app/src/main/cpp/llama.cpp/examples/llama.android/build.gradle.kts","2026-05-23T17:43:15+08:00","af33d7f","Gean Dhylan E. Mapesos","Initial commit"
"android-app","android-app/app/src/main/cpp/llama.cpp/examples/llama.android/gradle.properties","2026-05-23T17:43:15+08:00","af33d7f","Gean Dhylan E. Mapesos","Initial commit"
"android-app","android-app/app/src/main/cpp/llama.cpp/examples/llama.android/gradle/wrapper/gradle-wrapper.jar","2026-05-23T17:43:15+08:00","af33d7f","Gean Dhylan E. Mapesos","Initial commit"
"android-app","android-app/app/src/main/cpp/llama.cpp/examples/llama.android/gradle/wrapper/gradle-wrapper.properties","2026-05-23T17:43:15+08:00","af33d7f","Gean Dhylan E. Mapesos","Initial commit"
"android-app","android-app/app/src/main/cpp/llama.cpp/examples/llama.android/gradlew","2026-05-23T17:43:15+08:00","af33d7f","Gean Dhylan E. Mapesos","Initial commit"
"android-app","android-app/app/src/main/cpp/llama.cpp/examples/llama.android/llama/.gitignore","2026-05-23T17:43:15+08:00","af33d7f","Gean Dhylan E. Mapesos","Initial commit"
"android-app","android-app/app/src/main/cpp/llama.cpp/examples/llama.android/llama/build.gradle.kts","2026-05-23T17:43:15+08:00","af33d7f","Gean Dhylan E. Mapesos","Initial commit"
"android-app","android-app/app/src/main/cpp/llama.cpp/examples/llama.android/llama/consumer-rules.pro","2026-05-23T17:43:15+08:00","af33d7f","Gean Dhylan E. Mapesos","Initial commit"
"android-app","android-app/app/src/main/cpp/llama.cpp/examples/llama.android/llama/proguard-rules.pro","2026-05-23T17:43:15+08:00","af33d7f","Gean Dhylan E. Mapesos","Initial commit"
"android-app","android-app/app/src/main/cpp/llama.cpp/examples/llama.android/llama/src/androidTest/java/android/llama/cpp/ExampleInstrumentedTest.kt","2026-05-23T17:43:15+08:00","af33d7f","Gean Dhylan E. Mapesos","Initial commit"
"android-app","android-app/app/src/main/cpp/llama.cpp/examples/llama.android/llama/src/main/AndroidManifest.xml","2026-05-23T17:43:15+08:00","af33d7f","Gean Dhylan E. Mapesos","Initial commit"
"android-app","android-app/app/src/main/cpp/llama.cpp/examples/llama.android/llama/src/main/cpp/CMakeLists.txt","2026-05-23T17:43:15+08:00","af33d7f","Gean Dhylan E. Mapesos","Initial commit"
"android-app","android-app/app/src/main/cpp/llama.cpp/examples/llama.android/llama/src/main/cpp/llama-android.cpp","2026-05-23T17:43:15+08:00","af33d7f","Gean Dhylan E. Mapesos","Initial commit"
"android-app","android-app/app/src/main/cpp/llama.cpp/examples/llama.android/llama/src/main/java/android/llama/cpp/LLamaAndroid.kt","2026-05-23T17:43:15+08:00","af33d7f","Gean Dhylan E. Mapesos","Initial commit"
"android-app","android-app/app/src/main/cpp/llama.cpp/examples/llama.android/llama/src/test/java/android/llama/cpp/ExampleUnitTest.kt","2026-05-23T17:43:15+08:00","af33d7f","Gean Dhylan E. Mapesos","Initial commit"
"android-app","android-app/app/src/main/cpp/llama.cpp/examples/llama.android/settings.gradle.kts","2026-05-23T17:43:15+08:00","af33d7f","Gean Dhylan E. Mapesos","Initial commit"
"android-app","android-app/app/src/main/cpp/llama.cpp/examples/llama.swiftui/.gitignore","2026-05-23T17:43:15+08:00","af33d7f","Gean Dhylan E. Mapesos","Initial commit"
"android-app","android-app/app/src/main/cpp/llama.cpp/examples/llama.swiftui/README.md","2026-05-23T17:43:15+08:00","af33d7f","Gean Dhylan E. Mapesos","Initial commit"
"android-app","android-app/app/src/main/cpp/llama.cpp/examples/llama.swiftui/llama.cpp.swift/LibLlama.swift","2026-05-23T17:43:15+08:00","af33d7f","Gean Dhylan E. Mapesos","Initial commit"
"android-app","android-app/app/src/main/cpp/llama.cpp/examples/llama.swiftui/llama.swiftui.xcodeproj/project.pbxproj","2026-05-23T17:43:15+08:00","af33d7f","Gean Dhylan E. Mapesos","Initial commit"
"android-app","android-app/app/src/main/cpp/llama.cpp/examples/llama.swiftui/llama.swiftui.xcodeproj/project.xcworkspace/contents.xcworkspacedata","2026-05-23T17:43:15+08:00","af33d7f","Gean Dhylan E. Mapesos","Initial commit"
"android-app","android-app/app/src/main/cpp/llama.cpp/examples/llama.swiftui/llama.swiftui/Assets.xcassets/AppIcon.appiconset/Contents.json","2026-05-23T17:43:15+08:00","af33d7f","Gean Dhylan E. Mapesos","Initial commit"
"android-app","android-app/app/src/main/cpp/llama.cpp/examples/llama.swiftui/llama.swiftui/Assets.xcassets/Contents.json","2026-05-23T17:43:15+08:00","af33d7f","Gean Dhylan E. Mapesos","Initial commit"
"android-app","android-app/app/src/main/cpp/llama.cpp/examples/llama.swiftui/llama.swiftui/Models/LlamaState.swift","2026-05-23T17:43:15+08:00","af33d7f","Gean Dhylan E. Mapesos","Initial commit"
"android-app","android-app/app/src/main/cpp/llama.cpp/examples/llama.swiftui/llama.swiftui/Resources/models/.gitignore","2026-05-23T17:43:15+08:00","af33d7f","Gean Dhylan E. Mapesos","Initial commit"
"android-app","android-app/app/src/main/cpp/llama.cpp/examples/llama.swiftui/llama.swiftui/UI/ContentView.swift","2026-05-23T17:43:15+08:00","af33d7f","Gean Dhylan E. Mapesos","Initial commit"
"android-app","android-app/app/src/main/cpp/llama.cpp/examples/llama.swiftui/llama.swiftui/UI/DownloadButton.swift","2026-05-23T17:43:15+08:00","af33d7f","Gean Dhylan E. Mapesos","Initial commit"
"android-app","android-app/app/src/main/cpp/llama.cpp/examples/llama.swiftui/llama.swiftui/UI/InputButton.swift","2026-05-23T17:43:15+08:00","af33d7f","Gean Dhylan E. Mapesos","Initial commit"
"android-app","android-app/app/src/main/cpp/llama.cpp/examples/llama.swiftui/llama.swiftui/UI/LoadCustomButton.swift","2026-05-23T17:43:15+08:00","af33d7f","Gean Dhylan E. Mapesos","Initial commit"
"android-app","android-app/app/src/main/cpp/llama.cpp/examples/llama.swiftui/llama.swiftui/llama_swiftuiApp.swift","2026-05-23T17:43:15+08:00","af33d7f","Gean Dhylan E. Mapesos","Initial commit"
"android-app","android-app/app/src/main/cpp/llama.cpp/examples/llama.vim","2026-05-23T17:43:15+08:00","af33d7f","Gean Dhylan E. Mapesos","Initial commit"
"android-app","android-app/app/src/main/cpp/llama.cpp/examples/llava/CMakeLists.txt","2026-05-23T17:43:15+08:00","af33d7f","Gean Dhylan E. Mapesos","Initial commit"
"android-app","android-app/app/src/main/cpp/llama.cpp/examples/llava/MobileVLM-README.md","2026-05-23T17:43:15+08:00","af33d7f","Gean Dhylan E. Mapesos","Initial commit"
"android-app","android-app/app/src/main/cpp/llama.cpp/examples/llava/README-minicpmv2.5.md","2026-05-23T17:43:15+08:00","af33d7f","Gean Dhylan E. Mapesos","Initial commit"
"android-app","android-app/app/src/main/cpp/llama.cpp/examples/llava/README-minicpmv2.6.md","2026-05-23T17:43:15+08:00","af33d7f","Gean Dhylan E. Mapesos","Initial commit"
"android-app","android-app/app/src/main/cpp/llama.cpp/examples/llava/README.md","2026-05-23T17:43:15+08:00","af33d7f","Gean Dhylan E. Mapesos","Initial commit"
"android-app","android-app/app/src/main/cpp/llama.cpp/examples/llava/android/adb_run.sh","2026-05-23T17:43:15+08:00","af33d7f","Gean Dhylan E. Mapesos","Initial commit"
"android-app","android-app/app/src/main/cpp/llama.cpp/examples/llava/android/build_64.sh","2026-05-23T17:43:15+08:00","af33d7f","Gean Dhylan E. Mapesos","Initial commit"
"android-app","android-app/app/src/main/cpp/llama.cpp/examples/llava/clip.cpp","2026-05-23T17:43:15+08:00","af33d7f","Gean Dhylan E. Mapesos","Initial commit"
"android-app","android-app/app/src/main/cpp/llama.cpp/examples/llava/clip.h","2026-05-23T17:43:15+08:00","af33d7f","Gean Dhylan E. Mapesos","Initial commit"
"android-app","android-app/app/src/main/cpp/llama.cpp/examples/llava/convert_image_encoder_to_gguf.py","2026-05-23T17:43:15+08:00","af33d7f","Gean Dhylan E. Mapesos","Initial commit"
"android-app","android-app/app/src/main/cpp/llama.cpp/examples/llava/llava-cli.cpp","2026-05-23T17:43:15+08:00","af33d7f","Gean Dhylan E. Mapesos","Initial commit"
"android-app","android-app/app/src/main/cpp/llama.cpp/examples/llava/llava.cpp","2026-05-23T17:43:15+08:00","af33d7f","Gean Dhylan E. Mapesos","Initial commit"
"android-app","android-app/app/src/main/cpp/llama.cpp/examples/llava/llava.h","2026-05-23T17:43:15+08:00","af33d7f","Gean Dhylan E. Mapesos","Initial commit"
"android-app","android-app/app/src/main/cpp/llama.cpp/examples/llava/llava_surgery.py","2026-05-23T17:43:15+08:00","af33d7f","Gean Dhylan E. Mapesos","Initial commit"
"android-app","android-app/app/src/main/cpp/llama.cpp/examples/llava/llava_surgery_v2.py","2026-05-23T17:43:15+08:00","af33d7f","Gean Dhylan E. Mapesos","Initial commit"
"android-app","android-app/app/src/main/cpp/llama.cpp/examples/llava/minicpmv-cli.cpp","2026-05-23T17:43:15+08:00","af33d7f","Gean Dhylan E. Mapesos","Initial commit"
"android-app","android-app/app/src/main/cpp/llama.cpp/examples/llava/minicpmv-convert-image-encoder-to-gguf.py","2026-05-23T17:43:15+08:00","af33d7f","Gean Dhylan E. Mapesos","Initial commit"
"android-app","android-app/app/src/main/cpp/llama.cpp/examples/llava/minicpmv-surgery.py","2026-05-23T17:43:15+08:00","af33d7f","Gean Dhylan E. Mapesos","Initial commit"
"android-app","android-app/app/src/main/cpp/llama.cpp/examples/llava/requirements.txt","2026-05-23T17:43:15+08:00","af33d7f","Gean Dhylan E. Mapesos","Initial commit"
"android-app","android-app/app/src/main/cpp/llama.cpp/examples/llm.vim","2026-05-23T17:43:15+08:00","af33d7f","Gean Dhylan E. Mapesos","Initial commit"
"android-app","android-app/app/src/main/cpp/llama.cpp/examples/lookahead/CMakeLists.txt","2026-05-23T17:43:15+08:00","af33d7f","Gean Dhylan E. Mapesos","Initial commit"
"android-app","android-app/app/src/main/cpp/llama.cpp/examples/lookahead/README.md","2026-05-23T17:43:15+08:00","af33d7f","Gean Dhylan E. Mapesos","Initial commit"
"android-app","android-app/app/src/main/cpp/llama.cpp/examples/lookahead/lookahead.cpp","2026-05-23T17:43:15+08:00","af33d7f","Gean Dhylan E. Mapesos","Initial commit"
"android-app","android-app/app/src/main/cpp/llama.cpp/examples/lookup/CMakeLists.txt","2026-05-23T17:43:15+08:00","af33d7f","Gean Dhylan E. Mapesos","Initial commit"
"android-app","android-app/app/src/main/cpp/llama.cpp/examples/lookup/README.md","2026-05-23T17:43:15+08:00","af33d7f","Gean Dhylan E. Mapesos","Initial commit"
"android-app","android-app/app/src/main/cpp/llama.cpp/examples/lookup/lookup-create.cpp","2026-05-23T17:43:15+08:00","af33d7f","Gean Dhylan E. Mapesos","Initial commit"
"android-app","android-app/app/src/main/cpp/llama.cpp/examples/lookup/lookup-merge.cpp","2026-05-23T17:43:15+08:00","af33d7f","Gean Dhylan E. Mapesos","Initial commit"
"android-app","android-app/app/src/main/cpp/llama.cpp/examples/lookup/lookup-stats.cpp","2026-05-23T17:43:15+08:00","af33d7f","Gean Dhylan E. Mapesos","Initial commit"
"android-app","android-app/app/src/main/cpp/llama.cpp/examples/lookup/lookup.cpp","2026-05-23T17:43:15+08:00","af33d7f","Gean Dhylan E. Mapesos","Initial commit"
"android-app","android-app/app/src/main/cpp/llama.cpp/examples/main-cmake-pkg/.gitignore","2026-05-23T17:43:15+08:00","af33d7f","Gean Dhylan E. Mapesos","Initial commit"
"android-app","android-app/app/src/main/cpp/llama.cpp/examples/main-cmake-pkg/CMakeLists.txt","2026-05-23T17:43:15+08:00","af33d7f","Gean Dhylan E. Mapesos","Initial commit"
"android-app","android-app/app/src/main/cpp/llama.cpp/examples/main-cmake-pkg/README.md","2026-05-23T17:43:15+08:00","af33d7f","Gean Dhylan E. Mapesos","Initial commit"
"android-app","android-app/app/src/main/cpp/llama.cpp/examples/main/CMakeLists.txt","2026-05-23T17:43:15+08:00","af33d7f","Gean Dhylan E. Mapesos","Initial commit"
"android-app","android-app/app/src/main/cpp/llama.cpp/examples/main/README.md","2026-05-23T17:43:15+08:00","af33d7f","Gean Dhylan E. Mapesos","Initial commit"
"android-app","android-app/app/src/main/cpp/llama.cpp/examples/main/main.cpp","2026-05-23T17:43:15+08:00","af33d7f","Gean Dhylan E. Mapesos","Initial commit"
"android-app","android-app/app/src/main/cpp/llama.cpp/examples/parallel/CMakeLists.txt","2026-05-23T17:43:15+08:00","af33d7f","Gean Dhylan E. Mapesos","Initial commit"
"android-app","android-app/app/src/main/cpp/llama.cpp/examples/parallel/README.md","2026-05-23T17:43:15+08:00","af33d7f","Gean Dhylan E. Mapesos","Initial commit"
"android-app","android-app/app/src/main/cpp/llama.cpp/examples/parallel/parallel.cpp","2026-05-23T17:43:15+08:00","af33d7f","Gean Dhylan E. Mapesos","Initial commit"
"android-app","android-app/app/src/main/cpp/llama.cpp/examples/passkey/CMakeLists.txt","2026-05-23T17:43:15+08:00","af33d7f","Gean Dhylan E. Mapesos","Initial commit"
"android-app","android-app/app/src/main/cpp/llama.cpp/examples/passkey/README.md","2026-05-23T17:43:15+08:00","af33d7f","Gean Dhylan E. Mapesos","Initial commit"
"android-app","android-app/app/src/main/cpp/llama.cpp/examples/passkey/passkey.cpp","2026-05-23T17:43:15+08:00","af33d7f","Gean Dhylan E. Mapesos","Initial commit"
"android-app","android-app/app/src/main/cpp/llama.cpp/examples/perplexity/CMakeLists.txt","2026-05-23T17:43:15+08:00","af33d7f","Gean Dhylan E. Mapesos","Initial commit"
"android-app","android-app/app/src/main/cpp/llama.cpp/examples/perplexity/README.md","2026-05-23T17:43:15+08:00","af33d7f","Gean Dhylan E. Mapesos","Initial commit"
"android-app","android-app/app/src/main/cpp/llama.cpp/examples/perplexity/perplexity.cpp","2026-05-23T17:43:15+08:00","af33d7f","Gean Dhylan E. Mapesos","Initial commit"
"android-app","android-app/app/src/main/cpp/llama.cpp/examples/pydantic_models_to_grammar.py","2026-05-23T17:43:15+08:00","af33d7f","Gean Dhylan E. Mapesos","Initial commit"
"android-app","android-app/app/src/main/cpp/llama.cpp/examples/pydantic_models_to_grammar_examples.py","2026-05-23T17:43:15+08:00","af33d7f","Gean Dhylan E. Mapesos","Initial commit"
"android-app","android-app/app/src/main/cpp/llama.cpp/examples/quantize-stats/CMakeLists.txt","2026-05-23T17:43:15+08:00","af33d7f","Gean Dhylan E. Mapesos","Initial commit"
"android-app","android-app/app/src/main/cpp/llama.cpp/examples/quantize-stats/quantize-stats.cpp","2026-05-23T17:43:15+08:00","af33d7f","Gean Dhylan E. Mapesos","Initial commit"
"android-app","android-app/app/src/main/cpp/llama.cpp/examples/quantize/CMakeLists.txt","2026-05-23T17:43:15+08:00","af33d7f","Gean Dhylan E. Mapesos","Initial commit"
"android-app","android-app/app/src/main/cpp/llama.cpp/examples/quantize/README.md","2026-05-23T17:43:15+08:00","af33d7f","Gean Dhylan E. Mapesos","Initial commit"
"android-app","android-app/app/src/main/cpp/llama.cpp/examples/quantize/quantize.cpp","2026-05-23T17:43:15+08:00","af33d7f","Gean Dhylan E. Mapesos","Initial commit"
"android-app","android-app/app/src/main/cpp/llama.cpp/examples/quantize/tests.sh","2026-05-23T17:43:15+08:00","af33d7f","Gean Dhylan E. Mapesos","Initial commit"
"android-app","android-app/app/src/main/cpp/llama.cpp/examples/reason-act.sh","2026-05-23T17:43:15+08:00","af33d7f","Gean Dhylan E. Mapesos","Initial commit"
"android-app","android-app/app/src/main/cpp/llama.cpp/examples/regex_to_grammar.py","2026-05-23T17:43:15+08:00","af33d7f","Gean Dhylan E. Mapesos","Initial commit"
"android-app","android-app/app/src/main/cpp/llama.cpp/examples/retrieval/CMakeLists.txt","2026-05-23T17:43:15+08:00","af33d7f","Gean Dhylan E. Mapesos","Initial commit"
"android-app","android-app/app/src/main/cpp/llama.cpp/examples/retrieval/README.md","2026-05-23T17:43:15+08:00","af33d7f","Gean Dhylan E. Mapesos","Initial commit"
"android-app","android-app/app/src/main/cpp/llama.cpp/examples/retrieval/retrieval.cpp","2026-05-23T17:43:15+08:00","af33d7f","Gean Dhylan E. Mapesos","Initial commit"
"android-app","android-app/app/src/main/cpp/llama.cpp/examples/rpc/CMakeLists.txt","2026-05-23T17:43:15+08:00","af33d7f","Gean Dhylan E. Mapesos","Initial commit"
"android-app","android-app/app/src/main/cpp/llama.cpp/examples/rpc/README.md","2026-05-23T17:43:15+08:00","af33d7f","Gean Dhylan E. Mapesos","Initial commit"
"android-app","android-app/app/src/main/cpp/llama.cpp/examples/rpc/rpc-server.cpp","2026-05-23T17:43:15+08:00","af33d7f","Gean Dhylan E. Mapesos","Initial commit"
"android-app","android-app/app/src/main/cpp/llama.cpp/examples/run/CMakeLists.txt","2026-05-23T17:43:15+08:00","af33d7f","Gean Dhylan E. Mapesos","Initial commit"
"android-app","android-app/app/src/main/cpp/llama.cpp/examples/run/README.md","2026-05-23T17:43:15+08:00","af33d7f","Gean Dhylan E. Mapesos","Initial commit"
"android-app","android-app/app/src/main/cpp/llama.cpp/examples/run/run.cpp","2026-05-23T17:43:15+08:00","af33d7f","Gean Dhylan E. Mapesos","Initial commit"
"android-app","android-app/app/src/main/cpp/llama.cpp/examples/save-load-state/CMakeLists.txt","2026-05-23T17:43:15+08:00","af33d7f","Gean Dhylan E. Mapesos","Initial commit"
"android-app","android-app/app/src/main/cpp/llama.cpp/examples/save-load-state/save-load-state.cpp","2026-05-23T17:43:15+08:00","af33d7f","Gean Dhylan E. Mapesos","Initial commit"
"android-app","android-app/app/src/main/cpp/llama.cpp/examples/server-llama2-13B.sh","2026-05-23T17:43:15+08:00","af33d7f","Gean Dhylan E. Mapesos","Initial commit"
"android-app","android-app/app/src/main/cpp/llama.cpp/examples/server/CMakeLists.txt","2026-05-23T17:43:15+08:00","af33d7f","Gean Dhylan E. Mapesos","Initial commit"
"android-app","android-app/app/src/main/cpp/llama.cpp/examples/server/README.md","2026-05-23T17:43:15+08:00","af33d7f","Gean Dhylan E. Mapesos","Initial commit"
"android-app","android-app/app/src/main/cpp/llama.cpp/examples/server/bench/README.md","2026-05-23T17:43:15+08:00","af33d7f","Gean Dhylan E. Mapesos","Initial commit"
"android-app","android-app/app/src/main/cpp/llama.cpp/examples/server/bench/bench.py","2026-05-23T17:43:15+08:00","af33d7f","Gean Dhylan E. Mapesos","Initial commit"
"android-app","android-app/app/src/main/cpp/llama.cpp/examples/server/bench/prometheus.yml","2026-05-23T17:43:15+08:00","af33d7f","Gean Dhylan E. Mapesos","Initial commit"
"android-app","android-app/app/src/main/cpp/llama.cpp/examples/server/bench/requirements.txt","2026-05-23T17:43:15+08:00","af33d7f","Gean Dhylan E. Mapesos","Initial commit"
"android-app","android-app/app/src/main/cpp/llama.cpp/examples/server/bench/script.js","2026-05-23T17:43:15+08:00","af33d7f","Gean Dhylan E. Mapesos","Initial commit"
"android-app","android-app/app/src/main/cpp/llama.cpp/examples/server/chat-llama2.sh","2026-05-23T17:43:15+08:00","af33d7f","Gean Dhylan E. Mapesos","Initial commit"
"android-app","android-app/app/src/main/cpp/llama.cpp/examples/server/chat.mjs","2026-05-23T17:43:15+08:00","af33d7f","Gean Dhylan E. Mapesos","Initial commit"
"android-app","android-app/app/src/main/cpp/llama.cpp/examples/server/chat.sh","2026-05-23T17:43:15+08:00","af33d7f","Gean Dhylan E. Mapesos","Initial commit"
"android-app","android-app/app/src/main/cpp/llama.cpp/examples/server/httplib.h","2026-05-23T17:43:15+08:00","af33d7f","Gean Dhylan E. Mapesos","Initial commit"
"android-app","android-app/app/src/main/cpp/llama.cpp/examples/server/public/index.html","2026-05-23T17:43:15+08:00","af33d7f","Gean Dhylan E. Mapesos","Initial commit"
"android-app","android-app/app/src/main/cpp/llama.cpp/examples/server/public/loading.html","2026-05-23T17:43:15+08:00","af33d7f","Gean Dhylan E. Mapesos","Initial commit"
"android-app","android-app/app/src/main/cpp/llama.cpp/examples/server/public_legacy/colorthemes.css","2026-05-23T17:43:15+08:00","af33d7f","Gean Dhylan E. Mapesos","Initial commit"
"android-app","android-app/app/src/main/cpp/llama.cpp/examples/server/public_legacy/completion.js","2026-05-23T17:43:15+08:00","af33d7f","Gean Dhylan E. Mapesos","Initial commit"
"android-app","android-app/app/src/main/cpp/llama.cpp/examples/server/public_legacy/favicon.ico","2026-05-23T17:43:15+08:00","af33d7f","Gean Dhylan E. Mapesos","Initial commit"
"android-app","android-app/app/src/main/cpp/llama.cpp/examples/server/public_legacy/index-new.html","2026-05-23T17:43:15+08:00","af33d7f","Gean Dhylan E. Mapesos","Initial commit"
"android-app","android-app/app/src/main/cpp/llama.cpp/examples/server/public_legacy/index.html","2026-05-23T17:43:15+08:00","af33d7f","Gean Dhylan E. Mapesos","Initial commit"
"android-app","android-app/app/src/main/cpp/llama.cpp/examples/server/public_legacy/index.js","2026-05-23T17:43:15+08:00","af33d7f","Gean Dhylan E. Mapesos","Initial commit"
"android-app","android-app/app/src/main/cpp/llama.cpp/examples/server/public_legacy/json-schema-to-grammar.mjs","2026-05-23T17:43:15+08:00","af33d7f","Gean Dhylan E. Mapesos","Initial commit"
"android-app","android-app/app/src/main/cpp/llama.cpp/examples/server/public_legacy/loading.html","2026-05-23T17:43:15+08:00","af33d7f","Gean Dhylan E. Mapesos","Initial commit"
"android-app","android-app/app/src/main/cpp/llama.cpp/examples/server/public_legacy/prompt-formats.js","2026-05-23T17:43:15+08:00","af33d7f","Gean Dhylan E. Mapesos","Initial commit"
"android-app","android-app/app/src/main/cpp/llama.cpp/examples/server/public_legacy/style.css","2026-05-23T17:43:15+08:00","af33d7f","Gean Dhylan E. Mapesos","Initial commit"
"android-app","android-app/app/src/main/cpp/llama.cpp/examples/server/public_legacy/system-prompts.js","2026-05-23T17:43:15+08:00","af33d7f","Gean Dhylan E. Mapesos","Initial commit"
"android-app","android-app/app/src/main/cpp/llama.cpp/examples/server/public_legacy/theme-beeninorder.css","2026-05-23T17:43:15+08:00","af33d7f","Gean Dhylan E. Mapesos","Initial commit"
"android-app","android-app/app/src/main/cpp/llama.cpp/examples/server/public_legacy/theme-ketivah.css","2026-05-23T17:43:15+08:00","af33d7f","Gean Dhylan E. Mapesos","Initial commit"
"android-app","android-app/app/src/main/cpp/llama.cpp/examples/server/public_legacy/theme-mangotango.css","2026-05-23T17:43:15+08:00","af33d7f","Gean Dhylan E. Mapesos","Initial commit"
"android-app","android-app/app/src/main/cpp/llama.cpp/examples/server/public_legacy/theme-playground.css","2026-05-23T17:43:15+08:00","af33d7f","Gean Dhylan E. Mapesos","Initial commit"
"android-app","android-app/app/src/main/cpp/llama.cpp/examples/server/public_legacy/theme-polarnight.css","2026-05-23T17:43:15+08:00","af33d7f","Gean Dhylan E. Mapesos","Initial commit"
"android-app","android-app/app/src/main/cpp/llama.cpp/examples/server/public_legacy/theme-snowstorm.css","2026-05-23T17:43:15+08:00","af33d7f","Gean Dhylan E. Mapesos","Initial commit"
"android-app","android-app/app/src/main/cpp/llama.cpp/examples/server/public_simplechat/datautils.mjs","2026-05-23T17:43:15+08:00","af33d7f","Gean Dhylan E. Mapesos","Initial commit"
"android-app","android-app/app/src/main/cpp/llama.cpp/examples/server/public_simplechat/index.html","2026-05-23T17:43:15+08:00","af33d7f","Gean Dhylan E. Mapesos","Initial commit"
"android-app","android-app/app/src/main/cpp/llama.cpp/examples/server/public_simplechat/readme.md","2026-05-23T17:43:15+08:00","af33d7f","Gean Dhylan E. Mapesos","Initial commit"
"android-app","android-app/app/src/main/cpp/llama.cpp/examples/server/public_simplechat/simplechat.css","2026-05-23T17:43:15+08:00","af33d7f","Gean Dhylan E. Mapesos","Initial commit"
"android-app","android-app/app/src/main/cpp/llama.cpp/examples/server/public_simplechat/simplechat.js","2026-05-23T17:43:15+08:00","af33d7f","Gean Dhylan E. Mapesos","Initial commit"
"android-app","android-app/app/src/main/cpp/llama.cpp/examples/server/public_simplechat/simplechat_screens.webp","2026-05-23T17:43:15+08:00","af33d7f","Gean Dhylan E. Mapesos","Initial commit"
"android-app","android-app/app/src/main/cpp/llama.cpp/examples/server/public_simplechat/ui.mjs","2026-05-23T17:43:15+08:00","af33d7f","Gean Dhylan E. Mapesos","Initial commit"
"android-app","android-app/app/src/main/cpp/llama.cpp/examples/server/server.cpp","2026-05-23T17:43:15+08:00","af33d7f","Gean Dhylan E. Mapesos","Initial commit"
"android-app","android-app/app/src/main/cpp/llama.cpp/examples/server/tests/.gitignore","2026-05-23T17:43:15+08:00","af33d7f","Gean Dhylan E. Mapesos","Initial commit"
"android-app","android-app/app/src/main/cpp/llama.cpp/examples/server/tests/README.md","2026-05-23T17:43:15+08:00","af33d7f","Gean Dhylan E. Mapesos","Initial commit"
"android-app","android-app/app/src/main/cpp/llama.cpp/examples/server/tests/conftest.py","2026-05-23T17:43:15+08:00","af33d7f","Gean Dhylan E. Mapesos","Initial commit"
"android-app","android-app/app/src/main/cpp/llama.cpp/examples/server/tests/requirements.txt","2026-05-23T17:43:15+08:00","af33d7f","Gean Dhylan E. Mapesos","Initial commit"
"android-app","android-app/app/src/main/cpp/llama.cpp/examples/server/tests/tests.sh","2026-05-23T17:43:15+08:00","af33d7f","Gean Dhylan E. Mapesos","Initial commit"
"android-app","android-app/app/src/main/cpp/llama.cpp/examples/server/tests/unit/test_basic.py","2026-05-23T17:43:15+08:00","af33d7f","Gean Dhylan E. Mapesos","Initial commit"
"android-app","android-app/app/src/main/cpp/llama.cpp/examples/server/tests/unit/test_chat_completion.py","2026-05-23T17:43:15+08:00","af33d7f","Gean Dhylan E. Mapesos","Initial commit"
"android-app","android-app/app/src/main/cpp/llama.cpp/examples/server/tests/unit/test_completion.py","2026-05-23T17:43:15+08:00","af33d7f","Gean Dhylan E. Mapesos","Initial commit"
"android-app","android-app/app/src/main/cpp/llama.cpp/examples/server/tests/unit/test_ctx_shift.py","2026-05-23T17:43:15+08:00","af33d7f","Gean Dhylan E. Mapesos","Initial commit"
"android-app","android-app/app/src/main/cpp/llama.cpp/examples/server/tests/unit/test_embedding.py","2026-05-23T17:43:15+08:00","af33d7f","Gean Dhylan E. Mapesos","Initial commit"
"android-app","android-app/app/src/main/cpp/llama.cpp/examples/server/tests/unit/test_infill.py","2026-05-23T17:43:15+08:00","af33d7f","Gean Dhylan E. Mapesos","Initial commit"
"android-app","android-app/app/src/main/cpp/llama.cpp/examples/server/tests/unit/test_lora.py","2026-05-23T17:43:15+08:00","af33d7f","Gean Dhylan E. Mapesos","Initial commit"
"android-app","android-app/app/src/main/cpp/llama.cpp/examples/server/tests/unit/test_rerank.py","2026-05-23T17:43:15+08:00","af33d7f","Gean Dhylan E. Mapesos","Initial commit"
"android-app","android-app/app/src/main/cpp/llama.cpp/examples/server/tests/unit/test_security.py","2026-05-23T17:43:15+08:00","af33d7f","Gean Dhylan E. Mapesos","Initial commit"
"android-app","android-app/app/src/main/cpp/llama.cpp/examples/server/tests/unit/test_slot_save.py","2026-05-23T17:43:15+08:00","af33d7f","Gean Dhylan E. Mapesos","Initial commit"
"android-app","android-app/app/src/main/cpp/llama.cpp/examples/server/tests/unit/test_speculative.py","2026-05-23T17:43:15+08:00","af33d7f","Gean Dhylan E. Mapesos","Initial commit"
"android-app","android-app/app/src/main/cpp/llama.cpp/examples/server/tests/unit/test_tokenize.py","2026-05-23T17:43:15+08:00","af33d7f","Gean Dhylan E. Mapesos","Initial commit"
"android-app","android-app/app/src/main/cpp/llama.cpp/examples/server/tests/utils.py","2026-05-23T17:43:15+08:00","af33d7f","Gean Dhylan E. Mapesos","Initial commit"
"android-app","android-app/app/src/main/cpp/llama.cpp/examples/server/themes/README.md","2026-05-23T17:43:15+08:00","af33d7f","Gean Dhylan E. Mapesos","Initial commit"
"android-app","android-app/app/src/main/cpp/llama.cpp/examples/server/themes/buttons-top/README.md","2026-05-23T17:43:15+08:00","af33d7f","Gean Dhylan E. Mapesos","Initial commit"
"android-app","android-app/app/src/main/cpp/llama.cpp/examples/server/themes/buttons-top/buttons_top.png","2026-05-23T17:43:15+08:00","af33d7f","Gean Dhylan E. Mapesos","Initial commit"
"android-app","android-app/app/src/main/cpp/llama.cpp/examples/server/themes/buttons-top/favicon.ico","2026-05-23T17:43:15+08:00","af33d7f","Gean Dhylan E. Mapesos","Initial commit"
"android-app","android-app/app/src/main/cpp/llama.cpp/examples/server/themes/buttons-top/index.html","2026-05-23T17:43:15+08:00","af33d7f","Gean Dhylan E. Mapesos","Initial commit"
"android-app","android-app/app/src/main/cpp/llama.cpp/examples/server/themes/wild/README.md","2026-05-23T17:43:15+08:00","af33d7f","Gean Dhylan E. Mapesos","Initial commit"
"android-app","android-app/app/src/main/cpp/llama.cpp/examples/server/themes/wild/favicon.ico","2026-05-23T17:43:15+08:00","af33d7f","Gean Dhylan E. Mapesos","Initial commit"
"android-app","android-app/app/src/main/cpp/llama.cpp/examples/server/themes/wild/index.html","2026-05-23T17:43:15+08:00","af33d7f","Gean Dhylan E. Mapesos","Initial commit"
"android-app","android-app/app/src/main/cpp/llama.cpp/examples/server/themes/wild/llama_cpp.png","2026-05-23T17:43:15+08:00","af33d7f","Gean Dhylan E. Mapesos","Initial commit"
"android-app","android-app/app/src/main/cpp/llama.cpp/examples/server/themes/wild/llamapattern.png","2026-05-23T17:43:15+08:00","af33d7f","Gean Dhylan E. Mapesos","Initial commit"
"android-app","android-app/app/src/main/cpp/llama.cpp/examples/server/themes/wild/wild.png","2026-05-23T17:43:15+08:00","af33d7f","Gean Dhylan E. Mapesos","Initial commit"
"android-app","android-app/app/src/main/cpp/llama.cpp/examples/server/utils.hpp","2026-05-23T17:43:15+08:00","af33d7f","Gean Dhylan E. Mapesos","Initial commit"
"android-app","android-app/app/src/main/cpp/llama.cpp/examples/server/webui/index.html","2026-05-23T17:43:15+08:00","af33d7f","Gean Dhylan E. Mapesos","Initial commit"
"android-app","android-app/app/src/main/cpp/llama.cpp/examples/server/webui/package-lock.json","2026-05-23T17:43:15+08:00","af33d7f","Gean Dhylan E. Mapesos","Initial commit"
"android-app","android-app/app/src/main/cpp/llama.cpp/examples/server/webui/package.json","2026-05-23T17:43:15+08:00","af33d7f","Gean Dhylan E. Mapesos","Initial commit"
"android-app","android-app/app/src/main/cpp/llama.cpp/examples/server/webui/postcss.config.js","2026-05-23T17:43:15+08:00","af33d7f","Gean Dhylan E. Mapesos","Initial commit"
"android-app","android-app/app/src/main/cpp/llama.cpp/examples/server/webui/src/completion.js","2026-05-23T17:43:15+08:00","af33d7f","Gean Dhylan E. Mapesos","Initial commit"
"android-app","android-app/app/src/main/cpp/llama.cpp/examples/server/webui/src/main.js","2026-05-23T17:43:15+08:00","af33d7f","Gean Dhylan E. Mapesos","Initial commit"
"android-app","android-app/app/src/main/cpp/llama.cpp/examples/server/webui/src/styles.css","2026-05-23T17:43:15+08:00","af33d7f","Gean Dhylan E. Mapesos","Initial commit"
"android-app","android-app/app/src/main/cpp/llama.cpp/examples/server/webui/tailwind.config.js","2026-05-23T17:43:15+08:00","af33d7f","Gean Dhylan E. Mapesos","Initial commit"
"android-app","android-app/app/src/main/cpp/llama.cpp/examples/server/webui/vite.config.js","2026-05-23T17:43:15+08:00","af33d7f","Gean Dhylan E. Mapesos","Initial commit"
"android-app","android-app/app/src/main/cpp/llama.cpp/examples/server_embd.py","2026-05-23T17:43:15+08:00","af33d7f","Gean Dhylan E. Mapesos","Initial commit"
"android-app","android-app/app/src/main/cpp/llama.cpp/examples/simple-chat/CMakeLists.txt","2026-05-23T17:43:15+08:00","af33d7f","Gean Dhylan E. Mapesos","Initial commit"
"android-app","android-app/app/src/main/cpp/llama.cpp/examples/simple-chat/README.md","2026-05-23T17:43:15+08:00","af33d7f","Gean Dhylan E. Mapesos","Initial commit"
"android-app","android-app/app/src/main/cpp/llama.cpp/examples/simple-chat/simple-chat.cpp","2026-05-23T17:43:15+08:00","af33d7f","Gean Dhylan E. Mapesos","Initial commit"
"android-app","android-app/app/src/main/cpp/llama.cpp/examples/simple/CMakeLists.txt","2026-05-23T17:43:15+08:00","af33d7f","Gean Dhylan E. Mapesos","Initial commit"
"android-app","android-app/app/src/main/cpp/llama.cpp/examples/simple/README.md","2026-05-23T17:43:15+08:00","af33d7f","Gean Dhylan E. Mapesos","Initial commit"
"android-app","android-app/app/src/main/cpp/llama.cpp/examples/simple/simple.cpp","2026-05-23T17:43:15+08:00","af33d7f","Gean Dhylan E. Mapesos","Initial commit"
"android-app","android-app/app/src/main/cpp/llama.cpp/examples/speculative-simple/CMakeLists.txt","2026-05-23T17:43:15+08:00","af33d7f","Gean Dhylan E. Mapesos","Initial commit"
"android-app","android-app/app/src/main/cpp/llama.cpp/examples/speculative-simple/README.md","2026-05-23T17:43:15+08:00","af33d7f","Gean Dhylan E. Mapesos","Initial commit"
"android-app","android-app/app/src/main/cpp/llama.cpp/examples/speculative-simple/speculative-simple.cpp","2026-05-23T17:43:15+08:00","af33d7f","Gean Dhylan E. Mapesos","Initial commit"
"android-app","android-app/app/src/main/cpp/llama.cpp/examples/speculative/CMakeLists.txt","2026-05-23T17:43:15+08:00","af33d7f","Gean Dhylan E. Mapesos","Initial commit"
"android-app","android-app/app/src/main/cpp/llama.cpp/examples/speculative/README.md","2026-05-23T17:43:15+08:00","af33d7f","Gean Dhylan E. Mapesos","Initial commit"
"android-app","android-app/app/src/main/cpp/llama.cpp/examples/speculative/speculative.cpp","2026-05-23T17:43:15+08:00","af33d7f","Gean Dhylan E. Mapesos","Initial commit"
"android-app","android-app/app/src/main/cpp/llama.cpp/examples/sycl/CMakeLists.txt","2026-05-23T17:43:15+08:00","af33d7f","Gean Dhylan E. Mapesos","Initial commit"
"android-app","android-app/app/src/main/cpp/llama.cpp/examples/sycl/README.md","2026-05-23T17:43:15+08:00","af33d7f","Gean Dhylan E. Mapesos","Initial commit"
"android-app","android-app/app/src/main/cpp/llama.cpp/examples/sycl/build.sh","2026-05-23T17:43:15+08:00","af33d7f","Gean Dhylan E. Mapesos","Initial commit"
"android-app","android-app/app/src/main/cpp/llama.cpp/examples/sycl/ls-sycl-device.cpp","2026-05-23T17:43:15+08:00","af33d7f","Gean Dhylan E. Mapesos","Initial commit"
"android-app","android-app/app/src/main/cpp/llama.cpp/examples/sycl/run-llama2.sh","2026-05-23T17:43:15+08:00","af33d7f","Gean Dhylan E. Mapesos","Initial commit"
"android-app","android-app/app/src/main/cpp/llama.cpp/examples/sycl/win-build-sycl.bat","2026-05-23T17:43:15+08:00","af33d7f","Gean Dhylan E. Mapesos","Initial commit"
"android-app","android-app/app/src/main/cpp/llama.cpp/examples/sycl/win-run-llama2.bat","2026-05-23T17:43:15+08:00","af33d7f","Gean Dhylan E. Mapesos","Initial commit"
"android-app","android-app/app/src/main/cpp/llama.cpp/examples/tokenize/CMakeLists.txt","2026-05-23T17:43:15+08:00","af33d7f","Gean Dhylan E. Mapesos","Initial commit"
"android-app","android-app/app/src/main/cpp/llama.cpp/examples/tokenize/tokenize.cpp","2026-05-23T17:43:15+08:00","af33d7f","Gean Dhylan E. Mapesos","Initial commit"
"android-app","android-app/app/src/main/cpp/llama.cpp/examples/ts-type-to-grammar.sh","2026-05-23T17:43:15+08:00","af33d7f","Gean Dhylan E. Mapesos","Initial commit"
"android-app","android-app/app/src/main/cpp/llama.cpp/flake.lock","2026-05-23T17:43:15+08:00","af33d7f","Gean Dhylan E. Mapesos","Initial commit"
"android-app","android-app/app/src/main/cpp/llama.cpp/flake.nix","2026-05-23T17:43:15+08:00","af33d7f","Gean Dhylan E. Mapesos","Initial commit"
"android-app","android-app/app/src/main/cpp/llama.cpp/ggml/.gitignore","2026-05-23T17:43:15+08:00","af33d7f","Gean Dhylan E. Mapesos","Initial commit"
"android-app","android-app/app/src/main/cpp/llama.cpp/ggml/CMakeLists.txt","2026-05-25T07:37:00+08:00","af05997","Gean Dhylan E. Mapesos","Update llama.cpp vendor for mtmd"
"android-app","android-app/app/src/main/cpp/llama.cpp/ggml/cmake/FindNCCL.cmake","2026-05-25T07:37:00+08:00","af05997","Gean Dhylan E. Mapesos","Update llama.cpp vendor for mtmd"
"android-app","android-app/app/src/main/cpp/llama.cpp/ggml/cmake/GitVars.cmake","2026-05-25T07:37:00+08:00","af05997","Gean Dhylan E. Mapesos","Update llama.cpp vendor for mtmd"
"android-app","android-app/app/src/main/cpp/llama.cpp/ggml/cmake/common.cmake","2026-05-25T07:37:00+08:00","af05997","Gean Dhylan E. Mapesos","Update llama.cpp vendor for mtmd"
"android-app","android-app/app/src/main/cpp/llama.cpp/ggml/cmake/ggml-config.cmake.in","2026-05-25T07:37:00+08:00","af05997","Gean Dhylan E. Mapesos","Update llama.cpp vendor for mtmd"
"android-app","android-app/app/src/main/cpp/llama.cpp/ggml/include/ggml-alloc.h","2026-05-25T07:37:00+08:00","af05997","Gean Dhylan E. Mapesos","Update llama.cpp vendor for mtmd"
"android-app","android-app/app/src/main/cpp/llama.cpp/ggml/include/ggml-backend.h","2026-05-25T07:37:00+08:00","af05997","Gean Dhylan E. Mapesos","Update llama.cpp vendor for mtmd"
"android-app","android-app/app/src/main/cpp/llama.cpp/ggml/include/ggml-blas.h","2026-05-23T17:43:15+08:00","af33d7f","Gean Dhylan E. Mapesos","Initial commit"
"android-app","android-app/app/src/main/cpp/llama.cpp/ggml/include/ggml-cann.h","2026-05-25T07:37:00+08:00","af05997","Gean Dhylan E. Mapesos","Update llama.cpp vendor for mtmd"
"android-app","android-app/app/src/main/cpp/llama.cpp/ggml/include/ggml-cpp.h","2026-05-25T07:37:00+08:00","af05997","Gean Dhylan E. Mapesos","Update llama.cpp vendor for mtmd"
"android-app","android-app/app/src/main/cpp/llama.cpp/ggml/include/ggml-cpu.h","2026-05-25T07:37:00+08:00","af05997","Gean Dhylan E. Mapesos","Update llama.cpp vendor for mtmd"
"android-app","android-app/app/src/main/cpp/llama.cpp/ggml/include/ggml-cuda.h","2026-05-25T07:37:00+08:00","af05997","Gean Dhylan E. Mapesos","Update llama.cpp vendor for mtmd"
"android-app","android-app/app/src/main/cpp/llama.cpp/ggml/include/ggml-hexagon.h","2026-05-25T07:37:00+08:00","af05997","Gean Dhylan E. Mapesos","Update llama.cpp vendor for mtmd"
"android-app","android-app/app/src/main/cpp/llama.cpp/ggml/include/ggml-metal.h","2026-05-25T07:37:00+08:00","af05997","Gean Dhylan E. Mapesos","Update llama.cpp vendor for mtmd"
"android-app","android-app/app/src/main/cpp/llama.cpp/ggml/include/ggml-opencl.h","2026-05-25T07:37:00+08:00","af05997","Gean Dhylan E. Mapesos","Update llama.cpp vendor for mtmd"
"android-app","android-app/app/src/main/cpp/llama.cpp/ggml/include/ggml-openvino.h","2026-05-25T07:37:00+08:00","af05997","Gean Dhylan E. Mapesos","Update llama.cpp vendor for mtmd"
"android-app","android-app/app/src/main/cpp/llama.cpp/ggml/include/ggml-opt.h","2026-05-25T07:37:00+08:00","af05997","Gean Dhylan E. Mapesos","Update llama.cpp vendor for mtmd"
"android-app","android-app/app/src/main/cpp/llama.cpp/ggml/include/ggml-rpc.h","2026-05-25T07:37:00+08:00","af05997","Gean Dhylan E. Mapesos","Update llama.cpp vendor for mtmd"
"android-app","android-app/app/src/main/cpp/llama.cpp/ggml/include/ggml-sycl.h","2026-05-23T17:43:15+08:00","af33d7f","Gean Dhylan E. Mapesos","Initial commit"
"android-app","android-app/app/src/main/cpp/llama.cpp/ggml/include/ggml-virtgpu.h","2026-05-25T07:37:00+08:00","af05997","Gean Dhylan E. Mapesos","Update llama.cpp vendor for mtmd"
"android-app","android-app/app/src/main/cpp/llama.cpp/ggml/include/ggml-vulkan.h","2026-05-25T07:37:00+08:00","af05997","Gean Dhylan E. Mapesos","Update llama.cpp vendor for mtmd"
"android-app","android-app/app/src/main/cpp/llama.cpp/ggml/include/ggml-webgpu.h","2026-05-25T07:37:00+08:00","af05997","Gean Dhylan E. Mapesos","Update llama.cpp vendor for mtmd"
"android-app","android-app/app/src/main/cpp/llama.cpp/ggml/include/ggml-zdnn.h","2026-05-25T07:37:00+08:00","af05997","Gean Dhylan E. Mapesos","Update llama.cpp vendor for mtmd"
"android-app","android-app/app/src/main/cpp/llama.cpp/ggml/include/ggml-zendnn.h","2026-05-25T07:37:00+08:00","af05997","Gean Dhylan E. Mapesos","Update llama.cpp vendor for mtmd"
"android-app","android-app/app/src/main/cpp/llama.cpp/ggml/include/ggml.h","2026-05-25T07:37:00+08:00","af05997","Gean Dhylan E. Mapesos","Update llama.cpp vendor for mtmd"
"android-app","android-app/app/src/main/cpp/llama.cpp/ggml/include/gguf.h","2026-05-25T07:37:00+08:00","af05997","Gean Dhylan E. Mapesos","Update llama.cpp vendor for mtmd"
"android-app","android-app/app/src/main/cpp/llama.cpp/ggml/src/CMakeLists.txt","2026-05-25T07:37:00+08:00","af05997","Gean Dhylan E. Mapesos","Update llama.cpp vendor for mtmd"
"android-app","android-app/app/src/main/cpp/llama.cpp/ggml/src/ggml-alloc.c","2026-05-25T07:37:00+08:00","af05997","Gean Dhylan E. Mapesos","Update llama.cpp vendor for mtmd"
"android-app","android-app/app/src/main/cpp/llama.cpp/ggml/src/ggml-backend-dl.cpp","2026-05-25T07:37:00+08:00","af05997","Gean Dhylan E. Mapesos","Update llama.cpp vendor for mtmd"
"android-app","android-app/app/src/main/cpp/llama.cpp/ggml/src/ggml-backend-dl.h","2026-05-25T07:38:54+08:00","d0f85c9","Gean Dhylan E. Mapesos","Clean llama.cpp vendor whitespace"
"android-app","android-app/app/src/main/cpp/llama.cpp/ggml/src/ggml-backend-impl.h","2026-05-25T07:37:00+08:00","af05997","Gean Dhylan E. Mapesos","Update llama.cpp vendor for mtmd"
"android-app","android-app/app/src/main/cpp/llama.cpp/ggml/src/ggml-backend-meta.cpp","2026-05-25T07:37:00+08:00","af05997","Gean Dhylan E. Mapesos","Update llama.cpp vendor for mtmd"
"android-app","android-app/app/src/main/cpp/llama.cpp/ggml/src/ggml-backend-reg.cpp","2026-05-25T07:37:00+08:00","af05997","Gean Dhylan E. Mapesos","Update llama.cpp vendor for mtmd"
"android-app","android-app/app/src/main/cpp/llama.cpp/ggml/src/ggml-backend.cpp","2026-05-25T07:37:00+08:00","af05997","Gean Dhylan E. Mapesos","Update llama.cpp vendor for mtmd"
"android-app","android-app/app/src/main/cpp/llama.cpp/ggml/src/ggml-blas/CMakeLists.txt","2026-05-25T07:37:00+08:00","af05997","Gean Dhylan E. Mapesos","Update llama.cpp vendor for mtmd"
"android-app","android-app/app/src/main/cpp/llama.cpp/ggml/src/ggml-blas/ggml-blas.cpp","2026-05-25T07:37:00+08:00","af05997","Gean Dhylan E. Mapesos","Update llama.cpp vendor for mtmd"
"android-app","android-app/app/src/main/cpp/llama.cpp/ggml/src/ggml-cann/CMakeLists.txt","2026-05-25T07:37:00+08:00","af05997","Gean Dhylan E. Mapesos","Update llama.cpp vendor for mtmd"
"android-app","android-app/app/src/main/cpp/llama.cpp/ggml/src/ggml-cann/acl_tensor.cpp","2026-05-25T07:37:00+08:00","af05997","Gean Dhylan E. Mapesos","Update llama.cpp vendor for mtmd"
"android-app","android-app/app/src/main/cpp/llama.cpp/ggml/src/ggml-cann/acl_tensor.h","2026-05-25T07:37:00+08:00","af05997","Gean Dhylan E. Mapesos","Update llama.cpp vendor for mtmd"
"android-app","android-app/app/src/main/cpp/llama.cpp/ggml/src/ggml-cann/aclnn_ops.cpp","2026-05-25T07:37:00+08:00","af05997","Gean Dhylan E. Mapesos","Update llama.cpp vendor for mtmd"
"android-app","android-app/app/src/main/cpp/llama.cpp/ggml/src/ggml-cann/aclnn_ops.h","2026-05-25T07:37:00+08:00","af05997","Gean Dhylan E. Mapesos","Update llama.cpp vendor for mtmd"
"android-app","android-app/app/src/main/cpp/llama.cpp/ggml/src/ggml-cann/common.h","2026-05-25T07:37:00+08:00","af05997","Gean Dhylan E. Mapesos","Update llama.cpp vendor for mtmd"
"android-app","android-app/app/src/main/cpp/llama.cpp/ggml/src/ggml-cann/ggml-cann.cpp","2026-05-25T07:37:00+08:00","af05997","Gean Dhylan E. Mapesos","Update llama.cpp vendor for mtmd"
"android-app","android-app/app/src/main/cpp/llama.cpp/ggml/src/ggml-common.h","2026-05-25T07:37:00+08:00","af05997","Gean Dhylan E. Mapesos","Update llama.cpp vendor for mtmd"
"android-app","android-app/app/src/main/cpp/llama.cpp/ggml/src/ggml-cpu/CMakeLists.txt","2026-05-25T07:37:00+08:00","af05997","Gean Dhylan E. Mapesos","Update llama.cpp vendor for mtmd"
"android-app","android-app/app/src/main/cpp/llama.cpp/ggml/src/ggml-cpu/amx/amx.cpp","2026-05-25T07:37:00+08:00","af05997","Gean Dhylan E. Mapesos","Update llama.cpp vendor for mtmd"
"android-app","android-app/app/src/main/cpp/llama.cpp/ggml/src/ggml-cpu/amx/amx.h","2026-05-23T17:43:15+08:00","af33d7f","Gean Dhylan E. Mapesos","Initial commit"
"android-app","android-app/app/src/main/cpp/llama.cpp/ggml/src/ggml-cpu/amx/common.h","2026-05-25T07:37:00+08:00","af05997","Gean Dhylan E. Mapesos","Update llama.cpp vendor for mtmd"
"android-app","android-app/app/src/main/cpp/llama.cpp/ggml/src/ggml-cpu/amx/mmq.cpp","2026-05-25T07:37:00+08:00","af05997","Gean Dhylan E. Mapesos","Update llama.cpp vendor for mtmd"
"android-app","android-app/app/src/main/cpp/llama.cpp/ggml/src/ggml-cpu/amx/mmq.h","2026-05-23T17:43:15+08:00","af33d7f","Gean Dhylan E. Mapesos","Initial commit"
"android-app","android-app/app/src/main/cpp/llama.cpp/ggml/src/ggml-cpu/arch-fallback.h","2026-05-25T07:37:00+08:00","af05997","Gean Dhylan E. Mapesos","Update llama.cpp vendor for mtmd"
"android-app","android-app/app/src/main/cpp/llama.cpp/ggml/src/ggml-cpu/arch/arm/cpu-feats.cpp","2026-05-25T07:37:00+08:00","af05997","Gean Dhylan E. Mapesos","Update llama.cpp vendor for mtmd"
"android-app","android-app/app/src/main/cpp/llama.cpp/ggml/src/ggml-cpu/arch/arm/quants.c","2026-05-25T07:38:54+08:00","d0f85c9","Gean Dhylan E. Mapesos","Clean llama.cpp vendor whitespace"
"android-app","android-app/app/src/main/cpp/llama.cpp/ggml/src/ggml-cpu/arch/arm/repack.cpp","2026-05-25T07:37:00+08:00","af05997","Gean Dhylan E. Mapesos","Update llama.cpp vendor for mtmd"
"android-app","android-app/app/src/main/cpp/llama.cpp/ggml/src/ggml-cpu/arch/loongarch/quants.c","2026-05-25T07:37:00+08:00","af05997","Gean Dhylan E. Mapesos","Update llama.cpp vendor for mtmd"
"android-app","android-app/app/src/main/cpp/llama.cpp/ggml/src/ggml-cpu/arch/powerpc/cpu-feats.cpp","2026-05-25T07:37:00+08:00","af05997","Gean Dhylan E. Mapesos","Update llama.cpp vendor for mtmd"
"android-app","android-app/app/src/main/cpp/llama.cpp/ggml/src/ggml-cpu/arch/powerpc/quants.c","2026-05-25T07:37:00+08:00","af05997","Gean Dhylan E. Mapesos","Update llama.cpp vendor for mtmd"
"android-app","android-app/app/src/main/cpp/llama.cpp/ggml/src/ggml-cpu/arch/riscv/cpu-feats.cpp","2026-05-25T07:37:00+08:00","af05997","Gean Dhylan E. Mapesos","Update llama.cpp vendor for mtmd"
"android-app","android-app/app/src/main/cpp/llama.cpp/ggml/src/ggml-cpu/arch/riscv/quants.c","2026-05-25T07:37:00+08:00","af05997","Gean Dhylan E. Mapesos","Update llama.cpp vendor for mtmd"
"android-app","android-app/app/src/main/cpp/llama.cpp/ggml/src/ggml-cpu/arch/riscv/repack.cpp","2026-05-25T07:37:00+08:00","af05997","Gean Dhylan E. Mapesos","Update llama.cpp vendor for mtmd"
"android-app","android-app/app/src/main/cpp/llama.cpp/ggml/src/ggml-cpu/arch/s390/cpu-feats.cpp","2026-05-25T07:37:00+08:00","af05997","Gean Dhylan E. Mapesos","Update llama.cpp vendor for mtmd"
"android-app","android-app/app/src/main/cpp/llama.cpp/ggml/src/ggml-cpu/arch/s390/quants.c","2026-05-25T07:37:00+08:00","af05997","Gean Dhylan E. Mapesos","Update llama.cpp vendor for mtmd"
"android-app","android-app/app/src/main/cpp/llama.cpp/ggml/src/ggml-cpu/arch/wasm/quants.c","2026-05-25T07:37:00+08:00","af05997","Gean Dhylan E. Mapesos","Update llama.cpp vendor for mtmd"
"android-app","android-app/app/src/main/cpp/llama.cpp/ggml/src/ggml-cpu/arch/x86/cpu-feats.cpp","2026-05-25T07:37:00+08:00","af05997","Gean Dhylan E. Mapesos","Update llama.cpp vendor for mtmd"
"android-app","android-app/app/src/main/cpp/llama.cpp/ggml/src/ggml-cpu/arch/x86/quants.c","2026-05-25T07:37:00+08:00","af05997","Gean Dhylan E. Mapesos","Update llama.cpp vendor for mtmd"
"android-app","android-app/app/src/main/cpp/llama.cpp/ggml/src/ggml-cpu/arch/x86/repack.cpp","2026-05-25T07:37:00+08:00","af05997","Gean Dhylan E. Mapesos","Update llama.cpp vendor for mtmd"
"android-app","android-app/app/src/main/cpp/llama.cpp/ggml/src/ggml-cpu/binary-ops.cpp","2026-05-25T07:37:00+08:00","af05997","Gean Dhylan E. Mapesos","Update llama.cpp vendor for mtmd"
"android-app","android-app/app/src/main/cpp/llama.cpp/ggml/src/ggml-cpu/binary-ops.h","2026-05-25T07:37:00+08:00","af05997","Gean Dhylan E. Mapesos","Update llama.cpp vendor for mtmd"
"android-app","android-app/app/src/main/cpp/llama.cpp/ggml/src/ggml-cpu/cmake/FindSIMD.cmake","2026-05-23T17:43:15+08:00","af33d7f","Gean Dhylan E. Mapesos","Initial commit"
"android-app","android-app/app/src/main/cpp/llama.cpp/ggml/src/ggml-cpu/cmake/FindSMTIME.cmake","2026-05-25T07:37:00+08:00","af05997","Gean Dhylan E. Mapesos","Update llama.cpp vendor for mtmd"
"android-app","android-app/app/src/main/cpp/llama.cpp/ggml/src/ggml-cpu/common.h","2026-05-25T07:37:00+08:00","af05997","Gean Dhylan E. Mapesos","Update llama.cpp vendor for mtmd"
"android-app","android-app/app/src/main/cpp/llama.cpp/ggml/src/ggml-cpu/ggml-cpu-impl.h","2026-05-25T07:37:00+08:00","af05997","Gean Dhylan E. Mapesos","Update llama.cpp vendor for mtmd"
"android-app","android-app/app/src/main/cpp/llama.cpp/ggml/src/ggml-cpu/ggml-cpu.c","2026-05-25T07:37:00+08:00","af05997","Gean Dhylan E. Mapesos","Update llama.cpp vendor for mtmd"
"android-app","android-app/app/src/main/cpp/llama.cpp/ggml/src/ggml-cpu/ggml-cpu.cpp","2026-05-25T07:37:00+08:00","af05997","Gean Dhylan E. Mapesos","Update llama.cpp vendor for mtmd"
"android-app","android-app/app/src/main/cpp/llama.cpp/ggml/src/ggml-cpu/hbm.cpp","2026-05-25T07:37:00+08:00","af05997","Gean Dhylan E. Mapesos","Update llama.cpp vendor for mtmd"
"android-app","android-app/app/src/main/cpp/llama.cpp/ggml/src/ggml-cpu/hbm.h","2026-05-25T07:37:00+08:00","af05997","Gean Dhylan E. Mapesos","Update llama.cpp vendor for mtmd"
"android-app","android-app/app/src/main/cpp/llama.cpp/ggml/src/ggml-cpu/kleidiai/kernels.cpp","2026-05-25T07:37:00+08:00","af05997","Gean Dhylan E. Mapesos","Update llama.cpp vendor for mtmd"
"android-app","android-app/app/src/main/cpp/llama.cpp/ggml/src/ggml-cpu/kleidiai/kernels.h","2026-05-25T07:37:00+08:00","af05997","Gean Dhylan E. Mapesos","Update llama.cpp vendor for mtmd"
"android-app","android-app/app/src/main/cpp/llama.cpp/ggml/src/ggml-cpu/kleidiai/kleidiai.cpp","2026-05-25T07:37:00+08:00","af05997","Gean Dhylan E. Mapesos","Update llama.cpp vendor for mtmd"
"android-app","android-app/app/src/main/cpp/llama.cpp/ggml/src/ggml-cpu/kleidiai/kleidiai.h","2026-05-25T07:37:00+08:00","af05997","Gean Dhylan E. Mapesos","Update llama.cpp vendor for mtmd"
"android-app","android-app/app/src/main/cpp/llama.cpp/ggml/src/ggml-cpu/llamafile/sgemm.cpp","2026-05-25T07:37:00+08:00","af05997","Gean Dhylan E. Mapesos","Update llama.cpp vendor for mtmd"
"android-app","android-app/app/src/main/cpp/llama.cpp/ggml/src/ggml-cpu/llamafile/sgemm.h","2026-05-25T07:37:00+08:00","af05997","Gean Dhylan E. Mapesos","Update llama.cpp vendor for mtmd"
"android-app","android-app/app/src/main/cpp/llama.cpp/ggml/src/ggml-cpu/ops.cpp","2026-05-25T07:37:00+08:00","af05997","Gean Dhylan E. Mapesos","Update llama.cpp vendor for mtmd"
"android-app","android-app/app/src/main/cpp/llama.cpp/ggml/src/ggml-cpu/ops.h","2026-05-25T07:37:00+08:00","af05997","Gean Dhylan E. Mapesos","Update llama.cpp vendor for mtmd"
"android-app","android-app/app/src/main/cpp/llama.cpp/ggml/src/ggml-cpu/quants.c","2026-05-25T07:37:00+08:00","af05997","Gean Dhylan E. Mapesos","Update llama.cpp vendor for mtmd"
"android-app","android-app/app/src/main/cpp/llama.cpp/ggml/src/ggml-cpu/quants.h","2026-05-25T07:37:00+08:00","af05997","Gean Dhylan E. Mapesos","Update llama.cpp vendor for mtmd"
"android-app","android-app/app/src/main/cpp/llama.cpp/ggml/src/ggml-cpu/repack.cpp","2026-05-25T07:37:00+08:00","af05997","Gean Dhylan E. Mapesos","Update llama.cpp vendor for mtmd"
"android-app","android-app/app/src/main/cpp/llama.cpp/ggml/src/ggml-cpu/repack.h","2026-05-25T07:37:00+08:00","af05997","Gean Dhylan E. Mapesos","Update llama.cpp vendor for mtmd"
"android-app","android-app/app/src/main/cpp/llama.cpp/ggml/src/ggml-cpu/simd-gemm.h","2026-05-25T07:37:00+08:00","af05997","Gean Dhylan E. Mapesos","Update llama.cpp vendor for mtmd"
"android-app","android-app/app/src/main/cpp/llama.cpp/ggml/src/ggml-cpu/simd-mappings.h","2026-05-25T07:37:00+08:00","af05997","Gean Dhylan E. Mapesos","Update llama.cpp vendor for mtmd"
"android-app","android-app/app/src/main/cpp/llama.cpp/ggml/src/ggml-cpu/spacemit/ime.cpp","2026-05-25T07:37:00+08:00","af05997","Gean Dhylan E. Mapesos","Update llama.cpp vendor for mtmd"
"android-app","android-app/app/src/main/cpp/llama.cpp/ggml/src/ggml-cpu/spacemit/ime.h","2026-05-25T07:37:00+08:00","af05997","Gean Dhylan E. Mapesos","Update llama.cpp vendor for mtmd"
"android-app","android-app/app/src/main/cpp/llama.cpp/ggml/src/ggml-cpu/spacemit/ime1_kernels.cpp","2026-05-25T07:37:00+08:00","af05997","Gean Dhylan E. Mapesos","Update llama.cpp vendor for mtmd"
"android-app","android-app/app/src/main/cpp/llama.cpp/ggml/src/ggml-cpu/spacemit/ime2_kernels.cpp","2026-05-25T07:37:00+08:00","af05997","Gean Dhylan E. Mapesos","Update llama.cpp vendor for mtmd"
"android-app","android-app/app/src/main/cpp/llama.cpp/ggml/src/ggml-cpu/spacemit/ime_env.cpp","2026-05-25T07:37:00+08:00","af05997","Gean Dhylan E. Mapesos","Update llama.cpp vendor for mtmd"
"android-app","android-app/app/src/main/cpp/llama.cpp/ggml/src/ggml-cpu/spacemit/ime_env.h","2026-05-25T07:37:00+08:00","af05997","Gean Dhylan E. Mapesos","Update llama.cpp vendor for mtmd"
"android-app","android-app/app/src/main/cpp/llama.cpp/ggml/src/ggml-cpu/spacemit/ime_kernels.h","2026-05-25T07:37:00+08:00","af05997","Gean Dhylan E. Mapesos","Update llama.cpp vendor for mtmd"
"android-app","android-app/app/src/main/cpp/llama.cpp/ggml/src/ggml-cpu/spacemit/repack.cpp","2026-05-25T07:37:00+08:00","af05997","Gean Dhylan E. Mapesos","Update llama.cpp vendor for mtmd"
"android-app","android-app/app/src/main/cpp/llama.cpp/ggml/src/ggml-cpu/spacemit/repack.h","2026-05-25T07:37:00+08:00","af05997","Gean Dhylan E. Mapesos","Update llama.cpp vendor for mtmd"
"android-app","android-app/app/src/main/cpp/llama.cpp/ggml/src/ggml-cpu/spacemit/rvv_kernels.cpp","2026-05-25T07:37:00+08:00","af05997","Gean Dhylan E. Mapesos","Update llama.cpp vendor for mtmd"
"android-app","android-app/app/src/main/cpp/llama.cpp/ggml/src/ggml-cpu/spacemit/rvv_kernels.h","2026-05-25T07:37:00+08:00","af05997","Gean Dhylan E. Mapesos","Update llama.cpp vendor for mtmd"
"android-app","android-app/app/src/main/cpp/llama.cpp/ggml/src/ggml-cpu/spacemit/spine_barrier.h","2026-05-25T07:37:00+08:00","af05997","Gean Dhylan E. Mapesos","Update llama.cpp vendor for mtmd"
"android-app","android-app/app/src/main/cpp/llama.cpp/ggml/src/ggml-cpu/spacemit/spine_mem_pool.cpp","2026-05-25T07:37:00+08:00","af05997","Gean Dhylan E. Mapesos","Update llama.cpp vendor for mtmd"
"android-app","android-app/app/src/main/cpp/llama.cpp/ggml/src/ggml-cpu/spacemit/spine_mem_pool.h","2026-05-25T07:37:00+08:00","af05997","Gean Dhylan E. Mapesos","Update llama.cpp vendor for mtmd"
"android-app","android-app/app/src/main/cpp/llama.cpp/ggml/src/ggml-cpu/spacemit/spine_tcm.h","2026-05-25T07:37:00+08:00","af05997","Gean Dhylan E. Mapesos","Update llama.cpp vendor for mtmd"
"android-app","android-app/app/src/main/cpp/llama.cpp/ggml/src/ggml-cpu/traits.cpp","2026-05-25T07:37:00+08:00","af05997","Gean Dhylan E. Mapesos","Update llama.cpp vendor for mtmd"
"android-app","android-app/app/src/main/cpp/llama.cpp/ggml/src/ggml-cpu/traits.h","2026-05-25T07:37:00+08:00","af05997","Gean Dhylan E. Mapesos","Update llama.cpp vendor for mtmd"
"android-app","android-app/app/src/main/cpp/llama.cpp/ggml/src/ggml-cpu/unary-ops.cpp","2026-05-25T07:38:54+08:00","d0f85c9","Gean Dhylan E. Mapesos","Clean llama.cpp vendor whitespace"
"android-app","android-app/app/src/main/cpp/llama.cpp/ggml/src/ggml-cpu/unary-ops.h","2026-05-25T07:37:00+08:00","af05997","Gean Dhylan E. Mapesos","Update llama.cpp vendor for mtmd"
"android-app","android-app/app/src/main/cpp/llama.cpp/ggml/src/ggml-cpu/vec.cpp","2026-05-25T07:37:00+08:00","af05997","Gean Dhylan E. Mapesos","Update llama.cpp vendor for mtmd"
"android-app","android-app/app/src/main/cpp/llama.cpp/ggml/src/ggml-cpu/vec.h","2026-05-25T07:37:00+08:00","af05997","Gean Dhylan E. Mapesos","Update llama.cpp vendor for mtmd"
"android-app","android-app/app/src/main/cpp/llama.cpp/ggml/src/ggml-cuda/CMakeLists.txt","2026-05-25T07:37:00+08:00","af05997","Gean Dhylan E. Mapesos","Update llama.cpp vendor for mtmd"
"android-app","android-app/app/src/main/cpp/llama.cpp/ggml/src/ggml-cuda/acc.cu","2026-05-25T07:37:00+08:00","af05997","Gean Dhylan E. Mapesos","Update llama.cpp vendor for mtmd"
"android-app","android-app/app/src/main/cpp/llama.cpp/ggml/src/ggml-cuda/acc.cuh","2026-05-23T17:43:15+08:00","af33d7f","Gean Dhylan E. Mapesos","Initial commit"
"android-app","android-app/app/src/main/cpp/llama.cpp/ggml/src/ggml-cuda/add-id.cu","2026-05-25T07:37:00+08:00","af05997","Gean Dhylan E. Mapesos","Update llama.cpp vendor for mtmd"
"android-app","android-app/app/src/main/cpp/llama.cpp/ggml/src/ggml-cuda/add-id.cuh","2026-05-25T07:37:00+08:00","af05997","Gean Dhylan E. Mapesos","Update llama.cpp vendor for mtmd"
"android-app","android-app/app/src/main/cpp/llama.cpp/ggml/src/ggml-cuda/allreduce.cu","2026-05-25T07:37:00+08:00","af05997","Gean Dhylan E. Mapesos","Update llama.cpp vendor for mtmd"
"android-app","android-app/app/src/main/cpp/llama.cpp/ggml/src/ggml-cuda/allreduce.cuh","2026-05-25T07:38:54+08:00","d0f85c9","Gean Dhylan E. Mapesos","Clean llama.cpp vendor whitespace"
"android-app","android-app/app/src/main/cpp/llama.cpp/ggml/src/ggml-cuda/arange.cu","2026-05-23T17:43:15+08:00","af33d7f","Gean Dhylan E. Mapesos","Initial commit"
"android-app","android-app/app/src/main/cpp/llama.cpp/ggml/src/ggml-cuda/arange.cuh","2026-05-23T17:43:15+08:00","af33d7f","Gean Dhylan E. Mapesos","Initial commit"
"android-app","android-app/app/src/main/cpp/llama.cpp/ggml/src/ggml-cuda/argmax.cu","2026-05-25T07:37:00+08:00","af05997","Gean Dhylan E. Mapesos","Update llama.cpp vendor for mtmd"
"android-app","android-app/app/src/main/cpp/llama.cpp/ggml/src/ggml-cuda/argmax.cuh","2026-05-23T17:43:15+08:00","af33d7f","Gean Dhylan E. Mapesos","Initial commit"
"android-app","android-app/app/src/main/cpp/llama.cpp/ggml/src/ggml-cuda/argsort.cu","2026-05-25T07:37:00+08:00","af05997","Gean Dhylan E. Mapesos","Update llama.cpp vendor for mtmd"
"android-app","android-app/app/src/main/cpp/llama.cpp/ggml/src/ggml-cuda/argsort.cuh","2026-05-25T07:37:00+08:00","af05997","Gean Dhylan E. Mapesos","Update llama.cpp vendor for mtmd"
"android-app","android-app/app/src/main/cpp/llama.cpp/ggml/src/ggml-cuda/binbcast.cu","2026-05-25T07:37:00+08:00","af05997","Gean Dhylan E. Mapesos","Update llama.cpp vendor for mtmd"
"android-app","android-app/app/src/main/cpp/llama.cpp/ggml/src/ggml-cuda/binbcast.cuh","2026-05-25T07:37:00+08:00","af05997","Gean Dhylan E. Mapesos","Update llama.cpp vendor for mtmd"
"android-app","android-app/app/src/main/cpp/llama.cpp/ggml/src/ggml-cuda/clamp.cu","2026-05-25T07:37:00+08:00","af05997","Gean Dhylan E. Mapesos","Update llama.cpp vendor for mtmd"
"android-app","android-app/app/src/main/cpp/llama.cpp/ggml/src/ggml-cuda/clamp.cuh","2026-05-23T17:43:15+08:00","af33d7f","Gean Dhylan E. Mapesos","Initial commit"
"android-app","android-app/app/src/main/cpp/llama.cpp/ggml/src/ggml-cuda/common.cuh","2026-05-25T07:37:00+08:00","af05997","Gean Dhylan E. Mapesos","Update llama.cpp vendor for mtmd"
"android-app","android-app/app/src/main/cpp/llama.cpp/ggml/src/ggml-cuda/concat.cu","2026-05-25T07:37:00+08:00","af05997","Gean Dhylan E. Mapesos","Update llama.cpp vendor for mtmd"
"android-app","android-app/app/src/main/cpp/llama.cpp/ggml/src/ggml-cuda/concat.cuh","2026-05-23T17:43:15+08:00","af33d7f","Gean Dhylan E. Mapesos","Initial commit"
"android-app","android-app/app/src/main/cpp/llama.cpp/ggml/src/ggml-cuda/conv-transpose-1d.cu","2026-05-25T07:37:00+08:00","af05997","Gean Dhylan E. Mapesos","Update llama.cpp vendor for mtmd"
"android-app","android-app/app/src/main/cpp/llama.cpp/ggml/src/ggml-cuda/conv-transpose-1d.cuh","2026-05-23T17:43:15+08:00","af33d7f","Gean Dhylan E. Mapesos","Initial commit"
"android-app","android-app/app/src/main/cpp/llama.cpp/ggml/src/ggml-cuda/conv2d-dw.cu","2026-05-25T07:37:00+08:00","af05997","Gean Dhylan E. Mapesos","Update llama.cpp vendor for mtmd"
"android-app","android-app/app/src/main/cpp/llama.cpp/ggml/src/ggml-cuda/conv2d-dw.cuh","2026-05-25T07:37:00+08:00","af05997","Gean Dhylan E. Mapesos","Update llama.cpp vendor for mtmd"
"android-app","android-app/app/src/main/cpp/llama.cpp/ggml/src/ggml-cuda/conv2d-transpose.cu","2026-05-25T07:37:00+08:00","af05997","Gean Dhylan E. Mapesos","Update llama.cpp vendor for mtmd"
"android-app","android-app/app/src/main/cpp/llama.cpp/ggml/src/ggml-cuda/conv2d-transpose.cuh","2026-05-25T07:37:00+08:00","af05997","Gean Dhylan E. Mapesos","Update llama.cpp vendor for mtmd"
"android-app","android-app/app/src/main/cpp/llama.cpp/ggml/src/ggml-cuda/conv2d.cu","2026-05-25T07:37:00+08:00","af05997","Gean Dhylan E. Mapesos","Update llama.cpp vendor for mtmd"
"android-app","android-app/app/src/main/cpp/llama.cpp/ggml/src/ggml-cuda/conv2d.cuh","2026-05-25T07:37:00+08:00","af05997","Gean Dhylan E. Mapesos","Update llama.cpp vendor for mtmd"
"android-app","android-app/app/src/main/cpp/llama.cpp/ggml/src/ggml-cuda/convert.cu","2026-05-25T07:37:00+08:00","af05997","Gean Dhylan E. Mapesos","Update llama.cpp vendor for mtmd"
"android-app","android-app/app/src/main/cpp/llama.cpp/ggml/src/ggml-cuda/convert.cuh","2026-05-25T07:37:00+08:00","af05997","Gean Dhylan E. Mapesos","Update llama.cpp vendor for mtmd"
"android-app","android-app/app/src/main/cpp/llama.cpp/ggml/src/ggml-cuda/count-equal.cu","2026-05-23T17:43:15+08:00","af33d7f","Gean Dhylan E. Mapesos","Initial commit"
"android-app","android-app/app/src/main/cpp/llama.cpp/ggml/src/ggml-cuda/count-equal.cuh","2026-05-23T17:43:15+08:00","af33d7f","Gean Dhylan E. Mapesos","Initial commit"
"android-app","android-app/app/src/main/cpp/llama.cpp/ggml/src/ggml-cuda/cp-async.cuh","2026-05-25T07:37:00+08:00","af05997","Gean Dhylan E. Mapesos","Update llama.cpp vendor for mtmd"
"android-app","android-app/app/src/main/cpp/llama.cpp/ggml/src/ggml-cuda/cpy-utils.cuh","2026-05-25T07:37:00+08:00","af05997","Gean Dhylan E. Mapesos","Update llama.cpp vendor for mtmd"
"android-app","android-app/app/src/main/cpp/llama.cpp/ggml/src/ggml-cuda/cpy.cu","2026-05-25T07:37:00+08:00","af05997","Gean Dhylan E. Mapesos","Update llama.cpp vendor for mtmd"
"android-app","android-app/app/src/main/cpp/llama.cpp/ggml/src/ggml-cuda/cpy.cuh","2026-05-25T07:37:00+08:00","af05997","Gean Dhylan E. Mapesos","Update llama.cpp vendor for mtmd"
"android-app","android-app/app/src/main/cpp/llama.cpp/ggml/src/ggml-cuda/cross-entropy-loss.cu","2026-05-25T07:37:00+08:00","af05997","Gean Dhylan E. Mapesos","Update llama.cpp vendor for mtmd"
"android-app","android-app/app/src/main/cpp/llama.cpp/ggml/src/ggml-cuda/cross-entropy-loss.cuh","2026-05-23T17:43:15+08:00","af33d7f","Gean Dhylan E. Mapesos","Initial commit"
"android-app","android-app/app/src/main/cpp/llama.cpp/ggml/src/ggml-cuda/cumsum.cu","2026-05-25T07:37:00+08:00","af05997","Gean Dhylan E. Mapesos","Update llama.cpp vendor for mtmd"
"android-app","android-app/app/src/main/cpp/llama.cpp/ggml/src/ggml-cuda/cumsum.cuh","2026-05-25T07:37:00+08:00","af05997","Gean Dhylan E. Mapesos","Update llama.cpp vendor for mtmd"
"android-app","android-app/app/src/main/cpp/llama.cpp/ggml/src/ggml-cuda/dequantize.cuh","2026-05-25T07:37:00+08:00","af05997","Gean Dhylan E. Mapesos","Update llama.cpp vendor for mtmd"
"android-app","android-app/app/src/main/cpp/llama.cpp/ggml/src/ggml-cuda/diag.cu","2026-05-25T07:37:00+08:00","af05997","Gean Dhylan E. Mapesos","Update llama.cpp vendor for mtmd"
"android-app","android-app/app/src/main/cpp/llama.cpp/ggml/src/ggml-cuda/diag.cuh","2026-05-25T07:37:00+08:00","af05997","Gean Dhylan E. Mapesos","Update llama.cpp vendor for mtmd"
"android-app","android-app/app/src/main/cpp/llama.cpp/ggml/src/ggml-cuda/diagmask.cu","2026-05-23T17:43:15+08:00","af33d7f","Gean Dhylan E. Mapesos","Initial commit"
"android-app","android-app/app/src/main/cpp/llama.cpp/ggml/src/ggml-cuda/diagmask.cuh","2026-05-23T17:43:15+08:00","af33d7f","Gean Dhylan E. Mapesos","Initial commit"
"android-app","android-app/app/src/main/cpp/llama.cpp/ggml/src/ggml-cuda/fattn-common.cuh","2026-05-25T07:37:00+08:00","af05997","Gean Dhylan E. Mapesos","Update llama.cpp vendor for mtmd"
"android-app","android-app/app/src/main/cpp/llama.cpp/ggml/src/ggml-cuda/fattn-mma-f16.cuh","2026-05-25T07:37:00+08:00","af05997","Gean Dhylan E. Mapesos","Update llama.cpp vendor for mtmd"
"android-app","android-app/app/src/main/cpp/llama.cpp/ggml/src/ggml-cuda/fattn-tile.cu","2026-05-25T07:37:00+08:00","af05997","Gean Dhylan E. Mapesos","Update llama.cpp vendor for mtmd"
"android-app","android-app/app/src/main/cpp/llama.cpp/ggml/src/ggml-cuda/fattn-tile.cuh","2026-05-25T07:37:00+08:00","af05997","Gean Dhylan E. Mapesos","Update llama.cpp vendor for mtmd"
"android-app","android-app/app/src/main/cpp/llama.cpp/ggml/src/ggml-cuda/fattn-vec.cuh","2026-05-25T07:37:00+08:00","af05997","Gean Dhylan E. Mapesos","Update llama.cpp vendor for mtmd"
"android-app","android-app/app/src/main/cpp/llama.cpp/ggml/src/ggml-cuda/fattn-wmma-f16.cu","2026-05-25T07:37:00+08:00","af05997","Gean Dhylan E. Mapesos","Update llama.cpp vendor for mtmd"
"android-app","android-app/app/src/main/cpp/llama.cpp/ggml/src/ggml-cuda/fattn-wmma-f16.cuh","2026-05-25T07:37:00+08:00","af05997","Gean Dhylan E. Mapesos","Update llama.cpp vendor for mtmd"
"android-app","android-app/app/src/main/cpp/llama.cpp/ggml/src/ggml-cuda/fattn.cu","2026-05-25T07:37:00+08:00","af05997","Gean Dhylan E. Mapesos","Update llama.cpp vendor for mtmd"
"android-app","android-app/app/src/main/cpp/llama.cpp/ggml/src/ggml-cuda/fattn.cuh","2026-05-25T07:37:00+08:00","af05997","Gean Dhylan E. Mapesos","Update llama.cpp vendor for mtmd"
"android-app","android-app/app/src/main/cpp/llama.cpp/ggml/src/ggml-cuda/fill.cu","2026-05-25T07:37:00+08:00","af05997","Gean Dhylan E. Mapesos","Update llama.cpp vendor for mtmd"
"android-app","android-app/app/src/main/cpp/llama.cpp/ggml/src/ggml-cuda/fill.cuh","2026-05-25T07:37:00+08:00","af05997","Gean Dhylan E. Mapesos","Update llama.cpp vendor for mtmd"
"android-app","android-app/app/src/main/cpp/llama.cpp/ggml/src/ggml-cuda/gated_delta_net.cu","2026-05-25T07:37:00+08:00","af05997","Gean Dhylan E. Mapesos","Update llama.cpp vendor for mtmd"
"android-app","android-app/app/src/main/cpp/llama.cpp/ggml/src/ggml-cuda/gated_delta_net.cuh","2026-05-25T07:37:00+08:00","af05997","Gean Dhylan E. Mapesos","Update llama.cpp vendor for mtmd"
"android-app","android-app/app/src/main/cpp/llama.cpp/ggml/src/ggml-cuda/getrows.cu","2026-05-25T07:37:00+08:00","af05997","Gean Dhylan E. Mapesos","Update llama.cpp vendor for mtmd"
"android-app","android-app/app/src/main/cpp/llama.cpp/ggml/src/ggml-cuda/getrows.cuh","2026-05-25T07:37:00+08:00","af05997","Gean Dhylan E. Mapesos","Update llama.cpp vendor for mtmd"
"android-app","android-app/app/src/main/cpp/llama.cpp/ggml/src/ggml-cuda/ggml-cuda.cu","2026-05-25T07:37:00+08:00","af05997","Gean Dhylan E. Mapesos","Update llama.cpp vendor for mtmd"
"android-app","android-app/app/src/main/cpp/llama.cpp/ggml/src/ggml-cuda/gla.cu","2026-05-25T07:37:00+08:00","af05997","Gean Dhylan E. Mapesos","Update llama.cpp vendor for mtmd"
"android-app","android-app/app/src/main/cpp/llama.cpp/ggml/src/ggml-cuda/gla.cuh","2026-05-25T07:37:00+08:00","af05997","Gean Dhylan E. Mapesos","Update llama.cpp vendor for mtmd"
"android-app","android-app/app/src/main/cpp/llama.cpp/ggml/src/ggml-cuda/im2col.cu","2026-05-25T07:37:00+08:00","af05997","Gean Dhylan E. Mapesos","Update llama.cpp vendor for mtmd"
"android-app","android-app/app/src/main/cpp/llama.cpp/ggml/src/ggml-cuda/im2col.cuh","2026-05-25T07:37:00+08:00","af05997","Gean Dhylan E. Mapesos","Update llama.cpp vendor for mtmd"
"android-app","android-app/app/src/main/cpp/llama.cpp/ggml/src/ggml-cuda/mean.cu","2026-05-25T07:37:00+08:00","af05997","Gean Dhylan E. Mapesos","Update llama.cpp vendor for mtmd"
"android-app","android-app/app/src/main/cpp/llama.cpp/ggml/src/ggml-cuda/mean.cuh","2026-05-25T07:37:00+08:00","af05997","Gean Dhylan E. Mapesos","Update llama.cpp vendor for mtmd"
"android-app","android-app/app/src/main/cpp/llama.cpp/ggml/src/ggml-cuda/mma.cuh","2026-05-25T07:37:00+08:00","af05997","Gean Dhylan E. Mapesos","Update llama.cpp vendor for mtmd"
"android-app","android-app/app/src/main/cpp/llama.cpp/ggml/src/ggml-cuda/mmf.cu","2026-05-25T07:37:00+08:00","af05997","Gean Dhylan E. Mapesos","Update llama.cpp vendor for mtmd"
"android-app","android-app/app/src/main/cpp/llama.cpp/ggml/src/ggml-cuda/mmf.cuh","2026-05-25T07:37:00+08:00","af05997","Gean Dhylan E. Mapesos","Update llama.cpp vendor for mtmd"
"android-app","android-app/app/src/main/cpp/llama.cpp/ggml/src/ggml-cuda/mmid.cu","2026-05-25T07:37:00+08:00","af05997","Gean Dhylan E. Mapesos","Update llama.cpp vendor for mtmd"
"android-app","android-app/app/src/main/cpp/llama.cpp/ggml/src/ggml-cuda/mmid.cuh","2026-05-25T07:37:00+08:00","af05997","Gean Dhylan E. Mapesos","Update llama.cpp vendor for mtmd"
"android-app","android-app/app/src/main/cpp/llama.cpp/ggml/src/ggml-cuda/mmq.cu","2026-05-25T07:37:00+08:00","af05997","Gean Dhylan E. Mapesos","Update llama.cpp vendor for mtmd"
"android-app","android-app/app/src/main/cpp/llama.cpp/ggml/src/ggml-cuda/mmq.cuh","2026-05-25T07:37:00+08:00","af05997","Gean Dhylan E. Mapesos","Update llama.cpp vendor for mtmd"
"android-app","android-app/app/src/main/cpp/llama.cpp/ggml/src/ggml-cuda/mmvf.cu","2026-05-25T07:37:00+08:00","af05997","Gean Dhylan E. Mapesos","Update llama.cpp vendor for mtmd"
"android-app","android-app/app/src/main/cpp/llama.cpp/ggml/src/ggml-cuda/mmvf.cuh","2026-05-25T07:37:00+08:00","af05997","Gean Dhylan E. Mapesos","Update llama.cpp vendor for mtmd"
"android-app","android-app/app/src/main/cpp/llama.cpp/ggml/src/ggml-cuda/mmvq.cu","2026-05-25T07:37:00+08:00","af05997","Gean Dhylan E. Mapesos","Update llama.cpp vendor for mtmd"
"android-app","android-app/app/src/main/cpp/llama.cpp/ggml/src/ggml-cuda/mmvq.cuh","2026-05-25T07:37:00+08:00","af05997","Gean Dhylan E. Mapesos","Update llama.cpp vendor for mtmd"
"android-app","android-app/app/src/main/cpp/llama.cpp/ggml/src/ggml-cuda/norm.cu","2026-05-25T07:37:00+08:00","af05997","Gean Dhylan E. Mapesos","Update llama.cpp vendor for mtmd"
"android-app","android-app/app/src/main/cpp/llama.cpp/ggml/src/ggml-cuda/norm.cuh","2026-05-25T07:37:00+08:00","af05997","Gean Dhylan E. Mapesos","Update llama.cpp vendor for mtmd"
"android-app","android-app/app/src/main/cpp/llama.cpp/ggml/src/ggml-cuda/opt-step-adamw.cu","2026-05-23T17:43:15+08:00","af33d7f","Gean Dhylan E. Mapesos","Initial commit"
"android-app","android-app/app/src/main/cpp/llama.cpp/ggml/src/ggml-cuda/opt-step-adamw.cuh","2026-05-23T17:43:15+08:00","af33d7f","Gean Dhylan E. Mapesos","Initial commit"
"android-app","android-app/app/src/main/cpp/llama.cpp/ggml/src/ggml-cuda/opt-step-sgd.cu","2026-05-25T07:37:00+08:00","af05997","Gean Dhylan E. Mapesos","Update llama.cpp vendor for mtmd"
"android-app","android-app/app/src/main/cpp/llama.cpp/ggml/src/ggml-cuda/opt-step-sgd.cuh","2026-05-25T07:37:00+08:00","af05997","Gean Dhylan E. Mapesos","Update llama.cpp vendor for mtmd"
"android-app","android-app/app/src/main/cpp/llama.cpp/ggml/src/ggml-cuda/out-prod.cu","2026-05-25T07:37:00+08:00","af05997","Gean Dhylan E. Mapesos","Update llama.cpp vendor for mtmd"
"android-app","android-app/app/src/main/cpp/llama.cpp/ggml/src/ggml-cuda/out-prod.cuh","2026-05-23T17:43:15+08:00","af33d7f","Gean Dhylan E. Mapesos","Initial commit"
"android-app","android-app/app/src/main/cpp/llama.cpp/ggml/src/ggml-cuda/pad.cu","2026-05-25T07:37:00+08:00","af05997","Gean Dhylan E. Mapesos","Update llama.cpp vendor for mtmd"
"android-app","android-app/app/src/main/cpp/llama.cpp/ggml/src/ggml-cuda/pad.cuh","2026-05-23T17:43:15+08:00","af33d7f","Gean Dhylan E. Mapesos","Initial commit"
"android-app","android-app/app/src/main/cpp/llama.cpp/ggml/src/ggml-cuda/pad_reflect_1d.cu","2026-05-25T07:37:00+08:00","af05997","Gean Dhylan E. Mapesos","Update llama.cpp vendor for mtmd"
"android-app","android-app/app/src/main/cpp/llama.cpp/ggml/src/ggml-cuda/pad_reflect_1d.cuh","2026-05-25T07:37:00+08:00","af05997","Gean Dhylan E. Mapesos","Update llama.cpp vendor for mtmd"
"android-app","android-app/app/src/main/cpp/llama.cpp/ggml/src/ggml-cuda/pool2d.cu","2026-05-23T17:43:15+08:00","af33d7f","Gean Dhylan E. Mapesos","Initial commit"
"android-app","android-app/app/src/main/cpp/llama.cpp/ggml/src/ggml-cuda/pool2d.cuh","2026-05-23T17:43:15+08:00","af33d7f","Gean Dhylan E. Mapesos","Initial commit"
"android-app","android-app/app/src/main/cpp/llama.cpp/ggml/src/ggml-cuda/quantize.cu","2026-05-25T07:37:00+08:00","af05997","Gean Dhylan E. Mapesos","Update llama.cpp vendor for mtmd"
"android-app","android-app/app/src/main/cpp/llama.cpp/ggml/src/ggml-cuda/quantize.cuh","2026-05-25T07:37:00+08:00","af05997","Gean Dhylan E. Mapesos","Update llama.cpp vendor for mtmd"
"android-app","android-app/app/src/main/cpp/llama.cpp/ggml/src/ggml-cuda/reduce_rows.cuh","2026-05-25T07:37:00+08:00","af05997","Gean Dhylan E. Mapesos","Update llama.cpp vendor for mtmd"
"android-app","android-app/app/src/main/cpp/llama.cpp/ggml/src/ggml-cuda/roll.cu","2026-05-25T07:37:00+08:00","af05997","Gean Dhylan E. Mapesos","Update llama.cpp vendor for mtmd"
"android-app","android-app/app/src/main/cpp/llama.cpp/ggml/src/ggml-cuda/roll.cuh","2026-05-25T07:37:00+08:00","af05997","Gean Dhylan E. Mapesos","Update llama.cpp vendor for mtmd"
"android-app","android-app/app/src/main/cpp/llama.cpp/ggml/src/ggml-cuda/rope.cu","2026-05-25T07:37:00+08:00","af05997","Gean Dhylan E. Mapesos","Update llama.cpp vendor for mtmd"
"android-app","android-app/app/src/main/cpp/llama.cpp/ggml/src/ggml-cuda/rope.cuh","2026-05-25T07:37:00+08:00","af05997","Gean Dhylan E. Mapesos","Update llama.cpp vendor for mtmd"
"android-app","android-app/app/src/main/cpp/llama.cpp/ggml/src/ggml-cuda/scale.cu","2026-05-25T07:37:00+08:00","af05997","Gean Dhylan E. Mapesos","Update llama.cpp vendor for mtmd"
"android-app","android-app/app/src/main/cpp/llama.cpp/ggml/src/ggml-cuda/scale.cuh","2026-05-23T17:43:15+08:00","af33d7f","Gean Dhylan E. Mapesos","Initial commit"
"android-app","android-app/app/src/main/cpp/llama.cpp/ggml/src/ggml-cuda/set-rows.cu","2026-05-25T07:37:00+08:00","af05997","Gean Dhylan E. Mapesos","Update llama.cpp vendor for mtmd"
"android-app","android-app/app/src/main/cpp/llama.cpp/ggml/src/ggml-cuda/set-rows.cuh","2026-05-25T07:37:00+08:00","af05997","Gean Dhylan E. Mapesos","Update llama.cpp vendor for mtmd"
"android-app","android-app/app/src/main/cpp/llama.cpp/ggml/src/ggml-cuda/set.cu","2026-05-25T07:37:00+08:00","af05997","Gean Dhylan E. Mapesos","Update llama.cpp vendor for mtmd"
"android-app","android-app/app/src/main/cpp/llama.cpp/ggml/src/ggml-cuda/set.cuh","2026-05-25T07:37:00+08:00","af05997","Gean Dhylan E. Mapesos","Update llama.cpp vendor for mtmd"
"android-app","android-app/app/src/main/cpp/llama.cpp/ggml/src/ggml-cuda/snake.cu","2026-05-25T07:37:00+08:00","af05997","Gean Dhylan E. Mapesos","Update llama.cpp vendor for mtmd"
"android-app","android-app/app/src/main/cpp/llama.cpp/ggml/src/ggml-cuda/snake.cuh","2026-05-25T07:37:00+08:00","af05997","Gean Dhylan E. Mapesos","Update llama.cpp vendor for mtmd"
"android-app","android-app/app/src/main/cpp/llama.cpp/ggml/src/ggml-cuda/softcap.cu","2026-05-25T07:37:00+08:00","af05997","Gean Dhylan E. Mapesos","Update llama.cpp vendor for mtmd"
"android-app","android-app/app/src/main/cpp/llama.cpp/ggml/src/ggml-cuda/softcap.cuh","2026-05-25T07:37:00+08:00","af05997","Gean Dhylan E. Mapesos","Update llama.cpp vendor for mtmd"
"android-app","android-app/app/src/main/cpp/llama.cpp/ggml/src/ggml-cuda/softmax.cu","2026-05-25T07:37:00+08:00","af05997","Gean Dhylan E. Mapesos","Update llama.cpp vendor for mtmd"
"android-app","android-app/app/src/main/cpp/llama.cpp/ggml/src/ggml-cuda/softmax.cuh","2026-05-25T07:37:00+08:00","af05997","Gean Dhylan E. Mapesos","Update llama.cpp vendor for mtmd"
"android-app","android-app/app/src/main/cpp/llama.cpp/ggml/src/ggml-cuda/solve_tri.cu","2026-05-25T07:37:00+08:00","af05997","Gean Dhylan E. Mapesos","Update llama.cpp vendor for mtmd"
"android-app","android-app/app/src/main/cpp/llama.cpp/ggml/src/ggml-cuda/solve_tri.cuh","2026-05-25T07:37:00+08:00","af05997","Gean Dhylan E. Mapesos","Update llama.cpp vendor for mtmd"
"android-app","android-app/app/src/main/cpp/llama.cpp/ggml/src/ggml-cuda/ssm-conv.cu","2026-05-25T07:37:00+08:00","af05997","Gean Dhylan E. Mapesos","Update llama.cpp vendor for mtmd"
"android-app","android-app/app/src/main/cpp/llama.cpp/ggml/src/ggml-cuda/ssm-conv.cuh","2026-05-25T07:37:00+08:00","af05997","Gean Dhylan E. Mapesos","Update llama.cpp vendor for mtmd"
"android-app","android-app/app/src/main/cpp/llama.cpp/ggml/src/ggml-cuda/ssm-scan.cu","2026-05-25T07:37:00+08:00","af05997","Gean Dhylan E. Mapesos","Update llama.cpp vendor for mtmd"
"android-app","android-app/app/src/main/cpp/llama.cpp/ggml/src/ggml-cuda/ssm-scan.cuh","2026-05-25T07:37:00+08:00","af05997","Gean Dhylan E. Mapesos","Update llama.cpp vendor for mtmd"
"android-app","android-app/app/src/main/cpp/llama.cpp/ggml/src/ggml-cuda/sum.cu","2026-05-25T07:37:00+08:00","af05997","Gean Dhylan E. Mapesos","Update llama.cpp vendor for mtmd"
"android-app","android-app/app/src/main/cpp/llama.cpp/ggml/src/ggml-cuda/sum.cuh","2026-05-23T17:43:15+08:00","af33d7f","Gean Dhylan E. Mapesos","Initial commit"
"android-app","android-app/app/src/main/cpp/llama.cpp/ggml/src/ggml-cuda/sumrows.cu","2026-05-25T07:37:00+08:00","af05997","Gean Dhylan E. Mapesos","Update llama.cpp vendor for mtmd"
"android-app","android-app/app/src/main/cpp/llama.cpp/ggml/src/ggml-cuda/sumrows.cuh","2026-05-25T07:37:00+08:00","af05997","Gean Dhylan E. Mapesos","Update llama.cpp vendor for mtmd"
"android-app","android-app/app/src/main/cpp/llama.cpp/ggml/src/ggml-cuda/template-instances/fattn-mma-f16-instance-ncols1_1-ncols2_16.cu","2026-05-25T07:37:00+08:00","af05997","Gean Dhylan E. Mapesos","Update llama.cpp vendor for mtmd"
"android-app","android-app/app/src/main/cpp/llama.cpp/ggml/src/ggml-cuda/template-instances/fattn-mma-f16-instance-ncols1_1-ncols2_32.cu","2026-05-25T07:37:00+08:00","af05997","Gean Dhylan E. Mapesos","Update llama.cpp vendor for mtmd"
"android-app","android-app/app/src/main/cpp/llama.cpp/ggml/src/ggml-cuda/template-instances/fattn-mma-f16-instance-ncols1_1-ncols2_8.cu","2026-05-25T07:37:00+08:00","af05997","Gean Dhylan E. Mapesos","Update llama.cpp vendor for mtmd"
"android-app","android-app/app/src/main/cpp/llama.cpp/ggml/src/ggml-cuda/template-instances/fattn-mma-f16-instance-ncols1_16-ncols2_1.cu","2026-05-25T07:37:00+08:00","af05997","Gean Dhylan E. Mapesos","Update llama.cpp vendor for mtmd"
"android-app","android-app/app/src/main/cpp/llama.cpp/ggml/src/ggml-cuda/template-instances/fattn-mma-f16-instance-ncols1_16-ncols2_2.cu","2026-05-25T07:37:00+08:00","af05997","Gean Dhylan E. Mapesos","Update llama.cpp vendor for mtmd"
"android-app","android-app/app/src/main/cpp/llama.cpp/ggml/src/ggml-cuda/template-instances/fattn-mma-f16-instance-ncols1_16-ncols2_4.cu","2026-05-25T07:37:00+08:00","af05997","Gean Dhylan E. Mapesos","Update llama.cpp vendor for mtmd"
"android-app","android-app/app/src/main/cpp/llama.cpp/ggml/src/ggml-cuda/template-instances/fattn-mma-f16-instance-ncols1_2-ncols2_16.cu","2026-05-25T07:37:00+08:00","af05997","Gean Dhylan E. Mapesos","Update llama.cpp vendor for mtmd"
"android-app","android-app/app/src/main/cpp/llama.cpp/ggml/src/ggml-cuda/template-instances/fattn-mma-f16-instance-ncols1_2-ncols2_32.cu","2026-05-25T07:37:00+08:00","af05997","Gean Dhylan E. Mapesos","Update llama.cpp vendor for mtmd"
"android-app","android-app/app/src/main/cpp/llama.cpp/ggml/src/ggml-cuda/template-instances/fattn-mma-f16-instance-ncols1_2-ncols2_4.cu","2026-05-25T07:37:00+08:00","af05997","Gean Dhylan E. Mapesos","Update llama.cpp vendor for mtmd"
"android-app","android-app/app/src/main/cpp/llama.cpp/ggml/src/ggml-cuda/template-instances/fattn-mma-f16-instance-ncols1_2-ncols2_8.cu","2026-05-25T07:37:00+08:00","af05997","Gean Dhylan E. Mapesos","Update llama.cpp vendor for mtmd"
"android-app","android-app/app/src/main/cpp/llama.cpp/ggml/src/ggml-cuda/template-instances/fattn-mma-f16-instance-ncols1_32-ncols2_1.cu","2026-05-25T07:37:00+08:00","af05997","Gean Dhylan E. Mapesos","Update llama.cpp vendor for mtmd"
"android-app","android-app/app/src/main/cpp/llama.cpp/ggml/src/ggml-cuda/template-instances/fattn-mma-f16-instance-ncols1_32-ncols2_2.cu","2026-05-25T07:37:00+08:00","af05997","Gean Dhylan E. Mapesos","Update llama.cpp vendor for mtmd"
"android-app","android-app/app/src/main/cpp/llama.cpp/ggml/src/ggml-cuda/template-instances/fattn-mma-f16-instance-ncols1_4-ncols2_16.cu","2026-05-25T07:37:00+08:00","af05997","Gean Dhylan E. Mapesos","Update llama.cpp vendor for mtmd"
"android-app","android-app/app/src/main/cpp/llama.cpp/ggml/src/ggml-cuda/template-instances/fattn-mma-f16-instance-ncols1_4-ncols2_2.cu","2026-05-25T07:37:00+08:00","af05997","Gean Dhylan E. Mapesos","Update llama.cpp vendor for mtmd"
"android-app","android-app/app/src/main/cpp/llama.cpp/ggml/src/ggml-cuda/template-instances/fattn-mma-f16-instance-ncols1_4-ncols2_4.cu","2026-05-25T07:37:00+08:00","af05997","Gean Dhylan E. Mapesos","Update llama.cpp vendor for mtmd"
"android-app","android-app/app/src/main/cpp/llama.cpp/ggml/src/ggml-cuda/template-instances/fattn-mma-f16-instance-ncols1_4-ncols2_8.cu","2026-05-25T07:37:00+08:00","af05997","Gean Dhylan E. Mapesos","Update llama.cpp vendor for mtmd"
"android-app","android-app/app/src/main/cpp/llama.cpp/ggml/src/ggml-cuda/template-instances/fattn-mma-f16-instance-ncols1_64-ncols2_1.cu","2026-05-25T07:37:00+08:00","af05997","Gean Dhylan E. Mapesos","Update llama.cpp vendor for mtmd"
"android-app","android-app/app/src/main/cpp/llama.cpp/ggml/src/ggml-cuda/template-instances/fattn-mma-f16-instance-ncols1_8-ncols2_1.cu","2026-05-25T07:37:00+08:00","af05997","Gean Dhylan E. Mapesos","Update llama.cpp vendor for mtmd"
"android-app","android-app/app/src/main/cpp/llama.cpp/ggml/src/ggml-cuda/template-instances/fattn-mma-f16-instance-ncols1_8-ncols2_2.cu","2026-05-25T07:37:00+08:00","af05997","Gean Dhylan E. Mapesos","Update llama.cpp vendor for mtmd"
"android-app","android-app/app/src/main/cpp/llama.cpp/ggml/src/ggml-cuda/template-instances/fattn-mma-f16-instance-ncols1_8-ncols2_4.cu","2026-05-25T07:37:00+08:00","af05997","Gean Dhylan E. Mapesos","Update llama.cpp vendor for mtmd"
"android-app","android-app/app/src/main/cpp/llama.cpp/ggml/src/ggml-cuda/template-instances/fattn-mma-f16-instance-ncols1_8-ncols2_8.cu","2026-05-25T07:37:00+08:00","af05997","Gean Dhylan E. Mapesos","Update llama.cpp vendor for mtmd"
"android-app","android-app/app/src/main/cpp/llama.cpp/ggml/src/ggml-cuda/template-instances/fattn-tile-instance-dkq112-dv112.cu","2026-05-25T07:37:00+08:00","af05997","Gean Dhylan E. Mapesos","Update llama.cpp vendor for mtmd"
"android-app","android-app/app/src/main/cpp/llama.cpp/ggml/src/ggml-cuda/template-instances/fattn-tile-instance-dkq128-dv128.cu","2026-05-25T07:37:00+08:00","af05997","Gean Dhylan E. Mapesos","Update llama.cpp vendor for mtmd"
"android-app","android-app/app/src/main/cpp/llama.cpp/ggml/src/ggml-cuda/template-instances/fattn-tile-instance-dkq192-dv128.cu","2026-05-25T07:37:00+08:00","af05997","Gean Dhylan E. Mapesos","Update llama.cpp vendor for mtmd"
"android-app","android-app/app/src/main/cpp/llama.cpp/ggml/src/ggml-cuda/template-instances/fattn-tile-instance-dkq256-dv256.cu","2026-05-25T07:37:00+08:00","af05997","Gean Dhylan E. Mapesos","Update llama.cpp vendor for mtmd"
"android-app","android-app/app/src/main/cpp/llama.cpp/ggml/src/ggml-cuda/template-instances/fattn-tile-instance-dkq320-dv256.cu","2026-05-25T07:37:00+08:00","af05997","Gean Dhylan E. Mapesos","Update llama.cpp vendor for mtmd"
"android-app","android-app/app/src/main/cpp/llama.cpp/ggml/src/ggml-cuda/template-instances/fattn-tile-instance-dkq40-dv40.cu","2026-05-25T07:37:00+08:00","af05997","Gean Dhylan E. Mapesos","Update llama.cpp vendor for mtmd"
"android-app","android-app/app/src/main/cpp/llama.cpp/ggml/src/ggml-cuda/template-instances/fattn-tile-instance-dkq512-dv512.cu","2026-05-25T07:37:00+08:00","af05997","Gean Dhylan E. Mapesos","Update llama.cpp vendor for mtmd"
"android-app","android-app/app/src/main/cpp/llama.cpp/ggml/src/ggml-cuda/template-instances/fattn-tile-instance-dkq576-dv512.cu","2026-05-25T07:37:00+08:00","af05997","Gean Dhylan E. Mapesos","Update llama.cpp vendor for mtmd"
"android-app","android-app/app/src/main/cpp/llama.cpp/ggml/src/ggml-cuda/template-instances/fattn-tile-instance-dkq64-dv64.cu","2026-05-25T07:37:00+08:00","af05997","Gean Dhylan E. Mapesos","Update llama.cpp vendor for mtmd"
"android-app","android-app/app/src/main/cpp/llama.cpp/ggml/src/ggml-cuda/template-instances/fattn-tile-instance-dkq72-dv72.cu","2026-05-25T07:37:00+08:00","af05997","Gean Dhylan E. Mapesos","Update llama.cpp vendor for mtmd"
"android-app","android-app/app/src/main/cpp/llama.cpp/ggml/src/ggml-cuda/template-instances/fattn-tile-instance-dkq80-dv80.cu","2026-05-25T07:37:00+08:00","af05997","Gean Dhylan E. Mapesos","Update llama.cpp vendor for mtmd"
"android-app","android-app/app/src/main/cpp/llama.cpp/ggml/src/ggml-cuda/template-instances/fattn-tile-instance-dkq96-dv96.cu","2026-05-25T07:37:00+08:00","af05997","Gean Dhylan E. Mapesos","Update llama.cpp vendor for mtmd"
"android-app","android-app/app/src/main/cpp/llama.cpp/ggml/src/ggml-cuda/template-instances/fattn-vec-instance-bf16-bf16.cu","2026-05-25T07:37:00+08:00","af05997","Gean Dhylan E. Mapesos","Update llama.cpp vendor for mtmd"
"android-app","android-app/app/src/main/cpp/llama.cpp/ggml/src/ggml-cuda/template-instances/fattn-vec-instance-bf16-f16.cu","2026-05-25T07:37:00+08:00","af05997","Gean Dhylan E. Mapesos","Update llama.cpp vendor for mtmd"
"android-app","android-app/app/src/main/cpp/llama.cpp/ggml/src/ggml-cuda/template-instances/fattn-vec-instance-bf16-q4_0.cu","2026-05-25T07:37:00+08:00","af05997","Gean Dhylan E. Mapesos","Update llama.cpp vendor for mtmd"
"android-app","android-app/app/src/main/cpp/llama.cpp/ggml/src/ggml-cuda/template-instances/fattn-vec-instance-bf16-q4_1.cu","2026-05-25T07:37:00+08:00","af05997","Gean Dhylan E. Mapesos","Update llama.cpp vendor for mtmd"
"android-app","android-app/app/src/main/cpp/llama.cpp/ggml/src/ggml-cuda/template-instances/fattn-vec-instance-bf16-q5_0.cu","2026-05-25T07:37:00+08:00","af05997","Gean Dhylan E. Mapesos","Update llama.cpp vendor for mtmd"
"android-app","android-app/app/src/main/cpp/llama.cpp/ggml/src/ggml-cuda/template-instances/fattn-vec-instance-bf16-q5_1.cu","2026-05-25T07:37:00+08:00","af05997","Gean Dhylan E. Mapesos","Update llama.cpp vendor for mtmd"
"android-app","android-app/app/src/main/cpp/llama.cpp/ggml/src/ggml-cuda/template-instances/fattn-vec-instance-bf16-q8_0.cu","2026-05-25T07:37:00+08:00","af05997","Gean Dhylan E. Mapesos","Update llama.cpp vendor for mtmd"
"android-app","android-app/app/src/main/cpp/llama.cpp/ggml/src/ggml-cuda/template-instances/fattn-vec-instance-f16-bf16.cu","2026-05-25T07:37:00+08:00","af05997","Gean Dhylan E. Mapesos","Update llama.cpp vendor for mtmd"
"android-app","android-app/app/src/main/cpp/llama.cpp/ggml/src/ggml-cuda/template-instances/fattn-vec-instance-f16-f16.cu","2026-05-25T07:37:00+08:00","af05997","Gean Dhylan E. Mapesos","Update llama.cpp vendor for mtmd"
"android-app","android-app/app/src/main/cpp/llama.cpp/ggml/src/ggml-cuda/template-instances/fattn-vec-instance-f16-q4_0.cu","2026-05-25T07:37:00+08:00","af05997","Gean Dhylan E. Mapesos","Update llama.cpp vendor for mtmd"
"android-app","android-app/app/src/main/cpp/llama.cpp/ggml/src/ggml-cuda/template-instances/fattn-vec-instance-f16-q4_1.cu","2026-05-25T07:37:00+08:00","af05997","Gean Dhylan E. Mapesos","Update llama.cpp vendor for mtmd"
"android-app","android-app/app/src/main/cpp/llama.cpp/ggml/src/ggml-cuda/template-instances/fattn-vec-instance-f16-q5_0.cu","2026-05-25T07:37:00+08:00","af05997","Gean Dhylan E. Mapesos","Update llama.cpp vendor for mtmd"
"android-app","android-app/app/src/main/cpp/llama.cpp/ggml/src/ggml-cuda/template-instances/fattn-vec-instance-f16-q5_1.cu","2026-05-25T07:37:00+08:00","af05997","Gean Dhylan E. Mapesos","Update llama.cpp vendor for mtmd"
"android-app","android-app/app/src/main/cpp/llama.cpp/ggml/src/ggml-cuda/template-instances/fattn-vec-instance-f16-q8_0.cu","2026-05-25T07:37:00+08:00","af05997","Gean Dhylan E. Mapesos","Update llama.cpp vendor for mtmd"
"android-app","android-app/app/src/main/cpp/llama.cpp/ggml/src/ggml-cuda/template-instances/fattn-vec-instance-q4_0-bf16.cu","2026-05-25T07:37:00+08:00","af05997","Gean Dhylan E. Mapesos","Update llama.cpp vendor for mtmd"
"android-app","android-app/app/src/main/cpp/llama.cpp/ggml/src/ggml-cuda/template-instances/fattn-vec-instance-q4_0-f16.cu","2026-05-25T07:37:00+08:00","af05997","Gean Dhylan E. Mapesos","Update llama.cpp vendor for mtmd"
"android-app","android-app/app/src/main/cpp/llama.cpp/ggml/src/ggml-cuda/template-instances/fattn-vec-instance-q4_0-q4_0.cu","2026-05-25T07:37:00+08:00","af05997","Gean Dhylan E. Mapesos","Update llama.cpp vendor for mtmd"
"android-app","android-app/app/src/main/cpp/llama.cpp/ggml/src/ggml-cuda/template-instances/fattn-vec-instance-q4_0-q4_1.cu","2026-05-25T07:37:00+08:00","af05997","Gean Dhylan E. Mapesos","Update llama.cpp vendor for mtmd"
"android-app","android-app/app/src/main/cpp/llama.cpp/ggml/src/ggml-cuda/template-instances/fattn-vec-instance-q4_0-q5_0.cu","2026-05-25T07:37:00+08:00","af05997","Gean Dhylan E. Mapesos","Update llama.cpp vendor for mtmd"
"android-app","android-app/app/src/main/cpp/llama.cpp/ggml/src/ggml-cuda/template-instances/fattn-vec-instance-q4_0-q5_1.cu","2026-05-25T07:37:00+08:00","af05997","Gean Dhylan E. Mapesos","Update llama.cpp vendor for mtmd"
"android-app","android-app/app/src/main/cpp/llama.cpp/ggml/src/ggml-cuda/template-instances/fattn-vec-instance-q4_0-q8_0.cu","2026-05-25T07:37:00+08:00","af05997","Gean Dhylan E. Mapesos","Update llama.cpp vendor for mtmd"
"android-app","android-app/app/src/main/cpp/llama.cpp/ggml/src/ggml-cuda/template-instances/fattn-vec-instance-q4_1-bf16.cu","2026-05-25T07:37:00+08:00","af05997","Gean Dhylan E. Mapesos","Update llama.cpp vendor for mtmd"
"android-app","android-app/app/src/main/cpp/llama.cpp/ggml/src/ggml-cuda/template-instances/fattn-vec-instance-q4_1-f16.cu","2026-05-25T07:37:00+08:00","af05997","Gean Dhylan E. Mapesos","Update llama.cpp vendor for mtmd"
"android-app","android-app/app/src/main/cpp/llama.cpp/ggml/src/ggml-cuda/template-instances/fattn-vec-instance-q4_1-q4_0.cu","2026-05-25T07:37:00+08:00","af05997","Gean Dhylan E. Mapesos","Update llama.cpp vendor for mtmd"
"android-app","android-app/app/src/main/cpp/llama.cpp/ggml/src/ggml-cuda/template-instances/fattn-vec-instance-q4_1-q4_1.cu","2026-05-25T07:37:00+08:00","af05997","Gean Dhylan E. Mapesos","Update llama.cpp vendor for mtmd"
"android-app","android-app/app/src/main/cpp/llama.cpp/ggml/src/ggml-cuda/template-instances/fattn-vec-instance-q4_1-q5_0.cu","2026-05-25T07:37:00+08:00","af05997","Gean Dhylan E. Mapesos","Update llama.cpp vendor for mtmd"
"android-app","android-app/app/src/main/cpp/llama.cpp/ggml/src/ggml-cuda/template-instances/fattn-vec-instance-q4_1-q5_1.cu","2026-05-25T07:37:00+08:00","af05997","Gean Dhylan E. Mapesos","Update llama.cpp vendor for mtmd"
"android-app","android-app/app/src/main/cpp/llama.cpp/ggml/src/ggml-cuda/template-instances/fattn-vec-instance-q4_1-q8_0.cu","2026-05-25T07:37:00+08:00","af05997","Gean Dhylan E. Mapesos","Update llama.cpp vendor for mtmd"
"android-app","android-app/app/src/main/cpp/llama.cpp/ggml/src/ggml-cuda/template-instances/fattn-vec-instance-q5_0-bf16.cu","2026-05-25T07:37:00+08:00","af05997","Gean Dhylan E. Mapesos","Update llama.cpp vendor for mtmd"
"android-app","android-app/app/src/main/cpp/llama.cpp/ggml/src/ggml-cuda/template-instances/fattn-vec-instance-q5_0-f16.cu","2026-05-25T07:37:00+08:00","af05997","Gean Dhylan E. Mapesos","Update llama.cpp vendor for mtmd"
"android-app","android-app/app/src/main/cpp/llama.cpp/ggml/src/ggml-cuda/template-instances/fattn-vec-instance-q5_0-q4_0.cu","2026-05-25T07:37:00+08:00","af05997","Gean Dhylan E. Mapesos","Update llama.cpp vendor for mtmd"
"android-app","android-app/app/src/main/cpp/llama.cpp/ggml/src/ggml-cuda/template-instances/fattn-vec-instance-q5_0-q4_1.cu","2026-05-25T07:37:00+08:00","af05997","Gean Dhylan E. Mapesos","Update llama.cpp vendor for mtmd"
"android-app","android-app/app/src/main/cpp/llama.cpp/ggml/src/ggml-cuda/template-instances/fattn-vec-instance-q5_0-q5_0.cu","2026-05-25T07:37:00+08:00","af05997","Gean Dhylan E. Mapesos","Update llama.cpp vendor for mtmd"
"android-app","android-app/app/src/main/cpp/llama.cpp/ggml/src/ggml-cuda/template-instances/fattn-vec-instance-q5_0-q5_1.cu","2026-05-25T07:37:00+08:00","af05997","Gean Dhylan E. Mapesos","Update llama.cpp vendor for mtmd"
"android-app","android-app/app/src/main/cpp/llama.cpp/ggml/src/ggml-cuda/template-instances/fattn-vec-instance-q5_0-q8_0.cu","2026-05-25T07:37:00+08:00","af05997","Gean Dhylan E. Mapesos","Update llama.cpp vendor for mtmd"
"android-app","android-app/app/src/main/cpp/llama.cpp/ggml/src/ggml-cuda/template-instances/fattn-vec-instance-q5_1-bf16.cu","2026-05-25T07:37:00+08:00","af05997","Gean Dhylan E. Mapesos","Update llama.cpp vendor for mtmd"
"android-app","android-app/app/src/main/cpp/llama.cpp/ggml/src/ggml-cuda/template-instances/fattn-vec-instance-q5_1-f16.cu","2026-05-25T07:37:00+08:00","af05997","Gean Dhylan E. Mapesos","Update llama.cpp vendor for mtmd"
"android-app","android-app/app/src/main/cpp/llama.cpp/ggml/src/ggml-cuda/template-instances/fattn-vec-instance-q5_1-q4_0.cu","2026-05-25T07:37:00+08:00","af05997","Gean Dhylan E. Mapesos","Update llama.cpp vendor for mtmd"
"android-app","android-app/app/src/main/cpp/llama.cpp/ggml/src/ggml-cuda/template-instances/fattn-vec-instance-q5_1-q4_1.cu","2026-05-25T07:37:00+08:00","af05997","Gean Dhylan E. Mapesos","Update llama.cpp vendor for mtmd"
"android-app","android-app/app/src/main/cpp/llama.cpp/ggml/src/ggml-cuda/template-instances/fattn-vec-instance-q5_1-q5_0.cu","2026-05-25T07:37:00+08:00","af05997","Gean Dhylan E. Mapesos","Update llama.cpp vendor for mtmd"
"android-app","android-app/app/src/main/cpp/llama.cpp/ggml/src/ggml-cuda/template-instances/fattn-vec-instance-q5_1-q5_1.cu","2026-05-25T07:37:00+08:00","af05997","Gean Dhylan E. Mapesos","Update llama.cpp vendor for mtmd"
"android-app","android-app/app/src/main/cpp/llama.cpp/ggml/src/ggml-cuda/template-instances/fattn-vec-instance-q5_1-q8_0.cu","2026-05-25T07:37:00+08:00","af05997","Gean Dhylan E. Mapesos","Update llama.cpp vendor for mtmd"
"android-app","android-app/app/src/main/cpp/llama.cpp/ggml/src/ggml-cuda/template-instances/fattn-vec-instance-q8_0-bf16.cu","2026-05-25T07:37:00+08:00","af05997","Gean Dhylan E. Mapesos","Update llama.cpp vendor for mtmd"
"android-app","android-app/app/src/main/cpp/llama.cpp/ggml/src/ggml-cuda/template-instances/fattn-vec-instance-q8_0-f16.cu","2026-05-25T07:37:00+08:00","af05997","Gean Dhylan E. Mapesos","Update llama.cpp vendor for mtmd"
"android-app","android-app/app/src/main/cpp/llama.cpp/ggml/src/ggml-cuda/template-instances/fattn-vec-instance-q8_0-q4_0.cu","2026-05-25T07:37:00+08:00","af05997","Gean Dhylan E. Mapesos","Update llama.cpp vendor for mtmd"
"android-app","android-app/app/src/main/cpp/llama.cpp/ggml/src/ggml-cuda/template-instances/fattn-vec-instance-q8_0-q4_1.cu","2026-05-25T07:37:00+08:00","af05997","Gean Dhylan E. Mapesos","Update llama.cpp vendor for mtmd"
"android-app","android-app/app/src/main/cpp/llama.cpp/ggml/src/ggml-cuda/template-instances/fattn-vec-instance-q8_0-q5_0.cu","2026-05-25T07:37:00+08:00","af05997","Gean Dhylan E. Mapesos","Update llama.cpp vendor for mtmd"
"android-app","android-app/app/src/main/cpp/llama.cpp/ggml/src/ggml-cuda/template-instances/fattn-vec-instance-q8_0-q5_1.cu","2026-05-25T07:37:00+08:00","af05997","Gean Dhylan E. Mapesos","Update llama.cpp vendor for mtmd"
"android-app","android-app/app/src/main/cpp/llama.cpp/ggml/src/ggml-cuda/template-instances/fattn-vec-instance-q8_0-q8_0.cu","2026-05-25T07:37:00+08:00","af05997","Gean Dhylan E. Mapesos","Update llama.cpp vendor for mtmd"
"android-app","android-app/app/src/main/cpp/llama.cpp/ggml/src/ggml-cuda/template-instances/generate_cu_files.py","2026-05-25T07:37:00+08:00","af05997","Gean Dhylan E. Mapesos","Update llama.cpp vendor for mtmd"
"android-app","android-app/app/src/main/cpp/llama.cpp/ggml/src/ggml-cuda/template-instances/mmf-instance-ncols_1.cu","2026-05-25T07:37:00+08:00","af05997","Gean Dhylan E. Mapesos","Update llama.cpp vendor for mtmd"
"android-app","android-app/app/src/main/cpp/llama.cpp/ggml/src/ggml-cuda/template-instances/mmf-instance-ncols_10.cu","2026-05-25T07:37:00+08:00","af05997","Gean Dhylan E. Mapesos","Update llama.cpp vendor for mtmd"
"android-app","android-app/app/src/main/cpp/llama.cpp/ggml/src/ggml-cuda/template-instances/mmf-instance-ncols_11.cu","2026-05-25T07:37:00+08:00","af05997","Gean Dhylan E. Mapesos","Update llama.cpp vendor for mtmd"
"android-app","android-app/app/src/main/cpp/llama.cpp/ggml/src/ggml-cuda/template-instances/mmf-instance-ncols_12.cu","2026-05-25T07:37:00+08:00","af05997","Gean Dhylan E. Mapesos","Update llama.cpp vendor for mtmd"
"android-app","android-app/app/src/main/cpp/llama.cpp/ggml/src/ggml-cuda/template-instances/mmf-instance-ncols_13.cu","2026-05-25T07:37:00+08:00","af05997","Gean Dhylan E. Mapesos","Update llama.cpp vendor for mtmd"
"android-app","android-app/app/src/main/cpp/llama.cpp/ggml/src/ggml-cuda/template-instances/mmf-instance-ncols_14.cu","2026-05-25T07:37:00+08:00","af05997","Gean Dhylan E. Mapesos","Update llama.cpp vendor for mtmd"
"android-app","android-app/app/src/main/cpp/llama.cpp/ggml/src/ggml-cuda/template-instances/mmf-instance-ncols_15.cu","2026-05-25T07:37:00+08:00","af05997","Gean Dhylan E. Mapesos","Update llama.cpp vendor for mtmd"
"android-app","android-app/app/src/main/cpp/llama.cpp/ggml/src/ggml-cuda/template-instances/mmf-instance-ncols_16.cu","2026-05-25T07:37:00+08:00","af05997","Gean Dhylan E. Mapesos","Update llama.cpp vendor for mtmd"
"android-app","android-app/app/src/main/cpp/llama.cpp/ggml/src/ggml-cuda/template-instances/mmf-instance-ncols_2.cu","2026-05-25T07:37:00+08:00","af05997","Gean Dhylan E. Mapesos","Update llama.cpp vendor for mtmd"
"android-app","android-app/app/src/main/cpp/llama.cpp/ggml/src/ggml-cuda/template-instances/mmf-instance-ncols_3.cu","2026-05-25T07:37:00+08:00","af05997","Gean Dhylan E. Mapesos","Update llama.cpp vendor for mtmd"
"android-app","android-app/app/src/main/cpp/llama.cpp/ggml/src/ggml-cuda/template-instances/mmf-instance-ncols_4.cu","2026-05-25T07:37:00+08:00","af05997","Gean Dhylan E. Mapesos","Update llama.cpp vendor for mtmd"
"android-app","android-app/app/src/main/cpp/llama.cpp/ggml/src/ggml-cuda/template-instances/mmf-instance-ncols_5.cu","2026-05-25T07:37:00+08:00","af05997","Gean Dhylan E. Mapesos","Update llama.cpp vendor for mtmd"
"android-app","android-app/app/src/main/cpp/llama.cpp/ggml/src/ggml-cuda/template-instances/mmf-instance-ncols_6.cu","2026-05-25T07:37:00+08:00","af05997","Gean Dhylan E. Mapesos","Update llama.cpp vendor for mtmd"
"android-app","android-app/app/src/main/cpp/llama.cpp/ggml/src/ggml-cuda/template-instances/mmf-instance-ncols_7.cu","2026-05-25T07:37:00+08:00","af05997","Gean Dhylan E. Mapesos","Update llama.cpp vendor for mtmd"
"android-app","android-app/app/src/main/cpp/llama.cpp/ggml/src/ggml-cuda/template-instances/mmf-instance-ncols_8.cu","2026-05-25T07:37:00+08:00","af05997","Gean Dhylan E. Mapesos","Update llama.cpp vendor for mtmd"
"android-app","android-app/app/src/main/cpp/llama.cpp/ggml/src/ggml-cuda/template-instances/mmf-instance-ncols_9.cu","2026-05-25T07:37:00+08:00","af05997","Gean Dhylan E. Mapesos","Update llama.cpp vendor for mtmd"
"android-app","android-app/app/src/main/cpp/llama.cpp/ggml/src/ggml-cuda/template-instances/mmq-instance-iq1_s.cu","2026-05-23T17:43:15+08:00","af33d7f","Gean Dhylan E. Mapesos","Initial commit"
"android-app","android-app/app/src/main/cpp/llama.cpp/ggml/src/ggml-cuda/template-instances/mmq-instance-iq2_s.cu","2026-05-23T17:43:15+08:00","af33d7f","Gean Dhylan E. Mapesos","Initial commit"
"android-app","android-app/app/src/main/cpp/llama.cpp/ggml/src/ggml-cuda/template-instances/mmq-instance-iq2_xs.cu","2026-05-23T17:43:15+08:00","af33d7f","Gean Dhylan E. Mapesos","Initial commit"
"android-app","android-app/app/src/main/cpp/llama.cpp/ggml/src/ggml-cuda/template-instances/mmq-instance-iq2_xxs.cu","2026-05-23T17:43:15+08:00","af33d7f","Gean Dhylan E. Mapesos","Initial commit"
"android-app","android-app/app/src/main/cpp/llama.cpp/ggml/src/ggml-cuda/template-instances/mmq-instance-iq3_s.cu","2026-05-23T17:43:15+08:00","af33d7f","Gean Dhylan E. Mapesos","Initial commit"
"android-app","android-app/app/src/main/cpp/llama.cpp/ggml/src/ggml-cuda/template-instances/mmq-instance-iq3_xxs.cu","2026-05-23T17:43:15+08:00","af33d7f","Gean Dhylan E. Mapesos","Initial commit"
"android-app","android-app/app/src/main/cpp/llama.cpp/ggml/src/ggml-cuda/template-instances/mmq-instance-iq4_nl.cu","2026-05-23T17:43:15+08:00","af33d7f","Gean Dhylan E. Mapesos","Initial commit"
"android-app","android-app/app/src/main/cpp/llama.cpp/ggml/src/ggml-cuda/template-instances/mmq-instance-iq4_xs.cu","2026-05-23T17:43:15+08:00","af33d7f","Gean Dhylan E. Mapesos","Initial commit"
"android-app","android-app/app/src/main/cpp/llama.cpp/ggml/src/ggml-cuda/template-instances/mmq-instance-mxfp4.cu","2026-05-25T07:37:00+08:00","af05997","Gean Dhylan E. Mapesos","Update llama.cpp vendor for mtmd"
"android-app","android-app/app/src/main/cpp/llama.cpp/ggml/src/ggml-cuda/template-instances/mmq-instance-nvfp4.cu","2026-05-25T07:37:00+08:00","af05997","Gean Dhylan E. Mapesos","Update llama.cpp vendor for mtmd"
"android-app","android-app/app/src/main/cpp/llama.cpp/ggml/src/ggml-cuda/template-instances/mmq-instance-q1_0.cu","2026-05-25T07:37:00+08:00","af05997","Gean Dhylan E. Mapesos","Update llama.cpp vendor for mtmd"
"android-app","android-app/app/src/main/cpp/llama.cpp/ggml/src/ggml-cuda/template-instances/mmq-instance-q2_k.cu","2026-05-23T17:43:15+08:00","af33d7f","Gean Dhylan E. Mapesos","Initial commit"
"android-app","android-app/app/src/main/cpp/llama.cpp/ggml/src/ggml-cuda/template-instances/mmq-instance-q3_k.cu","2026-05-23T17:43:15+08:00","af33d7f","Gean Dhylan E. Mapesos","Initial commit"
"android-app","android-app/app/src/main/cpp/llama.cpp/ggml/src/ggml-cuda/template-instances/mmq-instance-q4_0.cu","2026-05-23T17:43:15+08:00","af33d7f","Gean Dhylan E. Mapesos","Initial commit"
"android-app","android-app/app/src/main/cpp/llama.cpp/ggml/src/ggml-cuda/template-instances/mmq-instance-q4_1.cu","2026-05-23T17:43:15+08:00","af33d7f","Gean Dhylan E. Mapesos","Initial commit"
"android-app","android-app/app/src/main/cpp/llama.cpp/ggml/src/ggml-cuda/template-instances/mmq-instance-q4_k.cu","2026-05-23T17:43:15+08:00","af33d7f","Gean Dhylan E. Mapesos","Initial commit"
"android-app","android-app/app/src/main/cpp/llama.cpp/ggml/src/ggml-cuda/template-instances/mmq-instance-q5_0.cu","2026-05-23T17:43:15+08:00","af33d7f","Gean Dhylan E. Mapesos","Initial commit"
"android-app","android-app/app/src/main/cpp/llama.cpp/ggml/src/ggml-cuda/template-instances/mmq-instance-q5_1.cu","2026-05-23T17:43:15+08:00","af33d7f","Gean Dhylan E. Mapesos","Initial commit"
"android-app","android-app/app/src/main/cpp/llama.cpp/ggml/src/ggml-cuda/template-instances/mmq-instance-q5_k.cu","2026-05-23T17:43:15+08:00","af33d7f","Gean Dhylan E. Mapesos","Initial commit"
"android-app","android-app/app/src/main/cpp/llama.cpp/ggml/src/ggml-cuda/template-instances/mmq-instance-q6_k.cu","2026-05-23T17:43:15+08:00","af33d7f","Gean Dhylan E. Mapesos","Initial commit"
"android-app","android-app/app/src/main/cpp/llama.cpp/ggml/src/ggml-cuda/template-instances/mmq-instance-q8_0.cu","2026-05-23T17:43:15+08:00","af33d7f","Gean Dhylan E. Mapesos","Initial commit"
"android-app","android-app/app/src/main/cpp/llama.cpp/ggml/src/ggml-cuda/top-k.cu","2026-05-25T07:37:00+08:00","af05997","Gean Dhylan E. Mapesos","Update llama.cpp vendor for mtmd"
"android-app","android-app/app/src/main/cpp/llama.cpp/ggml/src/ggml-cuda/top-k.cuh","2026-05-25T07:37:00+08:00","af05997","Gean Dhylan E. Mapesos","Update llama.cpp vendor for mtmd"
"android-app","android-app/app/src/main/cpp/llama.cpp/ggml/src/ggml-cuda/topk-moe.cu","2026-05-25T07:37:00+08:00","af05997","Gean Dhylan E. Mapesos","Update llama.cpp vendor for mtmd"
"android-app","android-app/app/src/main/cpp/llama.cpp/ggml/src/ggml-cuda/topk-moe.cuh","2026-05-25T07:37:00+08:00","af05997","Gean Dhylan E. Mapesos","Update llama.cpp vendor for mtmd"
"android-app","android-app/app/src/main/cpp/llama.cpp/ggml/src/ggml-cuda/tri.cu","2026-05-25T07:37:00+08:00","af05997","Gean Dhylan E. Mapesos","Update llama.cpp vendor for mtmd"
"android-app","android-app/app/src/main/cpp/llama.cpp/ggml/src/ggml-cuda/tri.cuh","2026-05-25T07:37:00+08:00","af05997","Gean Dhylan E. Mapesos","Update llama.cpp vendor for mtmd"
"android-app","android-app/app/src/main/cpp/llama.cpp/ggml/src/ggml-cuda/tsembd.cu","2026-05-25T07:37:00+08:00","af05997","Gean Dhylan E. Mapesos","Update llama.cpp vendor for mtmd"
"android-app","android-app/app/src/main/cpp/llama.cpp/ggml/src/ggml-cuda/tsembd.cuh","2026-05-23T17:43:15+08:00","af33d7f","Gean Dhylan E. Mapesos","Initial commit"
"android-app","android-app/app/src/main/cpp/llama.cpp/ggml/src/ggml-cuda/unary.cu","2026-05-25T07:37:00+08:00","af05997","Gean Dhylan E. Mapesos","Update llama.cpp vendor for mtmd"
"android-app","android-app/app/src/main/cpp/llama.cpp/ggml/src/ggml-cuda/unary.cuh","2026-05-25T07:37:00+08:00","af05997","Gean Dhylan E. Mapesos","Update llama.cpp vendor for mtmd"
"android-app","android-app/app/src/main/cpp/llama.cpp/ggml/src/ggml-cuda/upscale.cu","2026-05-25T07:37:00+08:00","af05997","Gean Dhylan E. Mapesos","Update llama.cpp vendor for mtmd"
"android-app","android-app/app/src/main/cpp/llama.cpp/ggml/src/ggml-cuda/upscale.cuh","2026-05-23T17:43:15+08:00","af33d7f","Gean Dhylan E. Mapesos","Initial commit"
"android-app","android-app/app/src/main/cpp/llama.cpp/ggml/src/ggml-cuda/vecdotq.cuh","2026-05-25T07:37:00+08:00","af05997","Gean Dhylan E. Mapesos","Update llama.cpp vendor for mtmd"
"android-app","android-app/app/src/main/cpp/llama.cpp/ggml/src/ggml-cuda/vendors/cuda.h","2026-05-25T07:37:00+08:00","af05997","Gean Dhylan E. Mapesos","Update llama.cpp vendor for mtmd"
"android-app","android-app/app/src/main/cpp/llama.cpp/ggml/src/ggml-cuda/vendors/hip.h","2026-05-25T07:37:00+08:00","af05997","Gean Dhylan E. Mapesos","Update llama.cpp vendor for mtmd"
"android-app","android-app/app/src/main/cpp/llama.cpp/ggml/src/ggml-cuda/vendors/musa.h","2026-05-25T07:37:00+08:00","af05997","Gean Dhylan E. Mapesos","Update llama.cpp vendor for mtmd"
"android-app","android-app/app/src/main/cpp/llama.cpp/ggml/src/ggml-cuda/wkv.cu","2026-05-25T07:37:00+08:00","af05997","Gean Dhylan E. Mapesos","Update llama.cpp vendor for mtmd"
"android-app","android-app/app/src/main/cpp/llama.cpp/ggml/src/ggml-cuda/wkv.cuh","2026-05-25T07:37:00+08:00","af05997","Gean Dhylan E. Mapesos","Update llama.cpp vendor for mtmd"
"android-app","android-app/app/src/main/cpp/llama.cpp/ggml/src/ggml-hexagon/CMakeLists.txt","2026-05-25T07:37:00+08:00","af05997","Gean Dhylan E. Mapesos","Update llama.cpp vendor for mtmd"
"android-app","android-app/app/src/main/cpp/llama.cpp/ggml/src/ggml-hexagon/ggml-hexagon.cpp","2026-05-25T07:37:00+08:00","af05997","Gean Dhylan E. Mapesos","Update llama.cpp vendor for mtmd"
"android-app","android-app/app/src/main/cpp/llama.cpp/ggml/src/ggml-hexagon/htp-drv.cpp","2026-05-25T07:37:00+08:00","af05997","Gean Dhylan E. Mapesos","Update llama.cpp vendor for mtmd"
"android-app","android-app/app/src/main/cpp/llama.cpp/ggml/src/ggml-hexagon/htp-drv.h","2026-05-25T07:37:00+08:00","af05997","Gean Dhylan E. Mapesos","Update llama.cpp vendor for mtmd"
"android-app","android-app/app/src/main/cpp/llama.cpp/ggml/src/ggml-hexagon/htp/CMakeLists.txt","2026-05-25T07:37:00+08:00","af05997","Gean Dhylan E. Mapesos","Update llama.cpp vendor for mtmd"
"android-app","android-app/app/src/main/cpp/llama.cpp/ggml/src/ggml-hexagon/htp/act-ops.c","2026-05-25T07:37:00+08:00","af05997","Gean Dhylan E. Mapesos","Update llama.cpp vendor for mtmd"
"android-app","android-app/app/src/main/cpp/llama.cpp/ggml/src/ggml-hexagon/htp/argsort-ops.c","2026-05-25T07:37:00+08:00","af05997","Gean Dhylan E. Mapesos","Update llama.cpp vendor for mtmd"
"android-app","android-app/app/src/main/cpp/llama.cpp/ggml/src/ggml-hexagon/htp/binary-ops.c","2026-05-25T07:38:54+08:00","d0f85c9","Gean Dhylan E. Mapesos","Clean llama.cpp vendor whitespace"
"android-app","android-app/app/src/main/cpp/llama.cpp/ggml/src/ggml-hexagon/htp/cmake-toolchain.cmake","2026-05-25T07:37:00+08:00","af05997","Gean Dhylan E. Mapesos","Update llama.cpp vendor for mtmd"
"android-app","android-app/app/src/main/cpp/llama.cpp/ggml/src/ggml-hexagon/htp/cpy-ops.c","2026-05-25T07:37:00+08:00","af05997","Gean Dhylan E. Mapesos","Update llama.cpp vendor for mtmd"
"android-app","android-app/app/src/main/cpp/llama.cpp/ggml/src/ggml-hexagon/htp/cumsum-ops.c","2026-05-25T07:37:00+08:00","af05997","Gean Dhylan E. Mapesos","Update llama.cpp vendor for mtmd"
"android-app","android-app/app/src/main/cpp/llama.cpp/ggml/src/ggml-hexagon/htp/diag-ops.c","2026-05-25T07:37:00+08:00","af05997","Gean Dhylan E. Mapesos","Update llama.cpp vendor for mtmd"
"android-app","android-app/app/src/main/cpp/llama.cpp/ggml/src/ggml-hexagon/htp/fill-ops.c","2026-05-25T07:37:00+08:00","af05997","Gean Dhylan E. Mapesos","Update llama.cpp vendor for mtmd"
"android-app","android-app/app/src/main/cpp/llama.cpp/ggml/src/ggml-hexagon/htp/flash-attn-ops.c","2026-05-25T07:37:00+08:00","af05997","Gean Dhylan E. Mapesos","Update llama.cpp vendor for mtmd"
"android-app","android-app/app/src/main/cpp/llama.cpp/ggml/src/ggml-hexagon/htp/gated-delta-net-ops.c","2026-05-25T07:37:00+08:00","af05997","Gean Dhylan E. Mapesos","Update llama.cpp vendor for mtmd"
"android-app","android-app/app/src/main/cpp/llama.cpp/ggml/src/ggml-hexagon/htp/get-rows-ops.c","2026-05-25T07:37:00+08:00","af05997","Gean Dhylan E. Mapesos","Update llama.cpp vendor for mtmd"
"android-app","android-app/app/src/main/cpp/llama.cpp/ggml/src/ggml-hexagon/htp/hex-dma.c","2026-05-25T07:37:00+08:00","af05997","Gean Dhylan E. Mapesos","Update llama.cpp vendor for mtmd"
"android-app","android-app/app/src/main/cpp/llama.cpp/ggml/src/ggml-hexagon/htp/hex-dma.h","2026-05-25T07:37:00+08:00","af05997","Gean Dhylan E. Mapesos","Update llama.cpp vendor for mtmd"
"android-app","android-app/app/src/main/cpp/llama.cpp/ggml/src/ggml-hexagon/htp/hex-dump.h","2026-05-25T07:37:00+08:00","af05997","Gean Dhylan E. Mapesos","Update llama.cpp vendor for mtmd"
"android-app","android-app/app/src/main/cpp/llama.cpp/ggml/src/ggml-hexagon/htp/hex-fastdiv.h","2026-05-25T07:37:00+08:00","af05997","Gean Dhylan E. Mapesos","Update llama.cpp vendor for mtmd"
"android-app","android-app/app/src/main/cpp/llama.cpp/ggml/src/ggml-hexagon/htp/hex-utils.h","2026-05-25T07:37:00+08:00","af05997","Gean Dhylan E. Mapesos","Update llama.cpp vendor for mtmd"
"android-app","android-app/app/src/main/cpp/llama.cpp/ggml/src/ggml-hexagon/htp/hmx-flash-attn-ops.c","2026-05-25T07:37:00+08:00","af05997","Gean Dhylan E. Mapesos","Update llama.cpp vendor for mtmd"
"android-app","android-app/app/src/main/cpp/llama.cpp/ggml/src/ggml-hexagon/htp/hmx-matmul-ops.c","2026-05-25T07:37:00+08:00","af05997","Gean Dhylan E. Mapesos","Update llama.cpp vendor for mtmd"
"android-app","android-app/app/src/main/cpp/llama.cpp/ggml/src/ggml-hexagon/htp/hmx-ops.h","2026-05-25T07:37:00+08:00","af05997","Gean Dhylan E. Mapesos","Update llama.cpp vendor for mtmd"
"android-app","android-app/app/src/main/cpp/llama.cpp/ggml/src/ggml-hexagon/htp/hmx-profile.h","2026-05-25T07:37:00+08:00","af05997","Gean Dhylan E. Mapesos","Update llama.cpp vendor for mtmd"
"android-app","android-app/app/src/main/cpp/llama.cpp/ggml/src/ggml-hexagon/htp/hmx-queue.c","2026-05-25T07:37:00+08:00","af05997","Gean Dhylan E. Mapesos","Update llama.cpp vendor for mtmd"
"android-app","android-app/app/src/main/cpp/llama.cpp/ggml/src/ggml-hexagon/htp/hmx-queue.h","2026-05-25T07:37:00+08:00","af05997","Gean Dhylan E. Mapesos","Update llama.cpp vendor for mtmd"
"android-app","android-app/app/src/main/cpp/llama.cpp/ggml/src/ggml-hexagon/htp/hmx-utils.h","2026-05-25T07:37:00+08:00","af05997","Gean Dhylan E. Mapesos","Update llama.cpp vendor for mtmd"
"android-app","android-app/app/src/main/cpp/llama.cpp/ggml/src/ggml-hexagon/htp/htp-ctx.h","2026-05-25T07:37:00+08:00","af05997","Gean Dhylan E. Mapesos","Update llama.cpp vendor for mtmd"
"android-app","android-app/app/src/main/cpp/llama.cpp/ggml/src/ggml-hexagon/htp/htp-ops.h","2026-05-25T07:37:00+08:00","af05997","Gean Dhylan E. Mapesos","Update llama.cpp vendor for mtmd"
"android-app","android-app/app/src/main/cpp/llama.cpp/ggml/src/ggml-hexagon/htp/htp_iface.idl","2026-05-25T07:37:00+08:00","af05997","Gean Dhylan E. Mapesos","Update llama.cpp vendor for mtmd"
"android-app","android-app/app/src/main/cpp/llama.cpp/ggml/src/ggml-hexagon/htp/hvx-arith.h","2026-05-25T07:37:00+08:00","af05997","Gean Dhylan E. Mapesos","Update llama.cpp vendor for mtmd"
"android-app","android-app/app/src/main/cpp/llama.cpp/ggml/src/ggml-hexagon/htp/hvx-base.h","2026-05-25T07:37:00+08:00","af05997","Gean Dhylan E. Mapesos","Update llama.cpp vendor for mtmd"
"android-app","android-app/app/src/main/cpp/llama.cpp/ggml/src/ggml-hexagon/htp/hvx-copy.h","2026-05-25T07:37:00+08:00","af05997","Gean Dhylan E. Mapesos","Update llama.cpp vendor for mtmd"
"android-app","android-app/app/src/main/cpp/llama.cpp/ggml/src/ggml-hexagon/htp/hvx-div.h","2026-05-25T07:37:00+08:00","af05997","Gean Dhylan E. Mapesos","Update llama.cpp vendor for mtmd"
"android-app","android-app/app/src/main/cpp/llama.cpp/ggml/src/ggml-hexagon/htp/hvx-dump.h","2026-05-25T07:37:00+08:00","af05997","Gean Dhylan E. Mapesos","Update llama.cpp vendor for mtmd"
"android-app","android-app/app/src/main/cpp/llama.cpp/ggml/src/ggml-hexagon/htp/hvx-exp.h","2026-05-25T07:37:00+08:00","af05997","Gean Dhylan E. Mapesos","Update llama.cpp vendor for mtmd"
"android-app","android-app/app/src/main/cpp/llama.cpp/ggml/src/ggml-hexagon/htp/hvx-floor.h","2026-05-25T07:37:00+08:00","af05997","Gean Dhylan E. Mapesos","Update llama.cpp vendor for mtmd"
"android-app","android-app/app/src/main/cpp/llama.cpp/ggml/src/ggml-hexagon/htp/hvx-inverse.h","2026-05-25T07:37:00+08:00","af05997","Gean Dhylan E. Mapesos","Update llama.cpp vendor for mtmd"
"android-app","android-app/app/src/main/cpp/llama.cpp/ggml/src/ggml-hexagon/htp/hvx-reduce.h","2026-05-25T07:37:00+08:00","af05997","Gean Dhylan E. Mapesos","Update llama.cpp vendor for mtmd"
"android-app","android-app/app/src/main/cpp/llama.cpp/ggml/src/ggml-hexagon/htp/hvx-repl.h","2026-05-25T07:37:00+08:00","af05997","Gean Dhylan E. Mapesos","Update llama.cpp vendor for mtmd"
"android-app","android-app/app/src/main/cpp/llama.cpp/ggml/src/ggml-hexagon/htp/hvx-scale.h","2026-05-25T07:37:00+08:00","af05997","Gean Dhylan E. Mapesos","Update llama.cpp vendor for mtmd"
"android-app","android-app/app/src/main/cpp/llama.cpp/ggml/src/ggml-hexagon/htp/hvx-sigmoid.h","2026-05-25T07:37:00+08:00","af05997","Gean Dhylan E. Mapesos","Update llama.cpp vendor for mtmd"
"android-app","android-app/app/src/main/cpp/llama.cpp/ggml/src/ggml-hexagon/htp/hvx-sqrt.h","2026-05-25T07:37:00+08:00","af05997","Gean Dhylan E. Mapesos","Update llama.cpp vendor for mtmd"
"android-app","android-app/app/src/main/cpp/llama.cpp/ggml/src/ggml-hexagon/htp/hvx-types.h","2026-05-25T07:37:00+08:00","af05997","Gean Dhylan E. Mapesos","Update llama.cpp vendor for mtmd"
"android-app","android-app/app/src/main/cpp/llama.cpp/ggml/src/ggml-hexagon/htp/hvx-utils.h","2026-05-25T07:37:00+08:00","af05997","Gean Dhylan E. Mapesos","Update llama.cpp vendor for mtmd"
"android-app","android-app/app/src/main/cpp/llama.cpp/ggml/src/ggml-hexagon/htp/main.c","2026-05-25T07:37:00+08:00","af05997","Gean Dhylan E. Mapesos","Update llama.cpp vendor for mtmd"
"android-app","android-app/app/src/main/cpp/llama.cpp/ggml/src/ggml-hexagon/htp/matmul-ops.c","2026-05-25T07:37:00+08:00","af05997","Gean Dhylan E. Mapesos","Update llama.cpp vendor for mtmd"
"android-app","android-app/app/src/main/cpp/llama.cpp/ggml/src/ggml-hexagon/htp/pad-ops.c","2026-05-25T07:38:54+08:00","d0f85c9","Gean Dhylan E. Mapesos","Clean llama.cpp vendor whitespace"
"android-app","android-app/app/src/main/cpp/llama.cpp/ggml/src/ggml-hexagon/htp/repeat-ops.c","2026-05-25T07:37:00+08:00","af05997","Gean Dhylan E. Mapesos","Update llama.cpp vendor for mtmd"
"android-app","android-app/app/src/main/cpp/llama.cpp/ggml/src/ggml-hexagon/htp/rope-ops.c","2026-05-25T07:37:00+08:00","af05997","Gean Dhylan E. Mapesos","Update llama.cpp vendor for mtmd"
"android-app","android-app/app/src/main/cpp/llama.cpp/ggml/src/ggml-hexagon/htp/set-rows-ops.c","2026-05-25T07:37:00+08:00","af05997","Gean Dhylan E. Mapesos","Update llama.cpp vendor for mtmd"
"android-app","android-app/app/src/main/cpp/llama.cpp/ggml/src/ggml-hexagon/htp/softmax-ops.c","2026-05-25T07:37:00+08:00","af05997","Gean Dhylan E. Mapesos","Update llama.cpp vendor for mtmd"
"android-app","android-app/app/src/main/cpp/llama.cpp/ggml/src/ggml-hexagon/htp/solve-tri-ops.c","2026-05-25T07:37:00+08:00","af05997","Gean Dhylan E. Mapesos","Update llama.cpp vendor for mtmd"
"android-app","android-app/app/src/main/cpp/llama.cpp/ggml/src/ggml-hexagon/htp/ssm-conv.c","2026-05-25T07:37:00+08:00","af05997","Gean Dhylan E. Mapesos","Update llama.cpp vendor for mtmd"
"android-app","android-app/app/src/main/cpp/llama.cpp/ggml/src/ggml-hexagon/htp/sum-rows-ops.c","2026-05-25T07:37:00+08:00","af05997","Gean Dhylan E. Mapesos","Update llama.cpp vendor for mtmd"
"android-app","android-app/app/src/main/cpp/llama.cpp/ggml/src/ggml-hexagon/htp/unary-ops.c","2026-05-25T07:37:00+08:00","af05997","Gean Dhylan E. Mapesos","Update llama.cpp vendor for mtmd"
"android-app","android-app/app/src/main/cpp/llama.cpp/ggml/src/ggml-hexagon/htp/vtcm-utils.h","2026-05-25T07:37:00+08:00","af05997","Gean Dhylan E. Mapesos","Update llama.cpp vendor for mtmd"
"android-app","android-app/app/src/main/cpp/llama.cpp/ggml/src/ggml-hexagon/htp/worker-pool.c","2026-05-25T07:37:00+08:00","af05997","Gean Dhylan E. Mapesos","Update llama.cpp vendor for mtmd"
"android-app","android-app/app/src/main/cpp/llama.cpp/ggml/src/ggml-hexagon/htp/worker-pool.h","2026-05-25T07:37:00+08:00","af05997","Gean Dhylan E. Mapesos","Update llama.cpp vendor for mtmd"
"android-app","android-app/app/src/main/cpp/llama.cpp/ggml/src/ggml-hexagon/libdl.h","2026-05-25T07:37:00+08:00","af05997","Gean Dhylan E. Mapesos","Update llama.cpp vendor for mtmd"
"android-app","android-app/app/src/main/cpp/llama.cpp/ggml/src/ggml-hexagon/libggml-htp.inf","2026-05-25T07:37:00+08:00","af05997","Gean Dhylan E. Mapesos","Update llama.cpp vendor for mtmd"
"android-app","android-app/app/src/main/cpp/llama.cpp/ggml/src/ggml-hexagon/op-desc.h","2026-05-25T07:37:00+08:00","af05997","Gean Dhylan E. Mapesos","Update llama.cpp vendor for mtmd"
"android-app","android-app/app/src/main/cpp/llama.cpp/ggml/src/ggml-hip/CMakeLists.txt","2026-05-25T07:37:00+08:00","af05997","Gean Dhylan E. Mapesos","Update llama.cpp vendor for mtmd"
"android-app","android-app/app/src/main/cpp/llama.cpp/ggml/src/ggml-impl.h","2026-05-25T07:37:00+08:00","af05997","Gean Dhylan E. Mapesos","Update llama.cpp vendor for mtmd"
"android-app","android-app/app/src/main/cpp/llama.cpp/ggml/src/ggml-metal/CMakeLists.txt","2026-05-25T07:37:00+08:00","af05997","Gean Dhylan E. Mapesos","Update llama.cpp vendor for mtmd"
"android-app","android-app/app/src/main/cpp/llama.cpp/ggml/src/ggml-metal/ggml-metal-common.cpp","2026-05-25T07:37:00+08:00","af05997","Gean Dhylan E. Mapesos","Update llama.cpp vendor for mtmd"
"android-app","android-app/app/src/main/cpp/llama.cpp/ggml/src/ggml-metal/ggml-metal-common.h","2026-05-25T07:37:00+08:00","af05997","Gean Dhylan E. Mapesos","Update llama.cpp vendor for mtmd"
"android-app","android-app/app/src/main/cpp/llama.cpp/ggml/src/ggml-metal/ggml-metal-context.h","2026-05-25T07:37:00+08:00","af05997","Gean Dhylan E. Mapesos","Update llama.cpp vendor for mtmd"
"android-app","android-app/app/src/main/cpp/llama.cpp/ggml/src/ggml-metal/ggml-metal-context.m","2026-05-25T07:37:00+08:00","af05997","Gean Dhylan E. Mapesos","Update llama.cpp vendor for mtmd"
"android-app","android-app/app/src/main/cpp/llama.cpp/ggml/src/ggml-metal/ggml-metal-device.cpp","2026-05-25T07:37:00+08:00","af05997","Gean Dhylan E. Mapesos","Update llama.cpp vendor for mtmd"
"android-app","android-app/app/src/main/cpp/llama.cpp/ggml/src/ggml-metal/ggml-metal-device.h","2026-05-25T07:37:00+08:00","af05997","Gean Dhylan E. Mapesos","Update llama.cpp vendor for mtmd"
"android-app","android-app/app/src/main/cpp/llama.cpp/ggml/src/ggml-metal/ggml-metal-device.m","2026-05-25T07:37:00+08:00","af05997","Gean Dhylan E. Mapesos","Update llama.cpp vendor for mtmd"
"android-app","android-app/app/src/main/cpp/llama.cpp/ggml/src/ggml-metal/ggml-metal-impl.h","2026-05-25T07:37:00+08:00","af05997","Gean Dhylan E. Mapesos","Update llama.cpp vendor for mtmd"
"android-app","android-app/app/src/main/cpp/llama.cpp/ggml/src/ggml-metal/ggml-metal-ops.cpp","2026-05-25T07:37:00+08:00","af05997","Gean Dhylan E. Mapesos","Update llama.cpp vendor for mtmd"
"android-app","android-app/app/src/main/cpp/llama.cpp/ggml/src/ggml-metal/ggml-metal-ops.h","2026-05-25T07:37:00+08:00","af05997","Gean Dhylan E. Mapesos","Update llama.cpp vendor for mtmd"
"android-app","android-app/app/src/main/cpp/llama.cpp/ggml/src/ggml-metal/ggml-metal.cpp","2026-05-25T07:37:00+08:00","af05997","Gean Dhylan E. Mapesos","Update llama.cpp vendor for mtmd"
"android-app","android-app/app/src/main/cpp/llama.cpp/ggml/src/ggml-metal/ggml-metal.metal","2026-05-25T07:37:00+08:00","af05997","Gean Dhylan E. Mapesos","Update llama.cpp vendor for mtmd"
"android-app","android-app/app/src/main/cpp/llama.cpp/ggml/src/ggml-musa/CMakeLists.txt","2026-05-25T07:37:00+08:00","af05997","Gean Dhylan E. Mapesos","Update llama.cpp vendor for mtmd"
"android-app","android-app/app/src/main/cpp/llama.cpp/ggml/src/ggml-musa/mudnn.cu","2026-05-25T07:37:00+08:00","af05997","Gean Dhylan E. Mapesos","Update llama.cpp vendor for mtmd"
"android-app","android-app/app/src/main/cpp/llama.cpp/ggml/src/ggml-musa/mudnn.cuh","2026-05-25T07:37:00+08:00","af05997","Gean Dhylan E. Mapesos","Update llama.cpp vendor for mtmd"
"android-app","android-app/app/src/main/cpp/llama.cpp/ggml/src/ggml-opencl/CMakeLists.txt","2026-05-25T07:37:00+08:00","af05997","Gean Dhylan E. Mapesos","Update llama.cpp vendor for mtmd"
"android-app","android-app/app/src/main/cpp/llama.cpp/ggml/src/ggml-opencl/ggml-opencl.cpp","2026-05-25T07:37:00+08:00","af05997","Gean Dhylan E. Mapesos","Update llama.cpp vendor for mtmd"
"android-app","android-app/app/src/main/cpp/llama.cpp/ggml/src/ggml-opencl/kernels/add.cl","2026-05-25T07:37:00+08:00","af05997","Gean Dhylan E. Mapesos","Update llama.cpp vendor for mtmd"
"android-app","android-app/app/src/main/cpp/llama.cpp/ggml/src/ggml-opencl/kernels/add_id.cl","2026-05-25T07:37:00+08:00","af05997","Gean Dhylan E. Mapesos","Update llama.cpp vendor for mtmd"
"android-app","android-app/app/src/main/cpp/llama.cpp/ggml/src/ggml-opencl/kernels/argsort.cl","2026-05-25T07:37:00+08:00","af05997","Gean Dhylan E. Mapesos","Update llama.cpp vendor for mtmd"
"android-app","android-app/app/src/main/cpp/llama.cpp/ggml/src/ggml-opencl/kernels/clamp.cl","2026-05-25T07:37:00+08:00","af05997","Gean Dhylan E. Mapesos","Update llama.cpp vendor for mtmd"
"android-app","android-app/app/src/main/cpp/llama.cpp/ggml/src/ggml-opencl/kernels/concat.cl","2026-05-25T07:37:00+08:00","af05997","Gean Dhylan E. Mapesos","Update llama.cpp vendor for mtmd"
"android-app","android-app/app/src/main/cpp/llama.cpp/ggml/src/ggml-opencl/kernels/conv2d.cl","2026-05-25T07:37:00+08:00","af05997","Gean Dhylan E. Mapesos","Update llama.cpp vendor for mtmd"
"android-app","android-app/app/src/main/cpp/llama.cpp/ggml/src/ggml-opencl/kernels/conv2d_f16_f32.cl","2026-05-25T07:37:00+08:00","af05997","Gean Dhylan E. Mapesos","Update llama.cpp vendor for mtmd"
"android-app","android-app/app/src/main/cpp/llama.cpp/ggml/src/ggml-opencl/kernels/cpy.cl","2026-05-25T07:37:00+08:00","af05997","Gean Dhylan E. Mapesos","Update llama.cpp vendor for mtmd"
"android-app","android-app/app/src/main/cpp/llama.cpp/ggml/src/ggml-opencl/kernels/cumsum.cl","2026-05-25T07:37:00+08:00","af05997","Gean Dhylan E. Mapesos","Update llama.cpp vendor for mtmd"
"android-app","android-app/app/src/main/cpp/llama.cpp/ggml/src/ggml-opencl/kernels/cvt.cl","2026-05-25T07:37:00+08:00","af05997","Gean Dhylan E. Mapesos","Update llama.cpp vendor for mtmd"
"android-app","android-app/app/src/main/cpp/llama.cpp/ggml/src/ggml-opencl/kernels/diag.cl","2026-05-25T07:37:00+08:00","af05997","Gean Dhylan E. Mapesos","Update llama.cpp vendor for mtmd"
"android-app","android-app/app/src/main/cpp/llama.cpp/ggml/src/ggml-opencl/kernels/diag_mask_inf.cl","2026-05-25T07:37:00+08:00","af05997","Gean Dhylan E. Mapesos","Update llama.cpp vendor for mtmd"
"android-app","android-app/app/src/main/cpp/llama.cpp/ggml/src/ggml-opencl/kernels/div.cl","2026-05-25T07:37:00+08:00","af05997","Gean Dhylan E. Mapesos","Update llama.cpp vendor for mtmd"
"android-app","android-app/app/src/main/cpp/llama.cpp/ggml/src/ggml-opencl/kernels/embed_kernel.py","2026-05-25T07:37:00+08:00","af05997","Gean Dhylan E. Mapesos","Update llama.cpp vendor for mtmd"
"android-app","android-app/app/src/main/cpp/llama.cpp/ggml/src/ggml-opencl/kernels/exp.cl","2026-05-25T07:37:00+08:00","af05997","Gean Dhylan E. Mapesos","Update llama.cpp vendor for mtmd"
"android-app","android-app/app/src/main/cpp/llama.cpp/ggml/src/ggml-opencl/kernels/expm1.cl","2026-05-25T07:37:00+08:00","af05997","Gean Dhylan E. Mapesos","Update llama.cpp vendor for mtmd"
"android-app","android-app/app/src/main/cpp/llama.cpp/ggml/src/ggml-opencl/kernels/fill.cl","2026-05-25T07:37:00+08:00","af05997","Gean Dhylan E. Mapesos","Update llama.cpp vendor for mtmd"
"android-app","android-app/app/src/main/cpp/llama.cpp/ggml/src/ggml-opencl/kernels/flash_attn_f16.cl","2026-05-25T07:37:00+08:00","af05997","Gean Dhylan E. Mapesos","Update llama.cpp vendor for mtmd"
"android-app","android-app/app/src/main/cpp/llama.cpp/ggml/src/ggml-opencl/kernels/flash_attn_f32.cl","2026-05-25T07:37:00+08:00","af05997","Gean Dhylan E. Mapesos","Update llama.cpp vendor for mtmd"
"android-app","android-app/app/src/main/cpp/llama.cpp/ggml/src/ggml-opencl/kernels/flash_attn_f32_f16.cl","2026-05-25T07:37:00+08:00","af05997","Gean Dhylan E. Mapesos","Update llama.cpp vendor for mtmd"
"android-app","android-app/app/src/main/cpp/llama.cpp/ggml/src/ggml-opencl/kernels/gelu.cl","2026-05-25T07:37:00+08:00","af05997","Gean Dhylan E. Mapesos","Update llama.cpp vendor for mtmd"
"android-app","android-app/app/src/main/cpp/llama.cpp/ggml/src/ggml-opencl/kernels/gemm_moe_mxfp4_f32.cl","2026-05-25T07:37:00+08:00","af05997","Gean Dhylan E. Mapesos","Update llama.cpp vendor for mtmd"
"android-app","android-app/app/src/main/cpp/llama.cpp/ggml/src/ggml-opencl/kernels/gemm_moe_mxfp4_f32_ns.cl","2026-05-25T07:37:00+08:00","af05997","Gean Dhylan E. Mapesos","Update llama.cpp vendor for mtmd"
"android-app","android-app/app/src/main/cpp/llama.cpp/ggml/src/ggml-opencl/kernels/gemm_moe_q4_0_f32_ns.cl","2026-05-25T07:37:00+08:00","af05997","Gean Dhylan E. Mapesos","Update llama.cpp vendor for mtmd"
"android-app","android-app/app/src/main/cpp/llama.cpp/ggml/src/ggml-opencl/kernels/gemm_moe_q4_1_f32_ns.cl","2026-05-25T07:37:00+08:00","af05997","Gean Dhylan E. Mapesos","Update llama.cpp vendor for mtmd"
"android-app","android-app/app/src/main/cpp/llama.cpp/ggml/src/ggml-opencl/kernels/gemm_moe_q4_k_f32_ns.cl","2026-05-25T07:37:00+08:00","af05997","Gean Dhylan E. Mapesos","Update llama.cpp vendor for mtmd"
"android-app","android-app/app/src/main/cpp/llama.cpp/ggml/src/ggml-opencl/kernels/gemm_moe_q5_0_f32_ns.cl","2026-05-25T07:37:00+08:00","af05997","Gean Dhylan E. Mapesos","Update llama.cpp vendor for mtmd"
"android-app","android-app/app/src/main/cpp/llama.cpp/ggml/src/ggml-opencl/kernels/gemm_moe_q5_1_f32_ns.cl","2026-05-25T07:37:00+08:00","af05997","Gean Dhylan E. Mapesos","Update llama.cpp vendor for mtmd"
"android-app","android-app/app/src/main/cpp/llama.cpp/ggml/src/ggml-opencl/kernels/gemm_moe_q5_k_f32_ns.cl","2026-05-25T07:37:00+08:00","af05997","Gean Dhylan E. Mapesos","Update llama.cpp vendor for mtmd"
"android-app","android-app/app/src/main/cpp/llama.cpp/ggml/src/ggml-opencl/kernels/gemm_moe_q6_k_f32_ns.cl","2026-05-25T07:37:00+08:00","af05997","Gean Dhylan E. Mapesos","Update llama.cpp vendor for mtmd"
"android-app","android-app/app/src/main/cpp/llama.cpp/ggml/src/ggml-opencl/kernels/gemm_noshuffle_iq4_nl_f32.cl","2026-05-25T07:37:00+08:00","af05997","Gean Dhylan E. Mapesos","Update llama.cpp vendor for mtmd"
"android-app","android-app/app/src/main/cpp/llama.cpp/ggml/src/ggml-opencl/kernels/gemm_noshuffle_q4_0_f32.cl","2026-05-25T07:37:00+08:00","af05997","Gean Dhylan E. Mapesos","Update llama.cpp vendor for mtmd"
"android-app","android-app/app/src/main/cpp/llama.cpp/ggml/src/ggml-opencl/kernels/gemm_noshuffle_q4_1_f32.cl","2026-05-25T07:37:00+08:00","af05997","Gean Dhylan E. Mapesos","Update llama.cpp vendor for mtmd"
"android-app","android-app/app/src/main/cpp/llama.cpp/ggml/src/ggml-opencl/kernels/gemm_noshuffle_q4_k_f32.cl","2026-05-25T07:37:00+08:00","af05997","Gean Dhylan E. Mapesos","Update llama.cpp vendor for mtmd"
"android-app","android-app/app/src/main/cpp/llama.cpp/ggml/src/ggml-opencl/kernels/gemm_noshuffle_q5_k_f32.cl","2026-05-25T07:37:00+08:00","af05997","Gean Dhylan E. Mapesos","Update llama.cpp vendor for mtmd"
"android-app","android-app/app/src/main/cpp/llama.cpp/ggml/src/ggml-opencl/kernels/gemm_noshuffle_q6_k_f32.cl","2026-05-25T07:37:00+08:00","af05997","Gean Dhylan E. Mapesos","Update llama.cpp vendor for mtmd"
"android-app","android-app/app/src/main/cpp/llama.cpp/ggml/src/ggml-opencl/kernels/gemm_noshuffle_q8_0_f32.cl","2026-05-25T07:37:00+08:00","af05997","Gean Dhylan E. Mapesos","Update llama.cpp vendor for mtmd"
"android-app","android-app/app/src/main/cpp/llama.cpp/ggml/src/ggml-opencl/kernels/gemm_xmem_f16_f32_os8.cl","2026-05-25T07:37:00+08:00","af05997","Gean Dhylan E. Mapesos","Update llama.cpp vendor for mtmd"
"android-app","android-app/app/src/main/cpp/llama.cpp/ggml/src/ggml-opencl/kernels/gemv_moe_mxfp4_f32.cl","2026-05-25T07:37:00+08:00","af05997","Gean Dhylan E. Mapesos","Update llama.cpp vendor for mtmd"
"android-app","android-app/app/src/main/cpp/llama.cpp/ggml/src/ggml-opencl/kernels/gemv_moe_mxfp4_f32_ns.cl","2026-05-25T07:37:00+08:00","af05997","Gean Dhylan E. Mapesos","Update llama.cpp vendor for mtmd"
"android-app","android-app/app/src/main/cpp/llama.cpp/ggml/src/ggml-opencl/kernels/gemv_moe_q4_0_f32_ns.cl","2026-05-25T07:37:00+08:00","af05997","Gean Dhylan E. Mapesos","Update llama.cpp vendor for mtmd"
"android-app","android-app/app/src/main/cpp/llama.cpp/ggml/src/ggml-opencl/kernels/gemv_moe_q4_1_f32_ns.cl","2026-05-25T07:37:00+08:00","af05997","Gean Dhylan E. Mapesos","Update llama.cpp vendor for mtmd"
"android-app","android-app/app/src/main/cpp/llama.cpp/ggml/src/ggml-opencl/kernels/gemv_moe_q4_k_f32_ns.cl","2026-05-25T07:37:00+08:00","af05997","Gean Dhylan E. Mapesos","Update llama.cpp vendor for mtmd"
"android-app","android-app/app/src/main/cpp/llama.cpp/ggml/src/ggml-opencl/kernels/gemv_moe_q5_0_f32_ns.cl","2026-05-25T07:37:00+08:00","af05997","Gean Dhylan E. Mapesos","Update llama.cpp vendor for mtmd"
"android-app","android-app/app/src/main/cpp/llama.cpp/ggml/src/ggml-opencl/kernels/gemv_moe_q5_1_f32_ns.cl","2026-05-25T07:37:00+08:00","af05997","Gean Dhylan E. Mapesos","Update llama.cpp vendor for mtmd"
"android-app","android-app/app/src/main/cpp/llama.cpp/ggml/src/ggml-opencl/kernels/gemv_moe_q5_k_f32_ns.cl","2026-05-25T07:37:00+08:00","af05997","Gean Dhylan E. Mapesos","Update llama.cpp vendor for mtmd"
"android-app","android-app/app/src/main/cpp/llama.cpp/ggml/src/ggml-opencl/kernels/gemv_moe_q6_k_f32_ns.cl","2026-05-25T07:37:00+08:00","af05997","Gean Dhylan E. Mapesos","Update llama.cpp vendor for mtmd"
"android-app","android-app/app/src/main/cpp/llama.cpp/ggml/src/ggml-opencl/kernels/gemv_noshuffle_iq4_nl_f32.cl","2026-05-25T07:37:00+08:00","af05997","Gean Dhylan E. Mapesos","Update llama.cpp vendor for mtmd"
"android-app","android-app/app/src/main/cpp/llama.cpp/ggml/src/ggml-opencl/kernels/gemv_noshuffle_q4_0_f32.cl","2026-05-25T07:37:00+08:00","af05997","Gean Dhylan E. Mapesos","Update llama.cpp vendor for mtmd"
"android-app","android-app/app/src/main/cpp/llama.cpp/ggml/src/ggml-opencl/kernels/gemv_noshuffle_q4_0_f32_spec.cl","2026-05-25T07:37:00+08:00","af05997","Gean Dhylan E. Mapesos","Update llama.cpp vendor for mtmd"
"android-app","android-app/app/src/main/cpp/llama.cpp/ggml/src/ggml-opencl/kernels/gemv_noshuffle_q4_1_f32.cl","2026-05-25T07:37:00+08:00","af05997","Gean Dhylan E. Mapesos","Update llama.cpp vendor for mtmd"
"android-app","android-app/app/src/main/cpp/llama.cpp/ggml/src/ggml-opencl/kernels/gemv_noshuffle_q4_k_f32.cl","2026-05-25T07:37:00+08:00","af05997","Gean Dhylan E. Mapesos","Update llama.cpp vendor for mtmd"
"android-app","android-app/app/src/main/cpp/llama.cpp/ggml/src/ggml-opencl/kernels/gemv_noshuffle_q5_k_f32.cl","2026-05-25T07:37:00+08:00","af05997","Gean Dhylan E. Mapesos","Update llama.cpp vendor for mtmd"
"android-app","android-app/app/src/main/cpp/llama.cpp/ggml/src/ggml-opencl/kernels/gemv_noshuffle_q6_k_f32.cl","2026-05-25T07:37:00+08:00","af05997","Gean Dhylan E. Mapesos","Update llama.cpp vendor for mtmd"
"android-app","android-app/app/src/main/cpp/llama.cpp/ggml/src/ggml-opencl/kernels/gemv_noshuffle_q8_0_f32.cl","2026-05-25T07:37:00+08:00","af05997","Gean Dhylan E. Mapesos","Update llama.cpp vendor for mtmd"
"android-app","android-app/app/src/main/cpp/llama.cpp/ggml/src/ggml-opencl/kernels/get_rows.cl","2026-05-25T07:37:00+08:00","af05997","Gean Dhylan E. Mapesos","Update llama.cpp vendor for mtmd"
"android-app","android-app/app/src/main/cpp/llama.cpp/ggml/src/ggml-opencl/kernels/glu.cl","2026-05-25T07:37:00+08:00","af05997","Gean Dhylan E. Mapesos","Update llama.cpp vendor for mtmd"
"android-app","android-app/app/src/main/cpp/llama.cpp/ggml/src/ggml-opencl/kernels/group_norm.cl","2026-05-25T07:37:00+08:00","af05997","Gean Dhylan E. Mapesos","Update llama.cpp vendor for mtmd"
"android-app","android-app/app/src/main/cpp/llama.cpp/ggml/src/ggml-opencl/kernels/im2col_f16.cl","2026-05-25T07:37:00+08:00","af05997","Gean Dhylan E. Mapesos","Update llama.cpp vendor for mtmd"
"android-app","android-app/app/src/main/cpp/llama.cpp/ggml/src/ggml-opencl/kernels/im2col_f32.cl","2026-05-25T07:37:00+08:00","af05997","Gean Dhylan E. Mapesos","Update llama.cpp vendor for mtmd"
"android-app","android-app/app/src/main/cpp/llama.cpp/ggml/src/ggml-opencl/kernels/l2_norm.cl","2026-05-25T07:37:00+08:00","af05997","Gean Dhylan E. Mapesos","Update llama.cpp vendor for mtmd"
"android-app","android-app/app/src/main/cpp/llama.cpp/ggml/src/ggml-opencl/kernels/mean.cl","2026-05-25T07:37:00+08:00","af05997","Gean Dhylan E. Mapesos","Update llama.cpp vendor for mtmd"
"android-app","android-app/app/src/main/cpp/llama.cpp/ggml/src/ggml-opencl/kernels/moe_reorder_b.cl","2026-05-25T07:37:00+08:00","af05997","Gean Dhylan E. Mapesos","Update llama.cpp vendor for mtmd"
"android-app","android-app/app/src/main/cpp/llama.cpp/ggml/src/ggml-opencl/kernels/moe_sort_by_expert.cl","2026-05-25T07:37:00+08:00","af05997","Gean Dhylan E. Mapesos","Update llama.cpp vendor for mtmd"
"android-app","android-app/app/src/main/cpp/llama.cpp/ggml/src/ggml-opencl/kernels/mul.cl","2026-05-25T07:37:00+08:00","af05997","Gean Dhylan E. Mapesos","Update llama.cpp vendor for mtmd"
"android-app","android-app/app/src/main/cpp/llama.cpp/ggml/src/ggml-opencl/kernels/mul_mat_f16_f32.cl","2026-05-25T07:37:00+08:00","af05997","Gean Dhylan E. Mapesos","Update llama.cpp vendor for mtmd"
"android-app","android-app/app/src/main/cpp/llama.cpp/ggml/src/ggml-opencl/kernels/mul_mm_f16_f32_kq_kqv.cl","2026-05-25T07:38:54+08:00","d0f85c9","Gean Dhylan E. Mapesos","Clean llama.cpp vendor whitespace"
"android-app","android-app/app/src/main/cpp/llama.cpp/ggml/src/ggml-opencl/kernels/mul_mm_f16_f32_l4_lm.cl","2026-05-25T07:37:00+08:00","af05997","Gean Dhylan E. Mapesos","Update llama.cpp vendor for mtmd"
"android-app","android-app/app/src/main/cpp/llama.cpp/ggml/src/ggml-opencl/kernels/mul_mm_f32_f32_l4_lm.cl","2026-05-25T07:37:00+08:00","af05997","Gean Dhylan E. Mapesos","Update llama.cpp vendor for mtmd"
"android-app","android-app/app/src/main/cpp/llama.cpp/ggml/src/ggml-opencl/kernels/mul_mm_iq4_nl_f32_l4_lm.cl","2026-05-25T07:37:00+08:00","af05997","Gean Dhylan E. Mapesos","Update llama.cpp vendor for mtmd"
"android-app","android-app/app/src/main/cpp/llama.cpp/ggml/src/ggml-opencl/kernels/mul_mm_q4_0_f32_l4_lm.cl","2026-05-25T07:37:00+08:00","af05997","Gean Dhylan E. Mapesos","Update llama.cpp vendor for mtmd"
"android-app","android-app/app/src/main/cpp/llama.cpp/ggml/src/ggml-opencl/kernels/mul_mm_q4_1_f32_l4_lm.cl","2026-05-25T07:37:00+08:00","af05997","Gean Dhylan E. Mapesos","Update llama.cpp vendor for mtmd"
"android-app","android-app/app/src/main/cpp/llama.cpp/ggml/src/ggml-opencl/kernels/mul_mm_q4_k_f32_l4_lm.cl","2026-05-25T07:37:00+08:00","af05997","Gean Dhylan E. Mapesos","Update llama.cpp vendor for mtmd"
"android-app","android-app/app/src/main/cpp/llama.cpp/ggml/src/ggml-opencl/kernels/mul_mm_q5_k_f32_l4_lm.cl","2026-05-25T07:37:00+08:00","af05997","Gean Dhylan E. Mapesos","Update llama.cpp vendor for mtmd"
"android-app","android-app/app/src/main/cpp/llama.cpp/ggml/src/ggml-opencl/kernels/mul_mm_q6_k_f32_l4_lm.cl","2026-05-25T07:37:00+08:00","af05997","Gean Dhylan E. Mapesos","Update llama.cpp vendor for mtmd"
"android-app","android-app/app/src/main/cpp/llama.cpp/ggml/src/ggml-opencl/kernels/mul_mm_q8_0_f32_l4_lm.cl","2026-05-25T07:37:00+08:00","af05997","Gean Dhylan E. Mapesos","Update llama.cpp vendor for mtmd"
"android-app","android-app/app/src/main/cpp/llama.cpp/ggml/src/ggml-opencl/kernels/mul_mv_f16_f16.cl","2026-05-25T07:37:00+08:00","af05997","Gean Dhylan E. Mapesos","Update llama.cpp vendor for mtmd"
"android-app","android-app/app/src/main/cpp/llama.cpp/ggml/src/ggml-opencl/kernels/mul_mv_f16_f32.cl","2026-05-25T07:37:00+08:00","af05997","Gean Dhylan E. Mapesos","Update llama.cpp vendor for mtmd"
"android-app","android-app/app/src/main/cpp/llama.cpp/ggml/src/ggml-opencl/kernels/mul_mv_f16_f32_1row.cl","2026-05-25T07:37:00+08:00","af05997","Gean Dhylan E. Mapesos","Update llama.cpp vendor for mtmd"
"android-app","android-app/app/src/main/cpp/llama.cpp/ggml/src/ggml-opencl/kernels/mul_mv_f16_f32_l4.cl","2026-05-25T07:37:00+08:00","af05997","Gean Dhylan E. Mapesos","Update llama.cpp vendor for mtmd"
"android-app","android-app/app/src/main/cpp/llama.cpp/ggml/src/ggml-opencl/kernels/mul_mv_f32_f32.cl","2026-05-25T07:37:00+08:00","af05997","Gean Dhylan E. Mapesos","Update llama.cpp vendor for mtmd"
"android-app","android-app/app/src/main/cpp/llama.cpp/ggml/src/ggml-opencl/kernels/mul_mv_id_mxfp4_f32.cl","2026-05-25T07:37:00+08:00","af05997","Gean Dhylan E. Mapesos","Update llama.cpp vendor for mtmd"
"android-app","android-app/app/src/main/cpp/llama.cpp/ggml/src/ggml-opencl/kernels/mul_mv_id_mxfp4_f32_flat.cl","2026-05-25T07:37:00+08:00","af05997","Gean Dhylan E. Mapesos","Update llama.cpp vendor for mtmd"
"android-app","android-app/app/src/main/cpp/llama.cpp/ggml/src/ggml-opencl/kernels/mul_mv_id_q4_0_f32_8x_flat.cl","2026-05-25T07:37:00+08:00","af05997","Gean Dhylan E. Mapesos","Update llama.cpp vendor for mtmd"
"android-app","android-app/app/src/main/cpp/llama.cpp/ggml/src/ggml-opencl/kernels/mul_mv_id_q8_0_f32.cl","2026-05-25T07:37:00+08:00","af05997","Gean Dhylan E. Mapesos","Update llama.cpp vendor for mtmd"
"android-app","android-app/app/src/main/cpp/llama.cpp/ggml/src/ggml-opencl/kernels/mul_mv_id_q8_0_f32_flat.cl","2026-05-25T07:37:00+08:00","af05997","Gean Dhylan E. Mapesos","Update llama.cpp vendor for mtmd"
"android-app","android-app/app/src/main/cpp/llama.cpp/ggml/src/ggml-opencl/kernels/mul_mv_iq4_nl_f32.cl","2026-05-25T07:37:00+08:00","af05997","Gean Dhylan E. Mapesos","Update llama.cpp vendor for mtmd"
"android-app","android-app/app/src/main/cpp/llama.cpp/ggml/src/ggml-opencl/kernels/mul_mv_iq4_nl_f32_flat.cl","2026-05-25T07:37:00+08:00","af05997","Gean Dhylan E. Mapesos","Update llama.cpp vendor for mtmd"
"android-app","android-app/app/src/main/cpp/llama.cpp/ggml/src/ggml-opencl/kernels/mul_mv_mxfp4_f32.cl","2026-05-25T07:37:00+08:00","af05997","Gean Dhylan E. Mapesos","Update llama.cpp vendor for mtmd"
"android-app","android-app/app/src/main/cpp/llama.cpp/ggml/src/ggml-opencl/kernels/mul_mv_mxfp4_f32_flat.cl","2026-05-25T07:37:00+08:00","af05997","Gean Dhylan E. Mapesos","Update llama.cpp vendor for mtmd"
"android-app","android-app/app/src/main/cpp/llama.cpp/ggml/src/ggml-opencl/kernels/mul_mv_q4_0_f32.cl","2026-05-25T07:37:00+08:00","af05997","Gean Dhylan E. Mapesos","Update llama.cpp vendor for mtmd"
"android-app","android-app/app/src/main/cpp/llama.cpp/ggml/src/ggml-opencl/kernels/mul_mv_q4_0_f32_1d_16x_flat.cl","2026-05-25T07:37:00+08:00","af05997","Gean Dhylan E. Mapesos","Update llama.cpp vendor for mtmd"
"android-app","android-app/app/src/main/cpp/llama.cpp/ggml/src/ggml-opencl/kernels/mul_mv_q4_0_f32_1d_8x_flat.cl","2026-05-25T07:37:00+08:00","af05997","Gean Dhylan E. Mapesos","Update llama.cpp vendor for mtmd"
"android-app","android-app/app/src/main/cpp/llama.cpp/ggml/src/ggml-opencl/kernels/mul_mv_q4_0_f32_8x_flat.cl","2026-05-25T07:37:00+08:00","af05997","Gean Dhylan E. Mapesos","Update llama.cpp vendor for mtmd"
"android-app","android-app/app/src/main/cpp/llama.cpp/ggml/src/ggml-opencl/kernels/mul_mv_q4_0_f32_v.cl","2026-05-25T07:37:00+08:00","af05997","Gean Dhylan E. Mapesos","Update llama.cpp vendor for mtmd"
"android-app","android-app/app/src/main/cpp/llama.cpp/ggml/src/ggml-opencl/kernels/mul_mv_q4_1_f32.cl","2026-05-25T07:37:00+08:00","af05997","Gean Dhylan E. Mapesos","Update llama.cpp vendor for mtmd"
"android-app","android-app/app/src/main/cpp/llama.cpp/ggml/src/ggml-opencl/kernels/mul_mv_q4_1_f32_flat.cl","2026-05-25T07:37:00+08:00","af05997","Gean Dhylan E. Mapesos","Update llama.cpp vendor for mtmd"
"android-app","android-app/app/src/main/cpp/llama.cpp/ggml/src/ggml-opencl/kernels/mul_mv_q4_k_f32.cl","2026-05-25T07:37:00+08:00","af05997","Gean Dhylan E. Mapesos","Update llama.cpp vendor for mtmd"
"android-app","android-app/app/src/main/cpp/llama.cpp/ggml/src/ggml-opencl/kernels/mul_mv_q4_k_f32_flat.cl","2026-05-25T07:37:00+08:00","af05997","Gean Dhylan E. Mapesos","Update llama.cpp vendor for mtmd"
"android-app","android-app/app/src/main/cpp/llama.cpp/ggml/src/ggml-opencl/kernels/mul_mv_q5_k_f32.cl","2026-05-25T07:37:00+08:00","af05997","Gean Dhylan E. Mapesos","Update llama.cpp vendor for mtmd"
"android-app","android-app/app/src/main/cpp/llama.cpp/ggml/src/ggml-opencl/kernels/mul_mv_q5_k_f32_flat.cl","2026-05-25T07:37:00+08:00","af05997","Gean Dhylan E. Mapesos","Update llama.cpp vendor for mtmd"
"android-app","android-app/app/src/main/cpp/llama.cpp/ggml/src/ggml-opencl/kernels/mul_mv_q6_k_f32.cl","2026-05-25T07:37:00+08:00","af05997","Gean Dhylan E. Mapesos","Update llama.cpp vendor for mtmd"
"android-app","android-app/app/src/main/cpp/llama.cpp/ggml/src/ggml-opencl/kernels/mul_mv_q6_k_f32_flat.cl","2026-05-25T07:37:00+08:00","af05997","Gean Dhylan E. Mapesos","Update llama.cpp vendor for mtmd"
"android-app","android-app/app/src/main/cpp/llama.cpp/ggml/src/ggml-opencl/kernels/mul_mv_q8_0_f32.cl","2026-05-25T07:37:00+08:00","af05997","Gean Dhylan E. Mapesos","Update llama.cpp vendor for mtmd"
"android-app","android-app/app/src/main/cpp/llama.cpp/ggml/src/ggml-opencl/kernels/mul_mv_q8_0_f32_flat.cl","2026-05-25T07:37:00+08:00","af05997","Gean Dhylan E. Mapesos","Update llama.cpp vendor for mtmd"
"android-app","android-app/app/src/main/cpp/llama.cpp/ggml/src/ggml-opencl/kernels/neg.cl","2026-05-25T07:37:00+08:00","af05997","Gean Dhylan E. Mapesos","Update llama.cpp vendor for mtmd"
"android-app","android-app/app/src/main/cpp/llama.cpp/ggml/src/ggml-opencl/kernels/norm.cl","2026-05-25T07:37:00+08:00","af05997","Gean Dhylan E. Mapesos","Update llama.cpp vendor for mtmd"
"android-app","android-app/app/src/main/cpp/llama.cpp/ggml/src/ggml-opencl/kernels/pad.cl","2026-05-25T07:37:00+08:00","af05997","Gean Dhylan E. Mapesos","Update llama.cpp vendor for mtmd"
"android-app","android-app/app/src/main/cpp/llama.cpp/ggml/src/ggml-opencl/kernels/relu.cl","2026-05-25T07:37:00+08:00","af05997","Gean Dhylan E. Mapesos","Update llama.cpp vendor for mtmd"
"android-app","android-app/app/src/main/cpp/llama.cpp/ggml/src/ggml-opencl/kernels/repeat.cl","2026-05-25T07:37:00+08:00","af05997","Gean Dhylan E. Mapesos","Update llama.cpp vendor for mtmd"
"android-app","android-app/app/src/main/cpp/llama.cpp/ggml/src/ggml-opencl/kernels/rms_norm.cl","2026-05-25T07:37:00+08:00","af05997","Gean Dhylan E. Mapesos","Update llama.cpp vendor for mtmd"
"android-app","android-app/app/src/main/cpp/llama.cpp/ggml/src/ggml-opencl/kernels/rope.cl","2026-05-25T07:37:00+08:00","af05997","Gean Dhylan E. Mapesos","Update llama.cpp vendor for mtmd"
"android-app","android-app/app/src/main/cpp/llama.cpp/ggml/src/ggml-opencl/kernels/scale.cl","2026-05-25T07:37:00+08:00","af05997","Gean Dhylan E. Mapesos","Update llama.cpp vendor for mtmd"
"android-app","android-app/app/src/main/cpp/llama.cpp/ggml/src/ggml-opencl/kernels/set_rows.cl","2026-05-25T07:37:00+08:00","af05997","Gean Dhylan E. Mapesos","Update llama.cpp vendor for mtmd"
"android-app","android-app/app/src/main/cpp/llama.cpp/ggml/src/ggml-opencl/kernels/sigmoid.cl","2026-05-25T07:37:00+08:00","af05997","Gean Dhylan E. Mapesos","Update llama.cpp vendor for mtmd"
"android-app","android-app/app/src/main/cpp/llama.cpp/ggml/src/ggml-opencl/kernels/silu.cl","2026-05-25T07:37:00+08:00","af05997","Gean Dhylan E. Mapesos","Update llama.cpp vendor for mtmd"
"android-app","android-app/app/src/main/cpp/llama.cpp/ggml/src/ggml-opencl/kernels/softmax_4_f16.cl","2026-05-25T07:37:00+08:00","af05997","Gean Dhylan E. Mapesos","Update llama.cpp vendor for mtmd"
"android-app","android-app/app/src/main/cpp/llama.cpp/ggml/src/ggml-opencl/kernels/softmax_4_f32.cl","2026-05-25T07:37:00+08:00","af05997","Gean Dhylan E. Mapesos","Update llama.cpp vendor for mtmd"
"android-app","android-app/app/src/main/cpp/llama.cpp/ggml/src/ggml-opencl/kernels/softmax_f16.cl","2026-05-25T07:37:00+08:00","af05997","Gean Dhylan E. Mapesos","Update llama.cpp vendor for mtmd"
"android-app","android-app/app/src/main/cpp/llama.cpp/ggml/src/ggml-opencl/kernels/softmax_f32.cl","2026-05-25T07:37:00+08:00","af05997","Gean Dhylan E. Mapesos","Update llama.cpp vendor for mtmd"
"android-app","android-app/app/src/main/cpp/llama.cpp/ggml/src/ggml-opencl/kernels/softplus.cl","2026-05-25T07:37:00+08:00","af05997","Gean Dhylan E. Mapesos","Update llama.cpp vendor for mtmd"
"android-app","android-app/app/src/main/cpp/llama.cpp/ggml/src/ggml-opencl/kernels/solve_tri.cl","2026-05-25T07:37:00+08:00","af05997","Gean Dhylan E. Mapesos","Update llama.cpp vendor for mtmd"
"android-app","android-app/app/src/main/cpp/llama.cpp/ggml/src/ggml-opencl/kernels/sqr.cl","2026-05-25T07:37:00+08:00","af05997","Gean Dhylan E. Mapesos","Update llama.cpp vendor for mtmd"
"android-app","android-app/app/src/main/cpp/llama.cpp/ggml/src/ggml-opencl/kernels/sqrt.cl","2026-05-25T07:37:00+08:00","af05997","Gean Dhylan E. Mapesos","Update llama.cpp vendor for mtmd"
"android-app","android-app/app/src/main/cpp/llama.cpp/ggml/src/ggml-opencl/kernels/ssm_conv.cl","2026-05-25T07:37:00+08:00","af05997","Gean Dhylan E. Mapesos","Update llama.cpp vendor for mtmd"
"android-app","android-app/app/src/main/cpp/llama.cpp/ggml/src/ggml-opencl/kernels/sub.cl","2026-05-25T07:37:00+08:00","af05997","Gean Dhylan E. Mapesos","Update llama.cpp vendor for mtmd"
"android-app","android-app/app/src/main/cpp/llama.cpp/ggml/src/ggml-opencl/kernels/sum_rows.cl","2026-05-25T07:37:00+08:00","af05997","Gean Dhylan E. Mapesos","Update llama.cpp vendor for mtmd"
"android-app","android-app/app/src/main/cpp/llama.cpp/ggml/src/ggml-opencl/kernels/tanh.cl","2026-05-25T07:37:00+08:00","af05997","Gean Dhylan E. Mapesos","Update llama.cpp vendor for mtmd"
"android-app","android-app/app/src/main/cpp/llama.cpp/ggml/src/ggml-opencl/kernels/transpose.cl","2026-05-25T07:37:00+08:00","af05997","Gean Dhylan E. Mapesos","Update llama.cpp vendor for mtmd"
"android-app","android-app/app/src/main/cpp/llama.cpp/ggml/src/ggml-opencl/kernels/tri.cl","2026-05-25T07:37:00+08:00","af05997","Gean Dhylan E. Mapesos","Update llama.cpp vendor for mtmd"
"android-app","android-app/app/src/main/cpp/llama.cpp/ggml/src/ggml-opencl/kernels/tsembd.cl","2026-05-25T07:37:00+08:00","af05997","Gean Dhylan E. Mapesos","Update llama.cpp vendor for mtmd"
"android-app","android-app/app/src/main/cpp/llama.cpp/ggml/src/ggml-opencl/kernels/upscale.cl","2026-05-25T07:37:00+08:00","af05997","Gean Dhylan E. Mapesos","Update llama.cpp vendor for mtmd"
"android-app","android-app/app/src/main/cpp/llama.cpp/ggml/src/ggml-openvino/.clang-format","2026-05-25T07:37:00+08:00","af05997","Gean Dhylan E. Mapesos","Update llama.cpp vendor for mtmd"
"android-app","android-app/app/src/main/cpp/llama.cpp/ggml/src/ggml-openvino/CMakeLists.txt","2026-05-25T07:37:00+08:00","af05997","Gean Dhylan E. Mapesos","Update llama.cpp vendor for mtmd"
"android-app","android-app/app/src/main/cpp/llama.cpp/ggml/src/ggml-openvino/ggml-decoder.cpp","2026-05-25T07:37:00+08:00","af05997","Gean Dhylan E. Mapesos","Update llama.cpp vendor for mtmd"
"android-app","android-app/app/src/main/cpp/llama.cpp/ggml/src/ggml-openvino/ggml-decoder.h","2026-05-25T07:37:00+08:00","af05997","Gean Dhylan E. Mapesos","Update llama.cpp vendor for mtmd"
"android-app","android-app/app/src/main/cpp/llama.cpp/ggml/src/ggml-openvino/ggml-openvino-extra.cpp","2026-05-25T07:37:00+08:00","af05997","Gean Dhylan E. Mapesos","Update llama.cpp vendor for mtmd"
"android-app","android-app/app/src/main/cpp/llama.cpp/ggml/src/ggml-openvino/ggml-openvino-extra.h","2026-05-25T07:37:00+08:00","af05997","Gean Dhylan E. Mapesos","Update llama.cpp vendor for mtmd"
"android-app","android-app/app/src/main/cpp/llama.cpp/ggml/src/ggml-openvino/ggml-openvino.cpp","2026-05-25T07:37:00+08:00","af05997","Gean Dhylan E. Mapesos","Update llama.cpp vendor for mtmd"
"android-app","android-app/app/src/main/cpp/llama.cpp/ggml/src/ggml-openvino/ggml-quants.cpp","2026-05-25T07:37:00+08:00","af05997","Gean Dhylan E. Mapesos","Update llama.cpp vendor for mtmd"
"android-app","android-app/app/src/main/cpp/llama.cpp/ggml/src/ggml-openvino/ggml-quants.h","2026-05-25T07:37:00+08:00","af05997","Gean Dhylan E. Mapesos","Update llama.cpp vendor for mtmd"
"android-app","android-app/app/src/main/cpp/llama.cpp/ggml/src/ggml-openvino/openvino/decoder.h","2026-05-25T07:37:00+08:00","af05997","Gean Dhylan E. Mapesos","Update llama.cpp vendor for mtmd"
"android-app","android-app/app/src/main/cpp/llama.cpp/ggml/src/ggml-openvino/openvino/frontend.cpp","2026-05-25T07:37:00+08:00","af05997","Gean Dhylan E. Mapesos","Update llama.cpp vendor for mtmd"
"android-app","android-app/app/src/main/cpp/llama.cpp/ggml/src/ggml-openvino/openvino/frontend.h","2026-05-25T07:37:00+08:00","af05997","Gean Dhylan E. Mapesos","Update llama.cpp vendor for mtmd"
"android-app","android-app/app/src/main/cpp/llama.cpp/ggml/src/ggml-openvino/openvino/input_model.cpp","2026-05-25T07:37:00+08:00","af05997","Gean Dhylan E. Mapesos","Update llama.cpp vendor for mtmd"
"android-app","android-app/app/src/main/cpp/llama.cpp/ggml/src/ggml-openvino/openvino/input_model.h","2026-05-25T07:37:00+08:00","af05997","Gean Dhylan E. Mapesos","Update llama.cpp vendor for mtmd"
"android-app","android-app/app/src/main/cpp/llama.cpp/ggml/src/ggml-openvino/openvino/node_context.h","2026-05-25T07:37:00+08:00","af05997","Gean Dhylan E. Mapesos","Update llama.cpp vendor for mtmd"
"android-app","android-app/app/src/main/cpp/llama.cpp/ggml/src/ggml-openvino/openvino/op/cont.cpp","2026-05-25T07:37:00+08:00","af05997","Gean Dhylan E. Mapesos","Update llama.cpp vendor for mtmd"
"android-app","android-app/app/src/main/cpp/llama.cpp/ggml/src/ggml-openvino/openvino/op/cpy.cpp","2026-05-25T07:37:00+08:00","af05997","Gean Dhylan E. Mapesos","Update llama.cpp vendor for mtmd"
"android-app","android-app/app/src/main/cpp/llama.cpp/ggml/src/ggml-openvino/openvino/op/flash_attn_ext.cpp","2026-05-25T07:37:00+08:00","af05997","Gean Dhylan E. Mapesos","Update llama.cpp vendor for mtmd"
"android-app","android-app/app/src/main/cpp/llama.cpp/ggml/src/ggml-openvino/openvino/op/get_rows.cpp","2026-05-25T07:37:00+08:00","af05997","Gean Dhylan E. Mapesos","Update llama.cpp vendor for mtmd"
"android-app","android-app/app/src/main/cpp/llama.cpp/ggml/src/ggml-openvino/openvino/op/glu_geglu.cpp","2026-05-25T07:37:00+08:00","af05997","Gean Dhylan E. Mapesos","Update llama.cpp vendor for mtmd"
"android-app","android-app/app/src/main/cpp/llama.cpp/ggml/src/ggml-openvino/openvino/op/glu_swiglu.cpp","2026-05-25T07:37:00+08:00","af05997","Gean Dhylan E. Mapesos","Update llama.cpp vendor for mtmd"
"android-app","android-app/app/src/main/cpp/llama.cpp/ggml/src/ggml-openvino/openvino/op/mulmat.cpp","2026-05-25T07:37:00+08:00","af05997","Gean Dhylan E. Mapesos","Update llama.cpp vendor for mtmd"
"android-app","android-app/app/src/main/cpp/llama.cpp/ggml/src/ggml-openvino/openvino/op/permute.cpp","2026-05-25T07:37:00+08:00","af05997","Gean Dhylan E. Mapesos","Update llama.cpp vendor for mtmd"
"android-app","android-app/app/src/main/cpp/llama.cpp/ggml/src/ggml-openvino/openvino/op/reshape.cpp","2026-05-25T07:37:00+08:00","af05997","Gean Dhylan E. Mapesos","Update llama.cpp vendor for mtmd"
"android-app","android-app/app/src/main/cpp/llama.cpp/ggml/src/ggml-openvino/openvino/op/rms_norm.cpp","2026-05-25T07:37:00+08:00","af05997","Gean Dhylan E. Mapesos","Update llama.cpp vendor for mtmd"
"android-app","android-app/app/src/main/cpp/llama.cpp/ggml/src/ggml-openvino/openvino/op/rope.cpp","2026-05-25T07:37:00+08:00","af05997","Gean Dhylan E. Mapesos","Update llama.cpp vendor for mtmd"
"android-app","android-app/app/src/main/cpp/llama.cpp/ggml/src/ggml-openvino/openvino/op/scale.cpp","2026-05-25T07:37:00+08:00","af05997","Gean Dhylan E. Mapesos","Update llama.cpp vendor for mtmd"
"android-app","android-app/app/src/main/cpp/llama.cpp/ggml/src/ggml-openvino/openvino/op/set_rows.cpp","2026-05-25T07:37:00+08:00","af05997","Gean Dhylan E. Mapesos","Update llama.cpp vendor for mtmd"
"android-app","android-app/app/src/main/cpp/llama.cpp/ggml/src/ggml-openvino/openvino/op/softmax.cpp","2026-05-25T07:37:00+08:00","af05997","Gean Dhylan E. Mapesos","Update llama.cpp vendor for mtmd"
"android-app","android-app/app/src/main/cpp/llama.cpp/ggml/src/ggml-openvino/openvino/op/transpose.cpp","2026-05-25T07:37:00+08:00","af05997","Gean Dhylan E. Mapesos","Update llama.cpp vendor for mtmd"
"android-app","android-app/app/src/main/cpp/llama.cpp/ggml/src/ggml-openvino/openvino/op/unary_gelu.cpp","2026-05-25T07:37:00+08:00","af05997","Gean Dhylan E. Mapesos","Update llama.cpp vendor for mtmd"
"android-app","android-app/app/src/main/cpp/llama.cpp/ggml/src/ggml-openvino/openvino/op/unary_silu.cpp","2026-05-25T07:37:00+08:00","af05997","Gean Dhylan E. Mapesos","Update llama.cpp vendor for mtmd"
"android-app","android-app/app/src/main/cpp/llama.cpp/ggml/src/ggml-openvino/openvino/op/view.cpp","2026-05-25T07:37:00+08:00","af05997","Gean Dhylan E. Mapesos","Update llama.cpp vendor for mtmd"
"android-app","android-app/app/src/main/cpp/llama.cpp/ggml/src/ggml-openvino/openvino/op_table.cpp","2026-05-25T07:37:00+08:00","af05997","Gean Dhylan E. Mapesos","Update llama.cpp vendor for mtmd"
"android-app","android-app/app/src/main/cpp/llama.cpp/ggml/src/ggml-openvino/openvino/op_table.h","2026-05-25T07:37:00+08:00","af05997","Gean Dhylan E. Mapesos","Update llama.cpp vendor for mtmd"
"android-app","android-app/app/src/main/cpp/llama.cpp/ggml/src/ggml-openvino/openvino/pass/fuse_to_sdpa.cpp","2026-05-25T07:37:00+08:00","af05997","Gean Dhylan E. Mapesos","Update llama.cpp vendor for mtmd"
"android-app","android-app/app/src/main/cpp/llama.cpp/ggml/src/ggml-openvino/openvino/pass/fuse_to_sdpa.h","2026-05-25T07:37:00+08:00","af05997","Gean Dhylan E. Mapesos","Update llama.cpp vendor for mtmd"
"android-app","android-app/app/src/main/cpp/llama.cpp/ggml/src/ggml-openvino/openvino/pass/mark_decompression_convert_constant_folding.h","2026-05-25T07:37:00+08:00","af05997","Gean Dhylan E. Mapesos","Update llama.cpp vendor for mtmd"
"android-app","android-app/app/src/main/cpp/llama.cpp/ggml/src/ggml-openvino/openvino/pass/squeeze_matmul.cpp","2026-05-25T07:37:00+08:00","af05997","Gean Dhylan E. Mapesos","Update llama.cpp vendor for mtmd"
"android-app","android-app/app/src/main/cpp/llama.cpp/ggml/src/ggml-openvino/openvino/pass/squeeze_matmul.h","2026-05-25T07:37:00+08:00","af05997","Gean Dhylan E. Mapesos","Update llama.cpp vendor for mtmd"
"android-app","android-app/app/src/main/cpp/llama.cpp/ggml/src/ggml-openvino/openvino/rt_info/weightless_caching_attributes.hpp","2026-05-25T07:37:00+08:00","af05997","Gean Dhylan E. Mapesos","Update llama.cpp vendor for mtmd"
"android-app","android-app/app/src/main/cpp/llama.cpp/ggml/src/ggml-openvino/openvino/translate_session.cpp","2026-05-25T07:37:00+08:00","af05997","Gean Dhylan E. Mapesos","Update llama.cpp vendor for mtmd"
"android-app","android-app/app/src/main/cpp/llama.cpp/ggml/src/ggml-openvino/openvino/translate_session.h","2026-05-25T07:37:00+08:00","af05997","Gean Dhylan E. Mapesos","Update llama.cpp vendor for mtmd"
"android-app","android-app/app/src/main/cpp/llama.cpp/ggml/src/ggml-openvino/openvino/utils.cpp","2026-05-25T07:37:00+08:00","af05997","Gean Dhylan E. Mapesos","Update llama.cpp vendor for mtmd"
"android-app","android-app/app/src/main/cpp/llama.cpp/ggml/src/ggml-openvino/openvino/utils.h","2026-05-25T07:37:00+08:00","af05997","Gean Dhylan E. Mapesos","Update llama.cpp vendor for mtmd"
"android-app","android-app/app/src/main/cpp/llama.cpp/ggml/src/ggml-openvino/utils.cpp","2026-05-25T07:37:00+08:00","af05997","Gean Dhylan E. Mapesos","Update llama.cpp vendor for mtmd"
"android-app","android-app/app/src/main/cpp/llama.cpp/ggml/src/ggml-openvino/utils.h","2026-05-25T07:37:00+08:00","af05997","Gean Dhylan E. Mapesos","Update llama.cpp vendor for mtmd"
"android-app","android-app/app/src/main/cpp/llama.cpp/ggml/src/ggml-opt.cpp","2026-05-25T07:37:00+08:00","af05997","Gean Dhylan E. Mapesos","Update llama.cpp vendor for mtmd"
"android-app","android-app/app/src/main/cpp/llama.cpp/ggml/src/ggml-quants.c","2026-05-25T07:37:00+08:00","af05997","Gean Dhylan E. Mapesos","Update llama.cpp vendor for mtmd"
"android-app","android-app/app/src/main/cpp/llama.cpp/ggml/src/ggml-quants.h","2026-05-25T07:37:00+08:00","af05997","Gean Dhylan E. Mapesos","Update llama.cpp vendor for mtmd"
"android-app","android-app/app/src/main/cpp/llama.cpp/ggml/src/ggml-rpc/CMakeLists.txt","2026-05-25T07:37:00+08:00","af05997","Gean Dhylan E. Mapesos","Update llama.cpp vendor for mtmd"
"android-app","android-app/app/src/main/cpp/llama.cpp/ggml/src/ggml-rpc/ggml-rpc.cpp","2026-05-25T07:37:00+08:00","af05997","Gean Dhylan E. Mapesos","Update llama.cpp vendor for mtmd"
"android-app","android-app/app/src/main/cpp/llama.cpp/ggml/src/ggml-rpc/transport.cpp","2026-05-25T07:37:00+08:00","af05997","Gean Dhylan E. Mapesos","Update llama.cpp vendor for mtmd"
"android-app","android-app/app/src/main/cpp/llama.cpp/ggml/src/ggml-rpc/transport.h","2026-05-25T07:37:00+08:00","af05997","Gean Dhylan E. Mapesos","Update llama.cpp vendor for mtmd"
"android-app","android-app/app/src/main/cpp/llama.cpp/ggml/src/ggml-sycl/CMakeLists.txt","2026-05-25T07:37:00+08:00","af05997","Gean Dhylan E. Mapesos","Update llama.cpp vendor for mtmd"
"android-app","android-app/app/src/main/cpp/llama.cpp/ggml/src/ggml-sycl/add-id.cpp","2026-05-25T07:37:00+08:00","af05997","Gean Dhylan E. Mapesos","Update llama.cpp vendor for mtmd"
"android-app","android-app/app/src/main/cpp/llama.cpp/ggml/src/ggml-sycl/add-id.hpp","2026-05-25T07:37:00+08:00","af05997","Gean Dhylan E. Mapesos","Update llama.cpp vendor for mtmd"
"android-app","android-app/app/src/main/cpp/llama.cpp/ggml/src/ggml-sycl/backend.hpp","2026-05-25T07:37:00+08:00","af05997","Gean Dhylan E. Mapesos","Update llama.cpp vendor for mtmd"
"android-app","android-app/app/src/main/cpp/llama.cpp/ggml/src/ggml-sycl/binbcast.cpp","2026-05-25T07:38:54+08:00","d0f85c9","Gean Dhylan E. Mapesos","Clean llama.cpp vendor whitespace"
"android-app","android-app/app/src/main/cpp/llama.cpp/ggml/src/ggml-sycl/binbcast.hpp","2026-05-25T07:38:54+08:00","d0f85c9","Gean Dhylan E. Mapesos","Clean llama.cpp vendor whitespace"
"android-app","android-app/app/src/main/cpp/llama.cpp/ggml/src/ggml-sycl/common.cpp","2026-05-25T07:37:00+08:00","af05997","Gean Dhylan E. Mapesos","Update llama.cpp vendor for mtmd"
"android-app","android-app/app/src/main/cpp/llama.cpp/ggml/src/ggml-sycl/common.hpp","2026-05-25T07:37:00+08:00","af05997","Gean Dhylan E. Mapesos","Update llama.cpp vendor for mtmd"
"android-app","android-app/app/src/main/cpp/llama.cpp/ggml/src/ggml-sycl/concat.cpp","2026-05-25T07:37:00+08:00","af05997","Gean Dhylan E. Mapesos","Update llama.cpp vendor for mtmd"
"android-app","android-app/app/src/main/cpp/llama.cpp/ggml/src/ggml-sycl/concat.hpp","2026-05-25T07:37:00+08:00","af05997","Gean Dhylan E. Mapesos","Update llama.cpp vendor for mtmd"
"android-app","android-app/app/src/main/cpp/llama.cpp/ggml/src/ggml-sycl/conv.cpp","2026-05-25T07:37:00+08:00","af05997","Gean Dhylan E. Mapesos","Update llama.cpp vendor for mtmd"
"android-app","android-app/app/src/main/cpp/llama.cpp/ggml/src/ggml-sycl/conv.hpp","2026-05-25T07:37:00+08:00","af05997","Gean Dhylan E. Mapesos","Update llama.cpp vendor for mtmd"
"android-app","android-app/app/src/main/cpp/llama.cpp/ggml/src/ggml-sycl/convert.cpp","2026-05-25T07:37:00+08:00","af05997","Gean Dhylan E. Mapesos","Update llama.cpp vendor for mtmd"
"android-app","android-app/app/src/main/cpp/llama.cpp/ggml/src/ggml-sycl/convert.hpp","2026-05-25T07:37:00+08:00","af05997","Gean Dhylan E. Mapesos","Update llama.cpp vendor for mtmd"
"android-app","android-app/app/src/main/cpp/llama.cpp/ggml/src/ggml-sycl/count-equal.cpp","2026-05-25T07:37:00+08:00","af05997","Gean Dhylan E. Mapesos","Update llama.cpp vendor for mtmd"
"android-app","android-app/app/src/main/cpp/llama.cpp/ggml/src/ggml-sycl/count-equal.hpp","2026-05-25T07:37:00+08:00","af05997","Gean Dhylan E. Mapesos","Update llama.cpp vendor for mtmd"
"android-app","android-app/app/src/main/cpp/llama.cpp/ggml/src/ggml-sycl/cpy.cpp","2026-05-25T07:37:00+08:00","af05997","Gean Dhylan E. Mapesos","Update llama.cpp vendor for mtmd"
"android-app","android-app/app/src/main/cpp/llama.cpp/ggml/src/ggml-sycl/cpy.hpp","2026-05-25T07:37:00+08:00","af05997","Gean Dhylan E. Mapesos","Update llama.cpp vendor for mtmd"
"android-app","android-app/app/src/main/cpp/llama.cpp/ggml/src/ggml-sycl/cumsum.cpp","2026-05-25T07:37:00+08:00","af05997","Gean Dhylan E. Mapesos","Update llama.cpp vendor for mtmd"
"android-app","android-app/app/src/main/cpp/llama.cpp/ggml/src/ggml-sycl/cumsum.hpp","2026-05-25T07:37:00+08:00","af05997","Gean Dhylan E. Mapesos","Update llama.cpp vendor for mtmd"
"android-app","android-app/app/src/main/cpp/llama.cpp/ggml/src/ggml-sycl/dequantize.hpp","2026-05-25T07:37:00+08:00","af05997","Gean Dhylan E. Mapesos","Update llama.cpp vendor for mtmd"
"android-app","android-app/app/src/main/cpp/llama.cpp/ggml/src/ggml-sycl/diag.cpp","2026-05-25T07:37:00+08:00","af05997","Gean Dhylan E. Mapesos","Update llama.cpp vendor for mtmd"
"android-app","android-app/app/src/main/cpp/llama.cpp/ggml/src/ggml-sycl/diag.hpp","2026-05-25T07:37:00+08:00","af05997","Gean Dhylan E. Mapesos","Update llama.cpp vendor for mtmd"
"android-app","android-app/app/src/main/cpp/llama.cpp/ggml/src/ggml-sycl/dmmv.cpp","2026-05-25T07:37:00+08:00","af05997","Gean Dhylan E. Mapesos","Update llama.cpp vendor for mtmd"
"android-app","android-app/app/src/main/cpp/llama.cpp/ggml/src/ggml-sycl/dmmv.hpp","2026-05-23T17:43:15+08:00","af33d7f","Gean Dhylan E. Mapesos","Initial commit"
"android-app","android-app/app/src/main/cpp/llama.cpp/ggml/src/ggml-sycl/dpct/helper.hpp","2026-05-25T07:37:00+08:00","af05997","Gean Dhylan E. Mapesos","Update llama.cpp vendor for mtmd"
"android-app","android-app/app/src/main/cpp/llama.cpp/ggml/src/ggml-sycl/element_wise.cpp","2026-05-25T07:37:00+08:00","af05997","Gean Dhylan E. Mapesos","Update llama.cpp vendor for mtmd"
"android-app","android-app/app/src/main/cpp/llama.cpp/ggml/src/ggml-sycl/element_wise.hpp","2026-05-25T07:37:00+08:00","af05997","Gean Dhylan E. Mapesos","Update llama.cpp vendor for mtmd"
"android-app","android-app/app/src/main/cpp/llama.cpp/ggml/src/ggml-sycl/fattn-buffers.cpp","2026-05-25T07:37:00+08:00","af05997","Gean Dhylan E. Mapesos","Update llama.cpp vendor for mtmd"
"android-app","android-app/app/src/main/cpp/llama.cpp/ggml/src/ggml-sycl/fattn-buffers.hpp","2026-05-25T07:37:00+08:00","af05997","Gean Dhylan E. Mapesos","Update llama.cpp vendor for mtmd"
"android-app","android-app/app/src/main/cpp/llama.cpp/ggml/src/ggml-sycl/fattn-common.hpp","2026-05-25T07:37:00+08:00","af05997","Gean Dhylan E. Mapesos","Update llama.cpp vendor for mtmd"
"android-app","android-app/app/src/main/cpp/llama.cpp/ggml/src/ggml-sycl/fattn-tile.cpp","2026-05-25T07:37:00+08:00","af05997","Gean Dhylan E. Mapesos","Update llama.cpp vendor for mtmd"
"android-app","android-app/app/src/main/cpp/llama.cpp/ggml/src/ggml-sycl/fattn-tile.hpp","2026-05-25T07:38:54+08:00","d0f85c9","Gean Dhylan E. Mapesos","Clean llama.cpp vendor whitespace"
"android-app","android-app/app/src/main/cpp/llama.cpp/ggml/src/ggml-sycl/fattn-vec.hpp","2026-05-25T07:37:00+08:00","af05997","Gean Dhylan E. Mapesos","Update llama.cpp vendor for mtmd"
"android-app","android-app/app/src/main/cpp/llama.cpp/ggml/src/ggml-sycl/fattn.cpp","2026-05-25T07:37:00+08:00","af05997","Gean Dhylan E. Mapesos","Update llama.cpp vendor for mtmd"
"android-app","android-app/app/src/main/cpp/llama.cpp/ggml/src/ggml-sycl/fattn.hpp","2026-05-25T07:37:00+08:00","af05997","Gean Dhylan E. Mapesos","Update llama.cpp vendor for mtmd"
"android-app","android-app/app/src/main/cpp/llama.cpp/ggml/src/ggml-sycl/fill.cpp","2026-05-25T07:37:00+08:00","af05997","Gean Dhylan E. Mapesos","Update llama.cpp vendor for mtmd"
"android-app","android-app/app/src/main/cpp/llama.cpp/ggml/src/ggml-sycl/fill.hpp","2026-05-25T07:37:00+08:00","af05997","Gean Dhylan E. Mapesos","Update llama.cpp vendor for mtmd"
"android-app","android-app/app/src/main/cpp/llama.cpp/ggml/src/ggml-sycl/gated_delta_net.cpp","2026-05-25T07:37:00+08:00","af05997","Gean Dhylan E. Mapesos","Update llama.cpp vendor for mtmd"
"android-app","android-app/app/src/main/cpp/llama.cpp/ggml/src/ggml-sycl/gated_delta_net.hpp","2026-05-25T07:37:00+08:00","af05997","Gean Dhylan E. Mapesos","Update llama.cpp vendor for mtmd"
"android-app","android-app/app/src/main/cpp/llama.cpp/ggml/src/ggml-sycl/gemm.hpp","2026-05-25T07:37:00+08:00","af05997","Gean Dhylan E. Mapesos","Update llama.cpp vendor for mtmd"
"android-app","android-app/app/src/main/cpp/llama.cpp/ggml/src/ggml-sycl/getrows.cpp","2026-05-25T07:37:00+08:00","af05997","Gean Dhylan E. Mapesos","Update llama.cpp vendor for mtmd"
"android-app","android-app/app/src/main/cpp/llama.cpp/ggml/src/ggml-sycl/getrows.hpp","2026-05-25T07:37:00+08:00","af05997","Gean Dhylan E. Mapesos","Update llama.cpp vendor for mtmd"
"android-app","android-app/app/src/main/cpp/llama.cpp/ggml/src/ggml-sycl/ggml-sycl.cpp","2026-05-25T07:37:00+08:00","af05997","Gean Dhylan E. Mapesos","Update llama.cpp vendor for mtmd"
"android-app","android-app/app/src/main/cpp/llama.cpp/ggml/src/ggml-sycl/gla.cpp","2026-05-25T07:37:00+08:00","af05997","Gean Dhylan E. Mapesos","Update llama.cpp vendor for mtmd"
"android-app","android-app/app/src/main/cpp/llama.cpp/ggml/src/ggml-sycl/gla.hpp","2026-05-25T07:37:00+08:00","af05997","Gean Dhylan E. Mapesos","Update llama.cpp vendor for mtmd"
"android-app","android-app/app/src/main/cpp/llama.cpp/ggml/src/ggml-sycl/im2col.cpp","2026-05-25T07:37:00+08:00","af05997","Gean Dhylan E. Mapesos","Update llama.cpp vendor for mtmd"
"android-app","android-app/app/src/main/cpp/llama.cpp/ggml/src/ggml-sycl/im2col.hpp","2026-05-25T07:37:00+08:00","af05997","Gean Dhylan E. Mapesos","Update llama.cpp vendor for mtmd"
"android-app","android-app/app/src/main/cpp/llama.cpp/ggml/src/ggml-sycl/mmq.cpp","2026-05-25T07:37:00+08:00","af05997","Gean Dhylan E. Mapesos","Update llama.cpp vendor for mtmd"
"android-app","android-app/app/src/main/cpp/llama.cpp/ggml/src/ggml-sycl/mmq.hpp","2026-05-23T17:43:15+08:00","af33d7f","Gean Dhylan E. Mapesos","Initial commit"
"android-app","android-app/app/src/main/cpp/llama.cpp/ggml/src/ggml-sycl/mmvq.cpp","2026-05-25T07:37:00+08:00","af05997","Gean Dhylan E. Mapesos","Update llama.cpp vendor for mtmd"
"android-app","android-app/app/src/main/cpp/llama.cpp/ggml/src/ggml-sycl/mmvq.hpp","2026-05-25T07:37:00+08:00","af05997","Gean Dhylan E. Mapesos","Update llama.cpp vendor for mtmd"
"android-app","android-app/app/src/main/cpp/llama.cpp/ggml/src/ggml-sycl/norm.cpp","2026-05-25T07:37:00+08:00","af05997","Gean Dhylan E. Mapesos","Update llama.cpp vendor for mtmd"
"android-app","android-app/app/src/main/cpp/llama.cpp/ggml/src/ggml-sycl/norm.hpp","2026-05-25T07:37:00+08:00","af05997","Gean Dhylan E. Mapesos","Update llama.cpp vendor for mtmd"
"android-app","android-app/app/src/main/cpp/llama.cpp/ggml/src/ggml-sycl/outprod.cpp","2026-05-25T07:37:00+08:00","af05997","Gean Dhylan E. Mapesos","Update llama.cpp vendor for mtmd"
"android-app","android-app/app/src/main/cpp/llama.cpp/ggml/src/ggml-sycl/outprod.hpp","2026-05-25T07:37:00+08:00","af05997","Gean Dhylan E. Mapesos","Update llama.cpp vendor for mtmd"
"android-app","android-app/app/src/main/cpp/llama.cpp/ggml/src/ggml-sycl/pad.cpp","2026-05-25T07:37:00+08:00","af05997","Gean Dhylan E. Mapesos","Update llama.cpp vendor for mtmd"
"android-app","android-app/app/src/main/cpp/llama.cpp/ggml/src/ggml-sycl/pad.hpp","2026-05-25T07:37:00+08:00","af05997","Gean Dhylan E. Mapesos","Update llama.cpp vendor for mtmd"
"android-app","android-app/app/src/main/cpp/llama.cpp/ggml/src/ggml-sycl/pad_reflect_1d.cpp","2026-05-25T07:37:00+08:00","af05997","Gean Dhylan E. Mapesos","Update llama.cpp vendor for mtmd"
"android-app","android-app/app/src/main/cpp/llama.cpp/ggml/src/ggml-sycl/pad_reflect_1d.hpp","2026-05-25T07:37:00+08:00","af05997","Gean Dhylan E. Mapesos","Update llama.cpp vendor for mtmd"
"android-app","android-app/app/src/main/cpp/llama.cpp/ggml/src/ggml-sycl/presets.hpp","2026-05-25T07:37:00+08:00","af05997","Gean Dhylan E. Mapesos","Update llama.cpp vendor for mtmd"
"android-app","android-app/app/src/main/cpp/llama.cpp/ggml/src/ggml-sycl/quantize.hpp","2026-05-25T07:37:00+08:00","af05997","Gean Dhylan E. Mapesos","Update llama.cpp vendor for mtmd"
"android-app","android-app/app/src/main/cpp/llama.cpp/ggml/src/ggml-sycl/quants.hpp","2026-05-25T07:37:00+08:00","af05997","Gean Dhylan E. Mapesos","Update llama.cpp vendor for mtmd"
"android-app","android-app/app/src/main/cpp/llama.cpp/ggml/src/ggml-sycl/repeat_back.cpp","2026-05-25T07:37:00+08:00","af05997","Gean Dhylan E. Mapesos","Update llama.cpp vendor for mtmd"
"android-app","android-app/app/src/main/cpp/llama.cpp/ggml/src/ggml-sycl/repeat_back.hpp","2026-05-25T07:37:00+08:00","af05997","Gean Dhylan E. Mapesos","Update llama.cpp vendor for mtmd"
"android-app","android-app/app/src/main/cpp/llama.cpp/ggml/src/ggml-sycl/roll.cpp","2026-05-25T07:37:00+08:00","af05997","Gean Dhylan E. Mapesos","Update llama.cpp vendor for mtmd"
"android-app","android-app/app/src/main/cpp/llama.cpp/ggml/src/ggml-sycl/roll.hpp","2026-05-25T07:37:00+08:00","af05997","Gean Dhylan E. Mapesos","Update llama.cpp vendor for mtmd"
"android-app","android-app/app/src/main/cpp/llama.cpp/ggml/src/ggml-sycl/rope.cpp","2026-05-25T07:37:00+08:00","af05997","Gean Dhylan E. Mapesos","Update llama.cpp vendor for mtmd"
"android-app","android-app/app/src/main/cpp/llama.cpp/ggml/src/ggml-sycl/rope.hpp","2026-05-25T07:37:00+08:00","af05997","Gean Dhylan E. Mapesos","Update llama.cpp vendor for mtmd"
"android-app","android-app/app/src/main/cpp/llama.cpp/ggml/src/ggml-sycl/set.cpp","2026-05-25T07:37:00+08:00","af05997","Gean Dhylan E. Mapesos","Update llama.cpp vendor for mtmd"
"android-app","android-app/app/src/main/cpp/llama.cpp/ggml/src/ggml-sycl/set.hpp","2026-05-25T07:37:00+08:00","af05997","Gean Dhylan E. Mapesos","Update llama.cpp vendor for mtmd"
"android-app","android-app/app/src/main/cpp/llama.cpp/ggml/src/ggml-sycl/set_rows.cpp","2026-05-25T07:37:00+08:00","af05997","Gean Dhylan E. Mapesos","Update llama.cpp vendor for mtmd"
"android-app","android-app/app/src/main/cpp/llama.cpp/ggml/src/ggml-sycl/set_rows.hpp","2026-05-25T07:37:00+08:00","af05997","Gean Dhylan E. Mapesos","Update llama.cpp vendor for mtmd"
"android-app","android-app/app/src/main/cpp/llama.cpp/ggml/src/ggml-sycl/softmax.cpp","2026-05-25T07:37:00+08:00","af05997","Gean Dhylan E. Mapesos","Update llama.cpp vendor for mtmd"
"android-app","android-app/app/src/main/cpp/llama.cpp/ggml/src/ggml-sycl/softmax.hpp","2026-05-25T07:37:00+08:00","af05997","Gean Dhylan E. Mapesos","Update llama.cpp vendor for mtmd"
"android-app","android-app/app/src/main/cpp/llama.cpp/ggml/src/ggml-sycl/solve_tri.cpp","2026-05-25T07:37:00+08:00","af05997","Gean Dhylan E. Mapesos","Update llama.cpp vendor for mtmd"
"android-app","android-app/app/src/main/cpp/llama.cpp/ggml/src/ggml-sycl/solve_tri.hpp","2026-05-25T07:37:00+08:00","af05997","Gean Dhylan E. Mapesos","Update llama.cpp vendor for mtmd"
"android-app","android-app/app/src/main/cpp/llama.cpp/ggml/src/ggml-sycl/ssm_conv.cpp","2026-05-25T07:37:00+08:00","af05997","Gean Dhylan E. Mapesos","Update llama.cpp vendor for mtmd"
"android-app","android-app/app/src/main/cpp/llama.cpp/ggml/src/ggml-sycl/ssm_conv.hpp","2026-05-25T07:37:00+08:00","af05997","Gean Dhylan E. Mapesos","Update llama.cpp vendor for mtmd"
"android-app","android-app/app/src/main/cpp/llama.cpp/ggml/src/ggml-sycl/ssm_scan.cpp","2026-05-25T07:37:00+08:00","af05997","Gean Dhylan E. Mapesos","Update llama.cpp vendor for mtmd"
"android-app","android-app/app/src/main/cpp/llama.cpp/ggml/src/ggml-sycl/ssm_scan.hpp","2026-05-25T07:37:00+08:00","af05997","Gean Dhylan E. Mapesos","Update llama.cpp vendor for mtmd"
"android-app","android-app/app/src/main/cpp/llama.cpp/ggml/src/ggml-sycl/sycl_hw.cpp","2026-05-25T07:37:00+08:00","af05997","Gean Dhylan E. Mapesos","Update llama.cpp vendor for mtmd"
"android-app","android-app/app/src/main/cpp/llama.cpp/ggml/src/ggml-sycl/sycl_hw.hpp","2026-05-25T07:37:00+08:00","af05997","Gean Dhylan E. Mapesos","Update llama.cpp vendor for mtmd"
"android-app","android-app/app/src/main/cpp/llama.cpp/ggml/src/ggml-sycl/template-instances/fattn-tile-instance-dkq112-dv112.cpp","2026-05-25T07:37:00+08:00","af05997","Gean Dhylan E. Mapesos","Update llama.cpp vendor for mtmd"
"android-app","android-app/app/src/main/cpp/llama.cpp/ggml/src/ggml-sycl/template-instances/fattn-tile-instance-dkq128-dv128.cpp","2026-05-25T07:37:00+08:00","af05997","Gean Dhylan E. Mapesos","Update llama.cpp vendor for mtmd"
"android-app","android-app/app/src/main/cpp/llama.cpp/ggml/src/ggml-sycl/template-instances/fattn-tile-instance-dkq256-dv256.cpp","2026-05-25T07:37:00+08:00","af05997","Gean Dhylan E. Mapesos","Update llama.cpp vendor for mtmd"
"android-app","android-app/app/src/main/cpp/llama.cpp/ggml/src/ggml-sycl/template-instances/fattn-tile-instance-dkq40-dv40.cpp","2026-05-25T07:37:00+08:00","af05997","Gean Dhylan E. Mapesos","Update llama.cpp vendor for mtmd"
"android-app","android-app/app/src/main/cpp/llama.cpp/ggml/src/ggml-sycl/template-instances/fattn-tile-instance-dkq512-dv512.cpp","2026-05-25T07:38:54+08:00","d0f85c9","Gean Dhylan E. Mapesos","Clean llama.cpp vendor whitespace"
"android-app","android-app/app/src/main/cpp/llama.cpp/ggml/src/ggml-sycl/template-instances/fattn-tile-instance-dkq576-dv512.cpp","2026-05-25T07:37:00+08:00","af05997","Gean Dhylan E. Mapesos","Update llama.cpp vendor for mtmd"
"android-app","android-app/app/src/main/cpp/llama.cpp/ggml/src/ggml-sycl/template-instances/fattn-tile-instance-dkq64-dv64.cpp","2026-05-25T07:37:00+08:00","af05997","Gean Dhylan E. Mapesos","Update llama.cpp vendor for mtmd"
"android-app","android-app/app/src/main/cpp/llama.cpp/ggml/src/ggml-sycl/template-instances/fattn-tile-instance-dkq72-dv72.cpp","2026-05-25T07:37:00+08:00","af05997","Gean Dhylan E. Mapesos","Update llama.cpp vendor for mtmd"
"android-app","android-app/app/src/main/cpp/llama.cpp/ggml/src/ggml-sycl/template-instances/fattn-tile-instance-dkq80-dv80.cpp","2026-05-25T07:37:00+08:00","af05997","Gean Dhylan E. Mapesos","Update llama.cpp vendor for mtmd"
"android-app","android-app/app/src/main/cpp/llama.cpp/ggml/src/ggml-sycl/template-instances/fattn-tile-instance-dkq96-dv96.cpp","2026-05-25T07:37:00+08:00","af05997","Gean Dhylan E. Mapesos","Update llama.cpp vendor for mtmd"
"android-app","android-app/app/src/main/cpp/llama.cpp/ggml/src/ggml-sycl/template-instances/fattn-vec-instance-f16-f16.cpp","2026-05-25T07:37:00+08:00","af05997","Gean Dhylan E. Mapesos","Update llama.cpp vendor for mtmd"
"android-app","android-app/app/src/main/cpp/llama.cpp/ggml/src/ggml-sycl/template-instances/fattn-vec-instance-f16-q4_0.cpp","2026-05-25T07:37:00+08:00","af05997","Gean Dhylan E. Mapesos","Update llama.cpp vendor for mtmd"
"android-app","android-app/app/src/main/cpp/llama.cpp/ggml/src/ggml-sycl/template-instances/fattn-vec-instance-f16-q4_1.cpp","2026-05-25T07:37:00+08:00","af05997","Gean Dhylan E. Mapesos","Update llama.cpp vendor for mtmd"
"android-app","android-app/app/src/main/cpp/llama.cpp/ggml/src/ggml-sycl/template-instances/fattn-vec-instance-f16-q5_0.cpp","2026-05-25T07:37:00+08:00","af05997","Gean Dhylan E. Mapesos","Update llama.cpp vendor for mtmd"
"android-app","android-app/app/src/main/cpp/llama.cpp/ggml/src/ggml-sycl/template-instances/fattn-vec-instance-f16-q5_1.cpp","2026-05-25T07:37:00+08:00","af05997","Gean Dhylan E. Mapesos","Update llama.cpp vendor for mtmd"
"android-app","android-app/app/src/main/cpp/llama.cpp/ggml/src/ggml-sycl/template-instances/fattn-vec-instance-f16-q8_0.cpp","2026-05-25T07:37:00+08:00","af05997","Gean Dhylan E. Mapesos","Update llama.cpp vendor for mtmd"
"android-app","android-app/app/src/main/cpp/llama.cpp/ggml/src/ggml-sycl/template-instances/fattn-vec-instance-q4_0-f16.cpp","2026-05-25T07:37:00+08:00","af05997","Gean Dhylan E. Mapesos","Update llama.cpp vendor for mtmd"
"android-app","android-app/app/src/main/cpp/llama.cpp/ggml/src/ggml-sycl/template-instances/fattn-vec-instance-q4_0-q4_0.cpp","2026-05-25T07:37:00+08:00","af05997","Gean Dhylan E. Mapesos","Update llama.cpp vendor for mtmd"
"android-app","android-app/app/src/main/cpp/llama.cpp/ggml/src/ggml-sycl/template-instances/fattn-vec-instance-q4_0-q4_1.cpp","2026-05-25T07:37:00+08:00","af05997","Gean Dhylan E. Mapesos","Update llama.cpp vendor for mtmd"
"android-app","android-app/app/src/main/cpp/llama.cpp/ggml/src/ggml-sycl/template-instances/fattn-vec-instance-q4_0-q5_0.cpp","2026-05-25T07:37:00+08:00","af05997","Gean Dhylan E. Mapesos","Update llama.cpp vendor for mtmd"
"android-app","android-app/app/src/main/cpp/llama.cpp/ggml/src/ggml-sycl/template-instances/fattn-vec-instance-q4_0-q5_1.cpp","2026-05-25T07:37:00+08:00","af05997","Gean Dhylan E. Mapesos","Update llama.cpp vendor for mtmd"
"android-app","android-app/app/src/main/cpp/llama.cpp/ggml/src/ggml-sycl/template-instances/fattn-vec-instance-q4_0-q8_0.cpp","2026-05-25T07:37:00+08:00","af05997","Gean Dhylan E. Mapesos","Update llama.cpp vendor for mtmd"
"android-app","android-app/app/src/main/cpp/llama.cpp/ggml/src/ggml-sycl/template-instances/fattn-vec-instance-q4_1-f16.cpp","2026-05-25T07:37:00+08:00","af05997","Gean Dhylan E. Mapesos","Update llama.cpp vendor for mtmd"
"android-app","android-app/app/src/main/cpp/llama.cpp/ggml/src/ggml-sycl/template-instances/fattn-vec-instance-q4_1-q4_0.cpp","2026-05-25T07:37:00+08:00","af05997","Gean Dhylan E. Mapesos","Update llama.cpp vendor for mtmd"
"android-app","android-app/app/src/main/cpp/llama.cpp/ggml/src/ggml-sycl/template-instances/fattn-vec-instance-q4_1-q4_1.cpp","2026-05-25T07:37:00+08:00","af05997","Gean Dhylan E. Mapesos","Update llama.cpp vendor for mtmd"
"android-app","android-app/app/src/main/cpp/llama.cpp/ggml/src/ggml-sycl/template-instances/fattn-vec-instance-q4_1-q5_0.cpp","2026-05-25T07:37:00+08:00","af05997","Gean Dhylan E. Mapesos","Update llama.cpp vendor for mtmd"
"android-app","android-app/app/src/main/cpp/llama.cpp/ggml/src/ggml-sycl/template-instances/fattn-vec-instance-q4_1-q5_1.cpp","2026-05-25T07:37:00+08:00","af05997","Gean Dhylan E. Mapesos","Update llama.cpp vendor for mtmd"
"android-app","android-app/app/src/main/cpp/llama.cpp/ggml/src/ggml-sycl/template-instances/fattn-vec-instance-q4_1-q8_0.cpp","2026-05-25T07:37:00+08:00","af05997","Gean Dhylan E. Mapesos","Update llama.cpp vendor for mtmd"
"android-app","android-app/app/src/main/cpp/llama.cpp/ggml/src/ggml-sycl/template-instances/fattn-vec-instance-q5_0-f16.cpp","2026-05-25T07:37:00+08:00","af05997","Gean Dhylan E. Mapesos","Update llama.cpp vendor for mtmd"
"android-app","android-app/app/src/main/cpp/llama.cpp/ggml/src/ggml-sycl/template-instances/fattn-vec-instance-q5_0-q4_0.cpp","2026-05-25T07:37:00+08:00","af05997","Gean Dhylan E. Mapesos","Update llama.cpp vendor for mtmd"
"android-app","android-app/app/src/main/cpp/llama.cpp/ggml/src/ggml-sycl/template-instances/fattn-vec-instance-q5_0-q4_1.cpp","2026-05-25T07:37:00+08:00","af05997","Gean Dhylan E. Mapesos","Update llama.cpp vendor for mtmd"
"android-app","android-app/app/src/main/cpp/llama.cpp/ggml/src/ggml-sycl/template-instances/fattn-vec-instance-q5_0-q5_0.cpp","2026-05-25T07:37:00+08:00","af05997","Gean Dhylan E. Mapesos","Update llama.cpp vendor for mtmd"
"android-app","android-app/app/src/main/cpp/llama.cpp/ggml/src/ggml-sycl/template-instances/fattn-vec-instance-q5_0-q5_1.cpp","2026-05-25T07:37:00+08:00","af05997","Gean Dhylan E. Mapesos","Update llama.cpp vendor for mtmd"
"android-app","android-app/app/src/main/cpp/llama.cpp/ggml/src/ggml-sycl/template-instances/fattn-vec-instance-q5_0-q8_0.cpp","2026-05-25T07:37:00+08:00","af05997","Gean Dhylan E. Mapesos","Update llama.cpp vendor for mtmd"
"android-app","android-app/app/src/main/cpp/llama.cpp/ggml/src/ggml-sycl/template-instances/fattn-vec-instance-q5_1-f16.cpp","2026-05-25T07:37:00+08:00","af05997","Gean Dhylan E. Mapesos","Update llama.cpp vendor for mtmd"
"android-app","android-app/app/src/main/cpp/llama.cpp/ggml/src/ggml-sycl/template-instances/fattn-vec-instance-q5_1-q4_0.cpp","2026-05-25T07:37:00+08:00","af05997","Gean Dhylan E. Mapesos","Update llama.cpp vendor for mtmd"
"android-app","android-app/app/src/main/cpp/llama.cpp/ggml/src/ggml-sycl/template-instances/fattn-vec-instance-q5_1-q4_1.cpp","2026-05-25T07:37:00+08:00","af05997","Gean Dhylan E. Mapesos","Update llama.cpp vendor for mtmd"
"android-app","android-app/app/src/main/cpp/llama.cpp/ggml/src/ggml-sycl/template-instances/fattn-vec-instance-q5_1-q5_0.cpp","2026-05-25T07:37:00+08:00","af05997","Gean Dhylan E. Mapesos","Update llama.cpp vendor for mtmd"
"android-app","android-app/app/src/main/cpp/llama.cpp/ggml/src/ggml-sycl/template-instances/fattn-vec-instance-q5_1-q5_1.cpp","2026-05-25T07:37:00+08:00","af05997","Gean Dhylan E. Mapesos","Update llama.cpp vendor for mtmd"
"android-app","android-app/app/src/main/cpp/llama.cpp/ggml/src/ggml-sycl/template-instances/fattn-vec-instance-q5_1-q8_0.cpp","2026-05-25T07:37:00+08:00","af05997","Gean Dhylan E. Mapesos","Update llama.cpp vendor for mtmd"
"android-app","android-app/app/src/main/cpp/llama.cpp/ggml/src/ggml-sycl/template-instances/fattn-vec-instance-q8_0-f16.cpp","2026-05-25T07:37:00+08:00","af05997","Gean Dhylan E. Mapesos","Update llama.cpp vendor for mtmd"
"android-app","android-app/app/src/main/cpp/llama.cpp/ggml/src/ggml-sycl/template-instances/fattn-vec-instance-q8_0-q4_0.cpp","2026-05-25T07:37:00+08:00","af05997","Gean Dhylan E. Mapesos","Update llama.cpp vendor for mtmd"
"android-app","android-app/app/src/main/cpp/llama.cpp/ggml/src/ggml-sycl/template-instances/fattn-vec-instance-q8_0-q4_1.cpp","2026-05-25T07:37:00+08:00","af05997","Gean Dhylan E. Mapesos","Update llama.cpp vendor for mtmd"
"android-app","android-app/app/src/main/cpp/llama.cpp/ggml/src/ggml-sycl/template-instances/fattn-vec-instance-q8_0-q5_0.cpp","2026-05-25T07:37:00+08:00","af05997","Gean Dhylan E. Mapesos","Update llama.cpp vendor for mtmd"
"android-app","android-app/app/src/main/cpp/llama.cpp/ggml/src/ggml-sycl/template-instances/fattn-vec-instance-q8_0-q5_1.cpp","2026-05-25T07:37:00+08:00","af05997","Gean Dhylan E. Mapesos","Update llama.cpp vendor for mtmd"
"android-app","android-app/app/src/main/cpp/llama.cpp/ggml/src/ggml-sycl/template-instances/fattn-vec-instance-q8_0-q8_0.cpp","2026-05-25T07:37:00+08:00","af05997","Gean Dhylan E. Mapesos","Update llama.cpp vendor for mtmd"
"android-app","android-app/app/src/main/cpp/llama.cpp/ggml/src/ggml-sycl/tsembd.cpp","2026-05-25T07:37:00+08:00","af05997","Gean Dhylan E. Mapesos","Update llama.cpp vendor for mtmd"
"android-app","android-app/app/src/main/cpp/llama.cpp/ggml/src/ggml-sycl/tsembd.hpp","2026-05-25T07:37:00+08:00","af05997","Gean Dhylan E. Mapesos","Update llama.cpp vendor for mtmd"
"android-app","android-app/app/src/main/cpp/llama.cpp/ggml/src/ggml-sycl/type.hpp","2026-05-25T07:38:54+08:00","d0f85c9","Gean Dhylan E. Mapesos","Clean llama.cpp vendor whitespace"
"android-app","android-app/app/src/main/cpp/llama.cpp/ggml/src/ggml-sycl/upscale.cpp","2026-05-25T07:37:00+08:00","af05997","Gean Dhylan E. Mapesos","Update llama.cpp vendor for mtmd"
"android-app","android-app/app/src/main/cpp/llama.cpp/ggml/src/ggml-sycl/upscale.hpp","2026-05-25T07:37:00+08:00","af05997","Gean Dhylan E. Mapesos","Update llama.cpp vendor for mtmd"
"android-app","android-app/app/src/main/cpp/llama.cpp/ggml/src/ggml-sycl/vecdotq.hpp","2026-05-25T07:37:00+08:00","af05997","Gean Dhylan E. Mapesos","Update llama.cpp vendor for mtmd"
"android-app","android-app/app/src/main/cpp/llama.cpp/ggml/src/ggml-sycl/wkv.cpp","2026-05-25T07:37:00+08:00","af05997","Gean Dhylan E. Mapesos","Update llama.cpp vendor for mtmd"
"android-app","android-app/app/src/main/cpp/llama.cpp/ggml/src/ggml-sycl/wkv.hpp","2026-05-25T07:37:00+08:00","af05997","Gean Dhylan E. Mapesos","Update llama.cpp vendor for mtmd"
"android-app","android-app/app/src/main/cpp/llama.cpp/ggml/src/ggml-threading.cpp","2026-05-23T17:43:15+08:00","af33d7f","Gean Dhylan E. Mapesos","Initial commit"
"android-app","android-app/app/src/main/cpp/llama.cpp/ggml/src/ggml-threading.h","2026-05-25T07:37:00+08:00","af05997","Gean Dhylan E. Mapesos","Update llama.cpp vendor for mtmd"
"android-app","android-app/app/src/main/cpp/llama.cpp/ggml/src/ggml-virtgpu/CMakeLists.txt","2026-05-25T07:37:00+08:00","af05997","Gean Dhylan E. Mapesos","Update llama.cpp vendor for mtmd"
"android-app","android-app/app/src/main/cpp/llama.cpp/ggml/src/ggml-virtgpu/apir_cs_ggml-rpc-front.cpp","2026-05-25T07:37:00+08:00","af05997","Gean Dhylan E. Mapesos","Update llama.cpp vendor for mtmd"
"android-app","android-app/app/src/main/cpp/llama.cpp/ggml/src/ggml-virtgpu/backend/CMakeLists.txt","2026-05-25T07:37:00+08:00","af05997","Gean Dhylan E. Mapesos","Update llama.cpp vendor for mtmd"
"android-app","android-app/app/src/main/cpp/llama.cpp/ggml/src/ggml-virtgpu/backend/apir_cs_ggml-rpc-back.cpp","2026-05-25T07:37:00+08:00","af05997","Gean Dhylan E. Mapesos","Update llama.cpp vendor for mtmd"
"android-app","android-app/app/src/main/cpp/llama.cpp/ggml/src/ggml-virtgpu/backend/backend-convert.h","2026-05-25T07:37:00+08:00","af05997","Gean Dhylan E. Mapesos","Update llama.cpp vendor for mtmd"
"android-app","android-app/app/src/main/cpp/llama.cpp/ggml/src/ggml-virtgpu/backend/backend-dispatched-backend.cpp","2026-05-25T07:37:00+08:00","af05997","Gean Dhylan E. Mapesos","Update llama.cpp vendor for mtmd"
"android-app","android-app/app/src/main/cpp/llama.cpp/ggml/src/ggml-virtgpu/backend/backend-dispatched-buffer-type.cpp","2026-05-25T07:37:00+08:00","af05997","Gean Dhylan E. Mapesos","Update llama.cpp vendor for mtmd"
"android-app","android-app/app/src/main/cpp/llama.cpp/ggml/src/ggml-virtgpu/backend/backend-dispatched-buffer.cpp","2026-05-25T07:37:00+08:00","af05997","Gean Dhylan E. Mapesos","Update llama.cpp vendor for mtmd"
"android-app","android-app/app/src/main/cpp/llama.cpp/ggml/src/ggml-virtgpu/backend/backend-dispatched-device.cpp","2026-05-25T07:37:00+08:00","af05997","Gean Dhylan E. Mapesos","Update llama.cpp vendor for mtmd"
"android-app","android-app/app/src/main/cpp/llama.cpp/ggml/src/ggml-virtgpu/backend/backend-dispatched.cpp","2026-05-25T07:37:00+08:00","af05997","Gean Dhylan E. Mapesos","Update llama.cpp vendor for mtmd"
"android-app","android-app/app/src/main/cpp/llama.cpp/ggml/src/ggml-virtgpu/backend/backend-dispatched.gen.h","2026-05-25T07:37:00+08:00","af05997","Gean Dhylan E. Mapesos","Update llama.cpp vendor for mtmd"
"android-app","android-app/app/src/main/cpp/llama.cpp/ggml/src/ggml-virtgpu/backend/backend-dispatched.h","2026-05-25T07:37:00+08:00","af05997","Gean Dhylan E. Mapesos","Update llama.cpp vendor for mtmd"
"android-app","android-app/app/src/main/cpp/llama.cpp/ggml/src/ggml-virtgpu/backend/backend-virgl-apir.h","2026-05-25T07:37:00+08:00","af05997","Gean Dhylan E. Mapesos","Update llama.cpp vendor for mtmd"
"android-app","android-app/app/src/main/cpp/llama.cpp/ggml/src/ggml-virtgpu/backend/backend.cpp","2026-05-25T07:37:00+08:00","af05997","Gean Dhylan E. Mapesos","Update llama.cpp vendor for mtmd"
"android-app","android-app/app/src/main/cpp/llama.cpp/ggml/src/ggml-virtgpu/backend/shared/api_remoting.h","2026-05-25T07:37:00+08:00","af05997","Gean Dhylan E. Mapesos","Update llama.cpp vendor for mtmd"
"android-app","android-app/app/src/main/cpp/llama.cpp/ggml/src/ggml-virtgpu/backend/shared/apir_backend.gen.h","2026-05-25T07:37:00+08:00","af05997","Gean Dhylan E. Mapesos","Update llama.cpp vendor for mtmd"
"android-app","android-app/app/src/main/cpp/llama.cpp/ggml/src/ggml-virtgpu/backend/shared/apir_backend.h","2026-05-25T07:37:00+08:00","af05997","Gean Dhylan E. Mapesos","Update llama.cpp vendor for mtmd"
"android-app","android-app/app/src/main/cpp/llama.cpp/ggml/src/ggml-virtgpu/backend/shared/apir_cs.h","2026-05-25T07:37:00+08:00","af05997","Gean Dhylan E. Mapesos","Update llama.cpp vendor for mtmd"
"android-app","android-app/app/src/main/cpp/llama.cpp/ggml/src/ggml-virtgpu/backend/shared/apir_cs_ggml.h","2026-05-25T07:37:00+08:00","af05997","Gean Dhylan E. Mapesos","Update llama.cpp vendor for mtmd"
"android-app","android-app/app/src/main/cpp/llama.cpp/ggml/src/ggml-virtgpu/backend/shared/apir_cs_rpc.h","2026-05-25T07:37:00+08:00","af05997","Gean Dhylan E. Mapesos","Update llama.cpp vendor for mtmd"
"android-app","android-app/app/src/main/cpp/llama.cpp/ggml/src/ggml-virtgpu/ggml-backend-buffer-type.cpp","2026-05-25T07:37:00+08:00","af05997","Gean Dhylan E. Mapesos","Update llama.cpp vendor for mtmd"
"android-app","android-app/app/src/main/cpp/llama.cpp/ggml/src/ggml-virtgpu/ggml-backend-buffer.cpp","2026-05-25T07:37:00+08:00","af05997","Gean Dhylan E. Mapesos","Update llama.cpp vendor for mtmd"
"android-app","android-app/app/src/main/cpp/llama.cpp/ggml/src/ggml-virtgpu/ggml-backend-device.cpp","2026-05-25T07:37:00+08:00","af05997","Gean Dhylan E. Mapesos","Update llama.cpp vendor for mtmd"
"android-app","android-app/app/src/main/cpp/llama.cpp/ggml/src/ggml-virtgpu/ggml-backend-reg.cpp","2026-05-25T07:37:00+08:00","af05997","Gean Dhylan E. Mapesos","Update llama.cpp vendor for mtmd"
"android-app","android-app/app/src/main/cpp/llama.cpp/ggml/src/ggml-virtgpu/ggml-backend.cpp","2026-05-25T07:37:00+08:00","af05997","Gean Dhylan E. Mapesos","Update llama.cpp vendor for mtmd"
"android-app","android-app/app/src/main/cpp/llama.cpp/ggml/src/ggml-virtgpu/ggml-remoting.h","2026-05-25T07:37:00+08:00","af05997","Gean Dhylan E. Mapesos","Update llama.cpp vendor for mtmd"
"android-app","android-app/app/src/main/cpp/llama.cpp/ggml/src/ggml-virtgpu/ggmlremoting_functions.yaml","2026-05-25T07:37:00+08:00","af05997","Gean Dhylan E. Mapesos","Update llama.cpp vendor for mtmd"
"android-app","android-app/app/src/main/cpp/llama.cpp/ggml/src/ggml-virtgpu/include/apir_hw.h","2026-05-25T07:37:00+08:00","af05997","Gean Dhylan E. Mapesos","Update llama.cpp vendor for mtmd"
"android-app","android-app/app/src/main/cpp/llama.cpp/ggml/src/ggml-virtgpu/regenerate_remoting.py","2026-05-25T07:37:00+08:00","af05997","Gean Dhylan E. Mapesos","Update llama.cpp vendor for mtmd"
"android-app","android-app/app/src/main/cpp/llama.cpp/ggml/src/ggml-virtgpu/virtgpu-apir.h","2026-05-25T07:37:00+08:00","af05997","Gean Dhylan E. Mapesos","Update llama.cpp vendor for mtmd"
"android-app","android-app/app/src/main/cpp/llama.cpp/ggml/src/ggml-virtgpu/virtgpu-forward-backend.cpp","2026-05-25T07:37:00+08:00","af05997","Gean Dhylan E. Mapesos","Update llama.cpp vendor for mtmd"
"android-app","android-app/app/src/main/cpp/llama.cpp/ggml/src/ggml-virtgpu/virtgpu-forward-buffer-type.cpp","2026-05-25T07:37:00+08:00","af05997","Gean Dhylan E. Mapesos","Update llama.cpp vendor for mtmd"
"android-app","android-app/app/src/main/cpp/llama.cpp/ggml/src/ggml-virtgpu/virtgpu-forward-buffer.cpp","2026-05-25T07:37:00+08:00","af05997","Gean Dhylan E. Mapesos","Update llama.cpp vendor for mtmd"
"android-app","android-app/app/src/main/cpp/llama.cpp/ggml/src/ggml-virtgpu/virtgpu-forward-device.cpp","2026-05-25T07:37:00+08:00","af05997","Gean Dhylan E. Mapesos","Update llama.cpp vendor for mtmd"
"android-app","android-app/app/src/main/cpp/llama.cpp/ggml/src/ggml-virtgpu/virtgpu-forward-impl.h","2026-05-25T07:37:00+08:00","af05997","Gean Dhylan E. Mapesos","Update llama.cpp vendor for mtmd"
"android-app","android-app/app/src/main/cpp/llama.cpp/ggml/src/ggml-virtgpu/virtgpu-forward.gen.h","2026-05-25T07:37:00+08:00","af05997","Gean Dhylan E. Mapesos","Update llama.cpp vendor for mtmd"
"android-app","android-app/app/src/main/cpp/llama.cpp/ggml/src/ggml-virtgpu/virtgpu-shm.cpp","2026-05-25T07:37:00+08:00","af05997","Gean Dhylan E. Mapesos","Update llama.cpp vendor for mtmd"
"android-app","android-app/app/src/main/cpp/llama.cpp/ggml/src/ggml-virtgpu/virtgpu-shm.h","2026-05-25T07:37:00+08:00","af05997","Gean Dhylan E. Mapesos","Update llama.cpp vendor for mtmd"
"android-app","android-app/app/src/main/cpp/llama.cpp/ggml/src/ggml-virtgpu/virtgpu-utils.cpp","2026-05-25T07:37:00+08:00","af05997","Gean Dhylan E. Mapesos","Update llama.cpp vendor for mtmd"
"android-app","android-app/app/src/main/cpp/llama.cpp/ggml/src/ggml-virtgpu/virtgpu-utils.h","2026-05-25T07:37:00+08:00","af05997","Gean Dhylan E. Mapesos","Update llama.cpp vendor for mtmd"
"android-app","android-app/app/src/main/cpp/llama.cpp/ggml/src/ggml-virtgpu/virtgpu.cpp","2026-05-25T07:37:00+08:00","af05997","Gean Dhylan E. Mapesos","Update llama.cpp vendor for mtmd"
"android-app","android-app/app/src/main/cpp/llama.cpp/ggml/src/ggml-virtgpu/virtgpu.h","2026-05-25T07:37:00+08:00","af05997","Gean Dhylan E. Mapesos","Update llama.cpp vendor for mtmd"
"android-app","android-app/app/src/main/cpp/llama.cpp/ggml/src/ggml-vulkan/CMakeLists.txt","2026-05-25T07:37:00+08:00","af05997","Gean Dhylan E. Mapesos","Update llama.cpp vendor for mtmd"
"android-app","android-app/app/src/main/cpp/llama.cpp/ggml/src/ggml-vulkan/cmake/host-toolchain.cmake.in","2026-05-25T07:37:00+08:00","af05997","Gean Dhylan E. Mapesos","Update llama.cpp vendor for mtmd"
"android-app","android-app/app/src/main/cpp/llama.cpp/ggml/src/ggml-vulkan/ggml-vulkan.cpp","2026-05-25T07:37:00+08:00","af05997","Gean Dhylan E. Mapesos","Update llama.cpp vendor for mtmd"
"android-app","android-app/app/src/main/cpp/llama.cpp/ggml/src/ggml-vulkan/vulkan-shaders/CMakeLists.txt","2026-05-25T07:37:00+08:00","af05997","Gean Dhylan E. Mapesos","Update llama.cpp vendor for mtmd"
"android-app","android-app/app/src/main/cpp/llama.cpp/ggml/src/ggml-vulkan/vulkan-shaders/abs.comp","2026-05-25T07:37:00+08:00","af05997","Gean Dhylan E. Mapesos","Update llama.cpp vendor for mtmd"
"android-app","android-app/app/src/main/cpp/llama.cpp/ggml/src/ggml-vulkan/vulkan-shaders/acc.comp","2026-05-25T07:37:00+08:00","af05997","Gean Dhylan E. Mapesos","Update llama.cpp vendor for mtmd"
"android-app","android-app/app/src/main/cpp/llama.cpp/ggml/src/ggml-vulkan/vulkan-shaders/add.comp","2026-05-25T07:37:00+08:00","af05997","Gean Dhylan E. Mapesos","Update llama.cpp vendor for mtmd"
"android-app","android-app/app/src/main/cpp/llama.cpp/ggml/src/ggml-vulkan/vulkan-shaders/add1.comp","2026-05-25T07:37:00+08:00","af05997","Gean Dhylan E. Mapesos","Update llama.cpp vendor for mtmd"
"android-app","android-app/app/src/main/cpp/llama.cpp/ggml/src/ggml-vulkan/vulkan-shaders/add_id.comp","2026-05-25T07:37:00+08:00","af05997","Gean Dhylan E. Mapesos","Update llama.cpp vendor for mtmd"
"android-app","android-app/app/src/main/cpp/llama.cpp/ggml/src/ggml-vulkan/vulkan-shaders/arange.comp","2026-05-25T07:37:00+08:00","af05997","Gean Dhylan E. Mapesos","Update llama.cpp vendor for mtmd"
"android-app","android-app/app/src/main/cpp/llama.cpp/ggml/src/ggml-vulkan/vulkan-shaders/argmax.comp","2026-05-25T07:37:00+08:00","af05997","Gean Dhylan E. Mapesos","Update llama.cpp vendor for mtmd"
"android-app","android-app/app/src/main/cpp/llama.cpp/ggml/src/ggml-vulkan/vulkan-shaders/argsort.comp","2026-05-25T07:37:00+08:00","af05997","Gean Dhylan E. Mapesos","Update llama.cpp vendor for mtmd"
"android-app","android-app/app/src/main/cpp/llama.cpp/ggml/src/ggml-vulkan/vulkan-shaders/argsort_large.comp","2026-05-25T07:37:00+08:00","af05997","Gean Dhylan E. Mapesos","Update llama.cpp vendor for mtmd"
"android-app","android-app/app/src/main/cpp/llama.cpp/ggml/src/ggml-vulkan/vulkan-shaders/ceil.comp","2026-05-25T07:37:00+08:00","af05997","Gean Dhylan E. Mapesos","Update llama.cpp vendor for mtmd"
"android-app","android-app/app/src/main/cpp/llama.cpp/ggml/src/ggml-vulkan/vulkan-shaders/clamp.comp","2026-05-25T07:37:00+08:00","af05997","Gean Dhylan E. Mapesos","Update llama.cpp vendor for mtmd"
"android-app","android-app/app/src/main/cpp/llama.cpp/ggml/src/ggml-vulkan/vulkan-shaders/concat.comp","2026-05-25T07:37:00+08:00","af05997","Gean Dhylan E. Mapesos","Update llama.cpp vendor for mtmd"
"android-app","android-app/app/src/main/cpp/llama.cpp/ggml/src/ggml-vulkan/vulkan-shaders/contig_copy.comp","2026-05-25T07:37:00+08:00","af05997","Gean Dhylan E. Mapesos","Update llama.cpp vendor for mtmd"
"android-app","android-app/app/src/main/cpp/llama.cpp/ggml/src/ggml-vulkan/vulkan-shaders/conv2d_dw.comp","2026-05-25T07:38:54+08:00","d0f85c9","Gean Dhylan E. Mapesos","Clean llama.cpp vendor whitespace"
"android-app","android-app/app/src/main/cpp/llama.cpp/ggml/src/ggml-vulkan/vulkan-shaders/conv2d_mm.comp","2026-05-25T07:37:00+08:00","af05997","Gean Dhylan E. Mapesos","Update llama.cpp vendor for mtmd"
"android-app","android-app/app/src/main/cpp/llama.cpp/ggml/src/ggml-vulkan/vulkan-shaders/conv_transpose_1d.comp","2026-05-25T07:37:00+08:00","af05997","Gean Dhylan E. Mapesos","Update llama.cpp vendor for mtmd"
"android-app","android-app/app/src/main/cpp/llama.cpp/ggml/src/ggml-vulkan/vulkan-shaders/copy.comp","2026-05-25T07:37:00+08:00","af05997","Gean Dhylan E. Mapesos","Update llama.cpp vendor for mtmd"
"android-app","android-app/app/src/main/cpp/llama.cpp/ggml/src/ggml-vulkan/vulkan-shaders/copy_from_quant.comp","2026-05-25T07:37:00+08:00","af05997","Gean Dhylan E. Mapesos","Update llama.cpp vendor for mtmd"
"android-app","android-app/app/src/main/cpp/llama.cpp/ggml/src/ggml-vulkan/vulkan-shaders/copy_to_quant.comp","2026-05-25T07:37:00+08:00","af05997","Gean Dhylan E. Mapesos","Update llama.cpp vendor for mtmd"
"android-app","android-app/app/src/main/cpp/llama.cpp/ggml/src/ggml-vulkan/vulkan-shaders/copy_transpose.comp","2026-05-25T07:37:00+08:00","af05997","Gean Dhylan E. Mapesos","Update llama.cpp vendor for mtmd"
"android-app","android-app/app/src/main/cpp/llama.cpp/ggml/src/ggml-vulkan/vulkan-shaders/cos.comp","2026-05-25T07:37:00+08:00","af05997","Gean Dhylan E. Mapesos","Update llama.cpp vendor for mtmd"
"android-app","android-app/app/src/main/cpp/llama.cpp/ggml/src/ggml-vulkan/vulkan-shaders/count_equal.comp","2026-05-25T07:37:00+08:00","af05997","Gean Dhylan E. Mapesos","Update llama.cpp vendor for mtmd"
"android-app","android-app/app/src/main/cpp/llama.cpp/ggml/src/ggml-vulkan/vulkan-shaders/count_experts.comp","2026-05-25T07:37:00+08:00","af05997","Gean Dhylan E. Mapesos","Update llama.cpp vendor for mtmd"
"android-app","android-app/app/src/main/cpp/llama.cpp/ggml/src/ggml-vulkan/vulkan-shaders/cumsum.comp","2026-05-25T07:37:00+08:00","af05997","Gean Dhylan E. Mapesos","Update llama.cpp vendor for mtmd"
"android-app","android-app/app/src/main/cpp/llama.cpp/ggml/src/ggml-vulkan/vulkan-shaders/cumsum_multipass1.comp","2026-05-25T07:37:00+08:00","af05997","Gean Dhylan E. Mapesos","Update llama.cpp vendor for mtmd"
"android-app","android-app/app/src/main/cpp/llama.cpp/ggml/src/ggml-vulkan/vulkan-shaders/cumsum_multipass2.comp","2026-05-25T07:38:54+08:00","d0f85c9","Gean Dhylan E. Mapesos","Clean llama.cpp vendor whitespace"
"android-app","android-app/app/src/main/cpp/llama.cpp/ggml/src/ggml-vulkan/vulkan-shaders/dequant_f32.comp","2026-05-25T07:37:00+08:00","af05997","Gean Dhylan E. Mapesos","Update llama.cpp vendor for mtmd"
"android-app","android-app/app/src/main/cpp/llama.cpp/ggml/src/ggml-vulkan/vulkan-shaders/dequant_funcs.glsl","2026-05-25T07:37:00+08:00","af05997","Gean Dhylan E. Mapesos","Update llama.cpp vendor for mtmd"
"android-app","android-app/app/src/main/cpp/llama.cpp/ggml/src/ggml-vulkan/vulkan-shaders/dequant_funcs_cm2.glsl","2026-05-25T07:37:00+08:00","af05997","Gean Dhylan E. Mapesos","Update llama.cpp vendor for mtmd"
"android-app","android-app/app/src/main/cpp/llama.cpp/ggml/src/ggml-vulkan/vulkan-shaders/dequant_head.glsl","2026-05-25T07:37:00+08:00","af05997","Gean Dhylan E. Mapesos","Update llama.cpp vendor for mtmd"
"android-app","android-app/app/src/main/cpp/llama.cpp/ggml/src/ggml-vulkan/vulkan-shaders/dequant_iq1_m.comp","2026-05-25T07:37:00+08:00","af05997","Gean Dhylan E. Mapesos","Update llama.cpp vendor for mtmd"
"android-app","android-app/app/src/main/cpp/llama.cpp/ggml/src/ggml-vulkan/vulkan-shaders/dequant_iq1_s.comp","2026-05-25T07:37:00+08:00","af05997","Gean Dhylan E. Mapesos","Update llama.cpp vendor for mtmd"
"android-app","android-app/app/src/main/cpp/llama.cpp/ggml/src/ggml-vulkan/vulkan-shaders/dequant_iq2_s.comp","2026-05-25T07:37:00+08:00","af05997","Gean Dhylan E. Mapesos","Update llama.cpp vendor for mtmd"
"android-app","android-app/app/src/main/cpp/llama.cpp/ggml/src/ggml-vulkan/vulkan-shaders/dequant_iq2_xs.comp","2026-05-25T07:37:00+08:00","af05997","Gean Dhylan E. Mapesos","Update llama.cpp vendor for mtmd"
"android-app","android-app/app/src/main/cpp/llama.cpp/ggml/src/ggml-vulkan/vulkan-shaders/dequant_iq2_xxs.comp","2026-05-25T07:37:00+08:00","af05997","Gean Dhylan E. Mapesos","Update llama.cpp vendor for mtmd"
"android-app","android-app/app/src/main/cpp/llama.cpp/ggml/src/ggml-vulkan/vulkan-shaders/dequant_iq3_s.comp","2026-05-25T07:37:00+08:00","af05997","Gean Dhylan E. Mapesos","Update llama.cpp vendor for mtmd"
"android-app","android-app/app/src/main/cpp/llama.cpp/ggml/src/ggml-vulkan/vulkan-shaders/dequant_iq3_xxs.comp","2026-05-25T07:37:00+08:00","af05997","Gean Dhylan E. Mapesos","Update llama.cpp vendor for mtmd"
"android-app","android-app/app/src/main/cpp/llama.cpp/ggml/src/ggml-vulkan/vulkan-shaders/dequant_iq4_nl.comp","2026-05-25T07:37:00+08:00","af05997","Gean Dhylan E. Mapesos","Update llama.cpp vendor for mtmd"
"android-app","android-app/app/src/main/cpp/llama.cpp/ggml/src/ggml-vulkan/vulkan-shaders/dequant_iq4_xs.comp","2026-05-25T07:37:00+08:00","af05997","Gean Dhylan E. Mapesos","Update llama.cpp vendor for mtmd"
"android-app","android-app/app/src/main/cpp/llama.cpp/ggml/src/ggml-vulkan/vulkan-shaders/dequant_mxfp4.comp","2026-05-25T07:37:00+08:00","af05997","Gean Dhylan E. Mapesos","Update llama.cpp vendor for mtmd"
"android-app","android-app/app/src/main/cpp/llama.cpp/ggml/src/ggml-vulkan/vulkan-shaders/dequant_nvfp4.comp","2026-05-25T07:37:00+08:00","af05997","Gean Dhylan E. Mapesos","Update llama.cpp vendor for mtmd"
"android-app","android-app/app/src/main/cpp/llama.cpp/ggml/src/ggml-vulkan/vulkan-shaders/dequant_q1_0.comp","2026-05-25T07:37:00+08:00","af05997","Gean Dhylan E. Mapesos","Update llama.cpp vendor for mtmd"
"android-app","android-app/app/src/main/cpp/llama.cpp/ggml/src/ggml-vulkan/vulkan-shaders/dequant_q2_k.comp","2026-05-25T07:37:00+08:00","af05997","Gean Dhylan E. Mapesos","Update llama.cpp vendor for mtmd"
"android-app","android-app/app/src/main/cpp/llama.cpp/ggml/src/ggml-vulkan/vulkan-shaders/dequant_q3_k.comp","2026-05-25T07:37:00+08:00","af05997","Gean Dhylan E. Mapesos","Update llama.cpp vendor for mtmd"
"android-app","android-app/app/src/main/cpp/llama.cpp/ggml/src/ggml-vulkan/vulkan-shaders/dequant_q4_0.comp","2026-05-25T07:37:00+08:00","af05997","Gean Dhylan E. Mapesos","Update llama.cpp vendor for mtmd"
"android-app","android-app/app/src/main/cpp/llama.cpp/ggml/src/ggml-vulkan/vulkan-shaders/dequant_q4_1.comp","2026-05-25T07:37:00+08:00","af05997","Gean Dhylan E. Mapesos","Update llama.cpp vendor for mtmd"
"android-app","android-app/app/src/main/cpp/llama.cpp/ggml/src/ggml-vulkan/vulkan-shaders/dequant_q4_k.comp","2026-05-25T07:37:00+08:00","af05997","Gean Dhylan E. Mapesos","Update llama.cpp vendor for mtmd"
"android-app","android-app/app/src/main/cpp/llama.cpp/ggml/src/ggml-vulkan/vulkan-shaders/dequant_q5_0.comp","2026-05-25T07:37:00+08:00","af05997","Gean Dhylan E. Mapesos","Update llama.cpp vendor for mtmd"
"android-app","android-app/app/src/main/cpp/llama.cpp/ggml/src/ggml-vulkan/vulkan-shaders/dequant_q5_1.comp","2026-05-25T07:37:00+08:00","af05997","Gean Dhylan E. Mapesos","Update llama.cpp vendor for mtmd"
"android-app","android-app/app/src/main/cpp/llama.cpp/ggml/src/ggml-vulkan/vulkan-shaders/dequant_q5_k.comp","2026-05-25T07:37:00+08:00","af05997","Gean Dhylan E. Mapesos","Update llama.cpp vendor for mtmd"
"android-app","android-app/app/src/main/cpp/llama.cpp/ggml/src/ggml-vulkan/vulkan-shaders/dequant_q6_k.comp","2026-05-25T07:37:00+08:00","af05997","Gean Dhylan E. Mapesos","Update llama.cpp vendor for mtmd"
"android-app","android-app/app/src/main/cpp/llama.cpp/ggml/src/ggml-vulkan/vulkan-shaders/dequant_q8_0.comp","2026-05-25T07:37:00+08:00","af05997","Gean Dhylan E. Mapesos","Update llama.cpp vendor for mtmd"
"android-app","android-app/app/src/main/cpp/llama.cpp/ggml/src/ggml-vulkan/vulkan-shaders/diag.comp","2026-05-25T07:37:00+08:00","af05997","Gean Dhylan E. Mapesos","Update llama.cpp vendor for mtmd"
"android-app","android-app/app/src/main/cpp/llama.cpp/ggml/src/ggml-vulkan/vulkan-shaders/diag_mask_inf.comp","2026-05-25T07:37:00+08:00","af05997","Gean Dhylan E. Mapesos","Update llama.cpp vendor for mtmd"
"android-app","android-app/app/src/main/cpp/llama.cpp/ggml/src/ggml-vulkan/vulkan-shaders/div.comp","2026-05-25T07:37:00+08:00","af05997","Gean Dhylan E. Mapesos","Update llama.cpp vendor for mtmd"
"android-app","android-app/app/src/main/cpp/llama.cpp/ggml/src/ggml-vulkan/vulkan-shaders/elu.comp","2026-05-25T07:37:00+08:00","af05997","Gean Dhylan E. Mapesos","Update llama.cpp vendor for mtmd"
"android-app","android-app/app/src/main/cpp/llama.cpp/ggml/src/ggml-vulkan/vulkan-shaders/exp.comp","2026-05-25T07:37:00+08:00","af05997","Gean Dhylan E. Mapesos","Update llama.cpp vendor for mtmd"
"android-app","android-app/app/src/main/cpp/llama.cpp/ggml/src/ggml-vulkan/vulkan-shaders/feature-tests/bfloat16.comp","2026-05-25T07:37:00+08:00","af05997","Gean Dhylan E. Mapesos","Update llama.cpp vendor for mtmd"
"android-app","android-app/app/src/main/cpp/llama.cpp/ggml/src/ggml-vulkan/vulkan-shaders/feature-tests/coopmat.comp","2026-05-25T07:37:00+08:00","af05997","Gean Dhylan E. Mapesos","Update llama.cpp vendor for mtmd"
"android-app","android-app/app/src/main/cpp/llama.cpp/ggml/src/ggml-vulkan/vulkan-shaders/feature-tests/coopmat2.comp","2026-05-25T07:37:00+08:00","af05997","Gean Dhylan E. Mapesos","Update llama.cpp vendor for mtmd"
"android-app","android-app/app/src/main/cpp/llama.cpp/ggml/src/ggml-vulkan/vulkan-shaders/feature-tests/integer_dot.comp","2026-05-25T07:37:00+08:00","af05997","Gean Dhylan E. Mapesos","Update llama.cpp vendor for mtmd"
"android-app","android-app/app/src/main/cpp/llama.cpp/ggml/src/ggml-vulkan/vulkan-shaders/fill.comp","2026-05-25T07:37:00+08:00","af05997","Gean Dhylan E. Mapesos","Update llama.cpp vendor for mtmd"
"android-app","android-app/app/src/main/cpp/llama.cpp/ggml/src/ggml-vulkan/vulkan-shaders/flash_attn.comp","2026-05-25T07:37:00+08:00","af05997","Gean Dhylan E. Mapesos","Update llama.cpp vendor for mtmd"
"android-app","android-app/app/src/main/cpp/llama.cpp/ggml/src/ggml-vulkan/vulkan-shaders/flash_attn_base.glsl","2026-05-25T07:37:00+08:00","af05997","Gean Dhylan E. Mapesos","Update llama.cpp vendor for mtmd"
"android-app","android-app/app/src/main/cpp/llama.cpp/ggml/src/ggml-vulkan/vulkan-shaders/flash_attn_cm1.comp","2026-05-25T07:37:00+08:00","af05997","Gean Dhylan E. Mapesos","Update llama.cpp vendor for mtmd"
"android-app","android-app/app/src/main/cpp/llama.cpp/ggml/src/ggml-vulkan/vulkan-shaders/flash_attn_cm2.comp","2026-05-25T07:37:00+08:00","af05997","Gean Dhylan E. Mapesos","Update llama.cpp vendor for mtmd"
"android-app","android-app/app/src/main/cpp/llama.cpp/ggml/src/ggml-vulkan/vulkan-shaders/flash_attn_dequant.glsl","2026-05-25T07:37:00+08:00","af05997","Gean Dhylan E. Mapesos","Update llama.cpp vendor for mtmd"
"android-app","android-app/app/src/main/cpp/llama.cpp/ggml/src/ggml-vulkan/vulkan-shaders/flash_attn_mask_opt.comp","2026-05-25T07:37:00+08:00","af05997","Gean Dhylan E. Mapesos","Update llama.cpp vendor for mtmd"
"android-app","android-app/app/src/main/cpp/llama.cpp/ggml/src/ggml-vulkan/vulkan-shaders/flash_attn_mmq_funcs.glsl","2026-05-25T07:37:00+08:00","af05997","Gean Dhylan E. Mapesos","Update llama.cpp vendor for mtmd"
"android-app","android-app/app/src/main/cpp/llama.cpp/ggml/src/ggml-vulkan/vulkan-shaders/flash_attn_split_k_reduce.comp","2026-05-25T07:37:00+08:00","af05997","Gean Dhylan E. Mapesos","Update llama.cpp vendor for mtmd"
"android-app","android-app/app/src/main/cpp/llama.cpp/ggml/src/ggml-vulkan/vulkan-shaders/floor.comp","2026-05-25T07:37:00+08:00","af05997","Gean Dhylan E. Mapesos","Update llama.cpp vendor for mtmd"
"android-app","android-app/app/src/main/cpp/llama.cpp/ggml/src/ggml-vulkan/vulkan-shaders/gated_delta_net.comp","2026-05-25T07:37:00+08:00","af05997","Gean Dhylan E. Mapesos","Update llama.cpp vendor for mtmd"
"android-app","android-app/app/src/main/cpp/llama.cpp/ggml/src/ggml-vulkan/vulkan-shaders/geglu.comp","2026-05-25T07:37:00+08:00","af05997","Gean Dhylan E. Mapesos","Update llama.cpp vendor for mtmd"
"android-app","android-app/app/src/main/cpp/llama.cpp/ggml/src/ggml-vulkan/vulkan-shaders/geglu_erf.comp","2026-05-25T07:37:00+08:00","af05997","Gean Dhylan E. Mapesos","Update llama.cpp vendor for mtmd"
"android-app","android-app/app/src/main/cpp/llama.cpp/ggml/src/ggml-vulkan/vulkan-shaders/geglu_quick.comp","2026-05-25T07:37:00+08:00","af05997","Gean Dhylan E. Mapesos","Update llama.cpp vendor for mtmd"
"android-app","android-app/app/src/main/cpp/llama.cpp/ggml/src/ggml-vulkan/vulkan-shaders/gelu.comp","2026-05-25T07:37:00+08:00","af05997","Gean Dhylan E. Mapesos","Update llama.cpp vendor for mtmd"
"android-app","android-app/app/src/main/cpp/llama.cpp/ggml/src/ggml-vulkan/vulkan-shaders/gelu_erf.comp","2026-05-25T07:37:00+08:00","af05997","Gean Dhylan E. Mapesos","Update llama.cpp vendor for mtmd"
"android-app","android-app/app/src/main/cpp/llama.cpp/ggml/src/ggml-vulkan/vulkan-shaders/gelu_quick.comp","2026-05-25T07:37:00+08:00","af05997","Gean Dhylan E. Mapesos","Update llama.cpp vendor for mtmd"
"android-app","android-app/app/src/main/cpp/llama.cpp/ggml/src/ggml-vulkan/vulkan-shaders/generic_binary_head.glsl","2026-05-25T07:37:00+08:00","af05997","Gean Dhylan E. Mapesos","Update llama.cpp vendor for mtmd"
"android-app","android-app/app/src/main/cpp/llama.cpp/ggml/src/ggml-vulkan/vulkan-shaders/generic_head.glsl","2026-05-25T07:37:00+08:00","af05997","Gean Dhylan E. Mapesos","Update llama.cpp vendor for mtmd"
"android-app","android-app/app/src/main/cpp/llama.cpp/ggml/src/ggml-vulkan/vulkan-shaders/generic_unary_head.glsl","2026-05-25T07:37:00+08:00","af05997","Gean Dhylan E. Mapesos","Update llama.cpp vendor for mtmd"
"android-app","android-app/app/src/main/cpp/llama.cpp/ggml/src/ggml-vulkan/vulkan-shaders/get_rows.comp","2026-05-25T07:37:00+08:00","af05997","Gean Dhylan E. Mapesos","Update llama.cpp vendor for mtmd"
"android-app","android-app/app/src/main/cpp/llama.cpp/ggml/src/ggml-vulkan/vulkan-shaders/get_rows_quant.comp","2026-05-25T07:37:00+08:00","af05997","Gean Dhylan E. Mapesos","Update llama.cpp vendor for mtmd"
"android-app","android-app/app/src/main/cpp/llama.cpp/ggml/src/ggml-vulkan/vulkan-shaders/glu_head.glsl","2026-05-25T07:37:00+08:00","af05997","Gean Dhylan E. Mapesos","Update llama.cpp vendor for mtmd"
"android-app","android-app/app/src/main/cpp/llama.cpp/ggml/src/ggml-vulkan/vulkan-shaders/glu_main.glsl","2026-05-25T07:37:00+08:00","af05997","Gean Dhylan E. Mapesos","Update llama.cpp vendor for mtmd"
"android-app","android-app/app/src/main/cpp/llama.cpp/ggml/src/ggml-vulkan/vulkan-shaders/group_norm.comp","2026-05-25T07:37:00+08:00","af05997","Gean Dhylan E. Mapesos","Update llama.cpp vendor for mtmd"
"android-app","android-app/app/src/main/cpp/llama.cpp/ggml/src/ggml-vulkan/vulkan-shaders/hardsigmoid.comp","2026-05-25T07:37:00+08:00","af05997","Gean Dhylan E. Mapesos","Update llama.cpp vendor for mtmd"
"android-app","android-app/app/src/main/cpp/llama.cpp/ggml/src/ggml-vulkan/vulkan-shaders/hardswish.comp","2026-05-25T07:37:00+08:00","af05997","Gean Dhylan E. Mapesos","Update llama.cpp vendor for mtmd"
"android-app","android-app/app/src/main/cpp/llama.cpp/ggml/src/ggml-vulkan/vulkan-shaders/im2col.comp","2026-05-25T07:37:00+08:00","af05997","Gean Dhylan E. Mapesos","Update llama.cpp vendor for mtmd"
"android-app","android-app/app/src/main/cpp/llama.cpp/ggml/src/ggml-vulkan/vulkan-shaders/im2col_3d.comp","2026-05-25T07:37:00+08:00","af05997","Gean Dhylan E. Mapesos","Update llama.cpp vendor for mtmd"
"android-app","android-app/app/src/main/cpp/llama.cpp/ggml/src/ggml-vulkan/vulkan-shaders/l2_norm.comp","2026-05-25T07:37:00+08:00","af05997","Gean Dhylan E. Mapesos","Update llama.cpp vendor for mtmd"
"android-app","android-app/app/src/main/cpp/llama.cpp/ggml/src/ggml-vulkan/vulkan-shaders/leaky_relu.comp","2026-05-25T07:37:00+08:00","af05997","Gean Dhylan E. Mapesos","Update llama.cpp vendor for mtmd"
"android-app","android-app/app/src/main/cpp/llama.cpp/ggml/src/ggml-vulkan/vulkan-shaders/log.comp","2026-05-25T07:37:00+08:00","af05997","Gean Dhylan E. Mapesos","Update llama.cpp vendor for mtmd"
"android-app","android-app/app/src/main/cpp/llama.cpp/ggml/src/ggml-vulkan/vulkan-shaders/mul.comp","2026-05-25T07:37:00+08:00","af05997","Gean Dhylan E. Mapesos","Update llama.cpp vendor for mtmd"
"android-app","android-app/app/src/main/cpp/llama.cpp/ggml/src/ggml-vulkan/vulkan-shaders/mul_mat_split_k_reduce.comp","2026-05-23T17:43:15+08:00","af33d7f","Gean Dhylan E. Mapesos","Initial commit"
"android-app","android-app/app/src/main/cpp/llama.cpp/ggml/src/ggml-vulkan/vulkan-shaders/mul_mat_vec.comp","2026-05-25T07:37:00+08:00","af05997","Gean Dhylan E. Mapesos","Update llama.cpp vendor for mtmd"
"android-app","android-app/app/src/main/cpp/llama.cpp/ggml/src/ggml-vulkan/vulkan-shaders/mul_mat_vec_base.glsl","2026-05-25T07:37:00+08:00","af05997","Gean Dhylan E. Mapesos","Update llama.cpp vendor for mtmd"
"android-app","android-app/app/src/main/cpp/llama.cpp/ggml/src/ggml-vulkan/vulkan-shaders/mul_mat_vec_iface.glsl","2026-05-25T07:38:54+08:00","d0f85c9","Gean Dhylan E. Mapesos","Clean llama.cpp vendor whitespace"
"android-app","android-app/app/src/main/cpp/llama.cpp/ggml/src/ggml-vulkan/vulkan-shaders/mul_mat_vec_iq1_m.comp","2026-05-25T07:37:00+08:00","af05997","Gean Dhylan E. Mapesos","Update llama.cpp vendor for mtmd"
"android-app","android-app/app/src/main/cpp/llama.cpp/ggml/src/ggml-vulkan/vulkan-shaders/mul_mat_vec_iq1_s.comp","2026-05-25T07:37:00+08:00","af05997","Gean Dhylan E. Mapesos","Update llama.cpp vendor for mtmd"
"android-app","android-app/app/src/main/cpp/llama.cpp/ggml/src/ggml-vulkan/vulkan-shaders/mul_mat_vec_iq2_s.comp","2026-05-25T07:37:00+08:00","af05997","Gean Dhylan E. Mapesos","Update llama.cpp vendor for mtmd"
"android-app","android-app/app/src/main/cpp/llama.cpp/ggml/src/ggml-vulkan/vulkan-shaders/mul_mat_vec_iq2_xs.comp","2026-05-25T07:37:00+08:00","af05997","Gean Dhylan E. Mapesos","Update llama.cpp vendor for mtmd"
"android-app","android-app/app/src/main/cpp/llama.cpp/ggml/src/ggml-vulkan/vulkan-shaders/mul_mat_vec_iq2_xxs.comp","2026-05-25T07:37:00+08:00","af05997","Gean Dhylan E. Mapesos","Update llama.cpp vendor for mtmd"
"android-app","android-app/app/src/main/cpp/llama.cpp/ggml/src/ggml-vulkan/vulkan-shaders/mul_mat_vec_iq3_s.comp","2026-05-25T07:37:00+08:00","af05997","Gean Dhylan E. Mapesos","Update llama.cpp vendor for mtmd"
"android-app","android-app/app/src/main/cpp/llama.cpp/ggml/src/ggml-vulkan/vulkan-shaders/mul_mat_vec_iq3_xxs.comp","2026-05-25T07:37:00+08:00","af05997","Gean Dhylan E. Mapesos","Update llama.cpp vendor for mtmd"
"android-app","android-app/app/src/main/cpp/llama.cpp/ggml/src/ggml-vulkan/vulkan-shaders/mul_mat_vec_nc.comp","2026-05-25T07:37:00+08:00","af05997","Gean Dhylan E. Mapesos","Update llama.cpp vendor for mtmd"
"android-app","android-app/app/src/main/cpp/llama.cpp/ggml/src/ggml-vulkan/vulkan-shaders/mul_mat_vec_p021.comp","2026-05-25T07:37:00+08:00","af05997","Gean Dhylan E. Mapesos","Update llama.cpp vendor for mtmd"
"android-app","android-app/app/src/main/cpp/llama.cpp/ggml/src/ggml-vulkan/vulkan-shaders/mul_mat_vec_q2_k.comp","2026-05-25T07:37:00+08:00","af05997","Gean Dhylan E. Mapesos","Update llama.cpp vendor for mtmd"
"android-app","android-app/app/src/main/cpp/llama.cpp/ggml/src/ggml-vulkan/vulkan-shaders/mul_mat_vec_q3_k.comp","2026-05-25T07:37:00+08:00","af05997","Gean Dhylan E. Mapesos","Update llama.cpp vendor for mtmd"
"android-app","android-app/app/src/main/cpp/llama.cpp/ggml/src/ggml-vulkan/vulkan-shaders/mul_mat_vec_q4_k.comp","2026-05-25T07:37:00+08:00","af05997","Gean Dhylan E. Mapesos","Update llama.cpp vendor for mtmd"
"android-app","android-app/app/src/main/cpp/llama.cpp/ggml/src/ggml-vulkan/vulkan-shaders/mul_mat_vec_q5_k.comp","2026-05-25T07:37:00+08:00","af05997","Gean Dhylan E. Mapesos","Update llama.cpp vendor for mtmd"
"android-app","android-app/app/src/main/cpp/llama.cpp/ggml/src/ggml-vulkan/vulkan-shaders/mul_mat_vec_q6_k.comp","2026-05-25T07:37:00+08:00","af05997","Gean Dhylan E. Mapesos","Update llama.cpp vendor for mtmd"
"android-app","android-app/app/src/main/cpp/llama.cpp/ggml/src/ggml-vulkan/vulkan-shaders/mul_mat_vecq.comp","2026-05-25T07:37:00+08:00","af05997","Gean Dhylan E. Mapesos","Update llama.cpp vendor for mtmd"
"android-app","android-app/app/src/main/cpp/llama.cpp/ggml/src/ggml-vulkan/vulkan-shaders/mul_mat_vecq_funcs.glsl","2026-05-25T07:37:00+08:00","af05997","Gean Dhylan E. Mapesos","Update llama.cpp vendor for mtmd"
"android-app","android-app/app/src/main/cpp/llama.cpp/ggml/src/ggml-vulkan/vulkan-shaders/mul_mm.comp","2026-05-25T07:37:00+08:00","af05997","Gean Dhylan E. Mapesos","Update llama.cpp vendor for mtmd"
"android-app","android-app/app/src/main/cpp/llama.cpp/ggml/src/ggml-vulkan/vulkan-shaders/mul_mm_cm2.comp","2026-05-25T07:37:00+08:00","af05997","Gean Dhylan E. Mapesos","Update llama.cpp vendor for mtmd"
"android-app","android-app/app/src/main/cpp/llama.cpp/ggml/src/ggml-vulkan/vulkan-shaders/mul_mm_funcs.glsl","2026-05-25T07:37:00+08:00","af05997","Gean Dhylan E. Mapesos","Update llama.cpp vendor for mtmd"
"android-app","android-app/app/src/main/cpp/llama.cpp/ggml/src/ggml-vulkan/vulkan-shaders/mul_mm_id_funcs.glsl","2026-05-25T07:37:00+08:00","af05997","Gean Dhylan E. Mapesos","Update llama.cpp vendor for mtmd"
"android-app","android-app/app/src/main/cpp/llama.cpp/ggml/src/ggml-vulkan/vulkan-shaders/mul_mmq.comp","2026-05-25T07:37:00+08:00","af05997","Gean Dhylan E. Mapesos","Update llama.cpp vendor for mtmd"
"android-app","android-app/app/src/main/cpp/llama.cpp/ggml/src/ggml-vulkan/vulkan-shaders/mul_mmq_funcs.glsl","2026-05-25T07:37:00+08:00","af05997","Gean Dhylan E. Mapesos","Update llama.cpp vendor for mtmd"
"android-app","android-app/app/src/main/cpp/llama.cpp/ggml/src/ggml-vulkan/vulkan-shaders/mul_mmq_shmem_types.glsl","2026-05-25T07:37:00+08:00","af05997","Gean Dhylan E. Mapesos","Update llama.cpp vendor for mtmd"
"android-app","android-app/app/src/main/cpp/llama.cpp/ggml/src/ggml-vulkan/vulkan-shaders/multi_add.comp","2026-05-25T07:37:00+08:00","af05997","Gean Dhylan E. Mapesos","Update llama.cpp vendor for mtmd"
"android-app","android-app/app/src/main/cpp/llama.cpp/ggml/src/ggml-vulkan/vulkan-shaders/neg.comp","2026-05-25T07:37:00+08:00","af05997","Gean Dhylan E. Mapesos","Update llama.cpp vendor for mtmd"
"android-app","android-app/app/src/main/cpp/llama.cpp/ggml/src/ggml-vulkan/vulkan-shaders/norm.comp","2026-05-25T07:37:00+08:00","af05997","Gean Dhylan E. Mapesos","Update llama.cpp vendor for mtmd"
"android-app","android-app/app/src/main/cpp/llama.cpp/ggml/src/ggml-vulkan/vulkan-shaders/opt_step_adamw.comp","2026-05-25T07:37:00+08:00","af05997","Gean Dhylan E. Mapesos","Update llama.cpp vendor for mtmd"
"android-app","android-app/app/src/main/cpp/llama.cpp/ggml/src/ggml-vulkan/vulkan-shaders/opt_step_sgd.comp","2026-05-25T07:37:00+08:00","af05997","Gean Dhylan E. Mapesos","Update llama.cpp vendor for mtmd"
"android-app","android-app/app/src/main/cpp/llama.cpp/ggml/src/ggml-vulkan/vulkan-shaders/pad.comp","2026-05-25T07:37:00+08:00","af05997","Gean Dhylan E. Mapesos","Update llama.cpp vendor for mtmd"
"android-app","android-app/app/src/main/cpp/llama.cpp/ggml/src/ggml-vulkan/vulkan-shaders/pool2d.comp","2026-05-25T07:37:00+08:00","af05997","Gean Dhylan E. Mapesos","Update llama.cpp vendor for mtmd"
"android-app","android-app/app/src/main/cpp/llama.cpp/ggml/src/ggml-vulkan/vulkan-shaders/quantize_q8_1.comp","2026-05-25T07:37:00+08:00","af05997","Gean Dhylan E. Mapesos","Update llama.cpp vendor for mtmd"
"android-app","android-app/app/src/main/cpp/llama.cpp/ggml/src/ggml-vulkan/vulkan-shaders/reglu.comp","2026-05-25T07:37:00+08:00","af05997","Gean Dhylan E. Mapesos","Update llama.cpp vendor for mtmd"
"android-app","android-app/app/src/main/cpp/llama.cpp/ggml/src/ggml-vulkan/vulkan-shaders/relu.comp","2026-05-25T07:37:00+08:00","af05997","Gean Dhylan E. Mapesos","Update llama.cpp vendor for mtmd"
"android-app","android-app/app/src/main/cpp/llama.cpp/ggml/src/ggml-vulkan/vulkan-shaders/repeat.comp","2026-05-25T07:37:00+08:00","af05997","Gean Dhylan E. Mapesos","Update llama.cpp vendor for mtmd"
"android-app","android-app/app/src/main/cpp/llama.cpp/ggml/src/ggml-vulkan/vulkan-shaders/repeat_back.comp","2026-05-25T07:37:00+08:00","af05997","Gean Dhylan E. Mapesos","Update llama.cpp vendor for mtmd"
"android-app","android-app/app/src/main/cpp/llama.cpp/ggml/src/ggml-vulkan/vulkan-shaders/rms_norm.comp","2026-05-25T07:37:00+08:00","af05997","Gean Dhylan E. Mapesos","Update llama.cpp vendor for mtmd"
"android-app","android-app/app/src/main/cpp/llama.cpp/ggml/src/ggml-vulkan/vulkan-shaders/rms_norm_back.comp","2026-05-25T07:37:00+08:00","af05997","Gean Dhylan E. Mapesos","Update llama.cpp vendor for mtmd"
"android-app","android-app/app/src/main/cpp/llama.cpp/ggml/src/ggml-vulkan/vulkan-shaders/rms_norm_partials.comp","2026-05-25T07:37:00+08:00","af05997","Gean Dhylan E. Mapesos","Update llama.cpp vendor for mtmd"
"android-app","android-app/app/src/main/cpp/llama.cpp/ggml/src/ggml-vulkan/vulkan-shaders/roll.comp","2026-05-25T07:37:00+08:00","af05997","Gean Dhylan E. Mapesos","Update llama.cpp vendor for mtmd"
"android-app","android-app/app/src/main/cpp/llama.cpp/ggml/src/ggml-vulkan/vulkan-shaders/rope_funcs.glsl","2026-05-25T07:38:54+08:00","d0f85c9","Gean Dhylan E. Mapesos","Clean llama.cpp vendor whitespace"
"android-app","android-app/app/src/main/cpp/llama.cpp/ggml/src/ggml-vulkan/vulkan-shaders/rope_head.glsl","2026-05-25T07:38:54+08:00","d0f85c9","Gean Dhylan E. Mapesos","Clean llama.cpp vendor whitespace"
"android-app","android-app/app/src/main/cpp/llama.cpp/ggml/src/ggml-vulkan/vulkan-shaders/rope_multi.comp","2026-05-25T07:37:00+08:00","af05997","Gean Dhylan E. Mapesos","Update llama.cpp vendor for mtmd"
"android-app","android-app/app/src/main/cpp/llama.cpp/ggml/src/ggml-vulkan/vulkan-shaders/rope_neox.comp","2026-05-25T07:37:00+08:00","af05997","Gean Dhylan E. Mapesos","Update llama.cpp vendor for mtmd"
"android-app","android-app/app/src/main/cpp/llama.cpp/ggml/src/ggml-vulkan/vulkan-shaders/rope_norm.comp","2026-05-25T07:37:00+08:00","af05997","Gean Dhylan E. Mapesos","Update llama.cpp vendor for mtmd"
"android-app","android-app/app/src/main/cpp/llama.cpp/ggml/src/ggml-vulkan/vulkan-shaders/rope_params.glsl","2026-05-25T07:37:00+08:00","af05997","Gean Dhylan E. Mapesos","Update llama.cpp vendor for mtmd"
"android-app","android-app/app/src/main/cpp/llama.cpp/ggml/src/ggml-vulkan/vulkan-shaders/rope_vision.comp","2026-05-25T07:37:00+08:00","af05997","Gean Dhylan E. Mapesos","Update llama.cpp vendor for mtmd"
"android-app","android-app/app/src/main/cpp/llama.cpp/ggml/src/ggml-vulkan/vulkan-shaders/round.comp","2026-05-25T07:37:00+08:00","af05997","Gean Dhylan E. Mapesos","Update llama.cpp vendor for mtmd"
"android-app","android-app/app/src/main/cpp/llama.cpp/ggml/src/ggml-vulkan/vulkan-shaders/scale.comp","2026-05-25T07:37:00+08:00","af05997","Gean Dhylan E. Mapesos","Update llama.cpp vendor for mtmd"
"android-app","android-app/app/src/main/cpp/llama.cpp/ggml/src/ggml-vulkan/vulkan-shaders/sgn.comp","2026-05-25T07:37:00+08:00","af05997","Gean Dhylan E. Mapesos","Update llama.cpp vendor for mtmd"
"android-app","android-app/app/src/main/cpp/llama.cpp/ggml/src/ggml-vulkan/vulkan-shaders/sigmoid.comp","2026-05-25T07:37:00+08:00","af05997","Gean Dhylan E. Mapesos","Update llama.cpp vendor for mtmd"
"android-app","android-app/app/src/main/cpp/llama.cpp/ggml/src/ggml-vulkan/vulkan-shaders/silu.comp","2026-05-25T07:37:00+08:00","af05997","Gean Dhylan E. Mapesos","Update llama.cpp vendor for mtmd"
"android-app","android-app/app/src/main/cpp/llama.cpp/ggml/src/ggml-vulkan/vulkan-shaders/silu_back.comp","2026-05-25T07:37:00+08:00","af05997","Gean Dhylan E. Mapesos","Update llama.cpp vendor for mtmd"
"android-app","android-app/app/src/main/cpp/llama.cpp/ggml/src/ggml-vulkan/vulkan-shaders/sin.comp","2026-05-25T07:37:00+08:00","af05997","Gean Dhylan E. Mapesos","Update llama.cpp vendor for mtmd"
"android-app","android-app/app/src/main/cpp/llama.cpp/ggml/src/ggml-vulkan/vulkan-shaders/snake.comp","2026-05-25T07:37:00+08:00","af05997","Gean Dhylan E. Mapesos","Update llama.cpp vendor for mtmd"
"android-app","android-app/app/src/main/cpp/llama.cpp/ggml/src/ggml-vulkan/vulkan-shaders/soft_max.comp","2026-05-25T07:37:00+08:00","af05997","Gean Dhylan E. Mapesos","Update llama.cpp vendor for mtmd"
"android-app","android-app/app/src/main/cpp/llama.cpp/ggml/src/ggml-vulkan/vulkan-shaders/soft_max_back.comp","2026-05-25T07:37:00+08:00","af05997","Gean Dhylan E. Mapesos","Update llama.cpp vendor for mtmd"
"android-app","android-app/app/src/main/cpp/llama.cpp/ggml/src/ggml-vulkan/vulkan-shaders/soft_max_large1.comp","2026-05-25T07:37:00+08:00","af05997","Gean Dhylan E. Mapesos","Update llama.cpp vendor for mtmd"
"android-app","android-app/app/src/main/cpp/llama.cpp/ggml/src/ggml-vulkan/vulkan-shaders/soft_max_large2.comp","2026-05-25T07:37:00+08:00","af05997","Gean Dhylan E. Mapesos","Update llama.cpp vendor for mtmd"
"android-app","android-app/app/src/main/cpp/llama.cpp/ggml/src/ggml-vulkan/vulkan-shaders/soft_max_large3.comp","2026-05-25T07:37:00+08:00","af05997","Gean Dhylan E. Mapesos","Update llama.cpp vendor for mtmd"
"android-app","android-app/app/src/main/cpp/llama.cpp/ggml/src/ggml-vulkan/vulkan-shaders/soft_max_large_common.glsl","2026-05-25T07:37:00+08:00","af05997","Gean Dhylan E. Mapesos","Update llama.cpp vendor for mtmd"
"android-app","android-app/app/src/main/cpp/llama.cpp/ggml/src/ggml-vulkan/vulkan-shaders/softplus.comp","2026-05-25T07:37:00+08:00","af05997","Gean Dhylan E. Mapesos","Update llama.cpp vendor for mtmd"
"android-app","android-app/app/src/main/cpp/llama.cpp/ggml/src/ggml-vulkan/vulkan-shaders/solve_tri.comp","2026-05-25T07:37:00+08:00","af05997","Gean Dhylan E. Mapesos","Update llama.cpp vendor for mtmd"
"android-app","android-app/app/src/main/cpp/llama.cpp/ggml/src/ggml-vulkan/vulkan-shaders/sqrt.comp","2026-05-25T07:37:00+08:00","af05997","Gean Dhylan E. Mapesos","Update llama.cpp vendor for mtmd"
"android-app","android-app/app/src/main/cpp/llama.cpp/ggml/src/ggml-vulkan/vulkan-shaders/square.comp","2026-05-25T07:37:00+08:00","af05997","Gean Dhylan E. Mapesos","Update llama.cpp vendor for mtmd"
"android-app","android-app/app/src/main/cpp/llama.cpp/ggml/src/ggml-vulkan/vulkan-shaders/ssm_conv.comp","2026-05-25T07:37:00+08:00","af05997","Gean Dhylan E. Mapesos","Update llama.cpp vendor for mtmd"
"android-app","android-app/app/src/main/cpp/llama.cpp/ggml/src/ggml-vulkan/vulkan-shaders/ssm_scan.comp","2026-05-25T07:37:00+08:00","af05997","Gean Dhylan E. Mapesos","Update llama.cpp vendor for mtmd"
"android-app","android-app/app/src/main/cpp/llama.cpp/ggml/src/ggml-vulkan/vulkan-shaders/step.comp","2026-05-25T07:37:00+08:00","af05997","Gean Dhylan E. Mapesos","Update llama.cpp vendor for mtmd"
"android-app","android-app/app/src/main/cpp/llama.cpp/ggml/src/ggml-vulkan/vulkan-shaders/sub.comp","2026-05-25T07:37:00+08:00","af05997","Gean Dhylan E. Mapesos","Update llama.cpp vendor for mtmd"
"android-app","android-app/app/src/main/cpp/llama.cpp/ggml/src/ggml-vulkan/vulkan-shaders/sum_rows.comp","2026-05-25T07:37:00+08:00","af05997","Gean Dhylan E. Mapesos","Update llama.cpp vendor for mtmd"
"android-app","android-app/app/src/main/cpp/llama.cpp/ggml/src/ggml-vulkan/vulkan-shaders/sum_rows.glsl","2026-05-25T07:38:54+08:00","d0f85c9","Gean Dhylan E. Mapesos","Clean llama.cpp vendor whitespace"
"android-app","android-app/app/src/main/cpp/llama.cpp/ggml/src/ggml-vulkan/vulkan-shaders/swiglu.comp","2026-05-25T07:37:00+08:00","af05997","Gean Dhylan E. Mapesos","Update llama.cpp vendor for mtmd"
"android-app","android-app/app/src/main/cpp/llama.cpp/ggml/src/ggml-vulkan/vulkan-shaders/swiglu_oai.comp","2026-05-25T07:37:00+08:00","af05997","Gean Dhylan E. Mapesos","Update llama.cpp vendor for mtmd"
"android-app","android-app/app/src/main/cpp/llama.cpp/ggml/src/ggml-vulkan/vulkan-shaders/tanh.comp","2026-05-25T07:37:00+08:00","af05997","Gean Dhylan E. Mapesos","Update llama.cpp vendor for mtmd"
"android-app","android-app/app/src/main/cpp/llama.cpp/ggml/src/ggml-vulkan/vulkan-shaders/timestep_embedding.comp","2026-05-25T07:37:00+08:00","af05997","Gean Dhylan E. Mapesos","Update llama.cpp vendor for mtmd"
"android-app","android-app/app/src/main/cpp/llama.cpp/ggml/src/ggml-vulkan/vulkan-shaders/topk_argsort.comp","2026-05-25T07:37:00+08:00","af05997","Gean Dhylan E. Mapesos","Update llama.cpp vendor for mtmd"
"android-app","android-app/app/src/main/cpp/llama.cpp/ggml/src/ggml-vulkan/vulkan-shaders/topk_moe.comp","2026-05-25T07:37:00+08:00","af05997","Gean Dhylan E. Mapesos","Update llama.cpp vendor for mtmd"
"android-app","android-app/app/src/main/cpp/llama.cpp/ggml/src/ggml-vulkan/vulkan-shaders/topk_nary_search.comp","2026-05-25T07:37:00+08:00","af05997","Gean Dhylan E. Mapesos","Update llama.cpp vendor for mtmd"
"android-app","android-app/app/src/main/cpp/llama.cpp/ggml/src/ggml-vulkan/vulkan-shaders/tri.comp","2026-05-25T07:37:00+08:00","af05997","Gean Dhylan E. Mapesos","Update llama.cpp vendor for mtmd"
"android-app","android-app/app/src/main/cpp/llama.cpp/ggml/src/ggml-vulkan/vulkan-shaders/trunc.comp","2026-05-25T07:37:00+08:00","af05997","Gean Dhylan E. Mapesos","Update llama.cpp vendor for mtmd"
"android-app","android-app/app/src/main/cpp/llama.cpp/ggml/src/ggml-vulkan/vulkan-shaders/types.glsl","2026-05-25T07:37:00+08:00","af05997","Gean Dhylan E. Mapesos","Update llama.cpp vendor for mtmd"
"android-app","android-app/app/src/main/cpp/llama.cpp/ggml/src/ggml-vulkan/vulkan-shaders/upscale.comp","2026-05-25T07:37:00+08:00","af05997","Gean Dhylan E. Mapesos","Update llama.cpp vendor for mtmd"
"android-app","android-app/app/src/main/cpp/llama.cpp/ggml/src/ggml-vulkan/vulkan-shaders/utils.glsl","2026-05-25T07:37:00+08:00","af05997","Gean Dhylan E. Mapesos","Update llama.cpp vendor for mtmd"
"android-app","android-app/app/src/main/cpp/llama.cpp/ggml/src/ggml-vulkan/vulkan-shaders/vulkan-shaders-gen.cpp","2026-05-25T07:37:00+08:00","af05997","Gean Dhylan E. Mapesos","Update llama.cpp vendor for mtmd"
"android-app","android-app/app/src/main/cpp/llama.cpp/ggml/src/ggml-vulkan/vulkan-shaders/wkv6.comp","2026-05-25T07:37:00+08:00","af05997","Gean Dhylan E. Mapesos","Update llama.cpp vendor for mtmd"
"android-app","android-app/app/src/main/cpp/llama.cpp/ggml/src/ggml-vulkan/vulkan-shaders/wkv7.comp","2026-05-25T07:37:00+08:00","af05997","Gean Dhylan E. Mapesos","Update llama.cpp vendor for mtmd"
"android-app","android-app/app/src/main/cpp/llama.cpp/ggml/src/ggml-vulkan/vulkan-shaders/xielu.comp","2026-05-25T07:37:00+08:00","af05997","Gean Dhylan E. Mapesos","Update llama.cpp vendor for mtmd"
"android-app","android-app/app/src/main/cpp/llama.cpp/ggml/src/ggml-webgpu/CMakeLists.txt","2026-05-25T07:37:00+08:00","af05997","Gean Dhylan E. Mapesos","Update llama.cpp vendor for mtmd"
"android-app","android-app/app/src/main/cpp/llama.cpp/ggml/src/ggml-webgpu/ggml-webgpu-shader-lib.hpp","2026-05-25T07:37:00+08:00","af05997","Gean Dhylan E. Mapesos","Update llama.cpp vendor for mtmd"
"android-app","android-app/app/src/main/cpp/llama.cpp/ggml/src/ggml-webgpu/ggml-webgpu.cpp","2026-05-25T07:37:00+08:00","af05997","Gean Dhylan E. Mapesos","Update llama.cpp vendor for mtmd"
"android-app","android-app/app/src/main/cpp/llama.cpp/ggml/src/ggml-webgpu/pre_wgsl.hpp","2026-05-25T07:37:00+08:00","af05997","Gean Dhylan E. Mapesos","Update llama.cpp vendor for mtmd"
"android-app","android-app/app/src/main/cpp/llama.cpp/ggml/src/ggml-webgpu/wgsl-shaders/add_id.wgsl","2026-05-25T07:37:00+08:00","af05997","Gean Dhylan E. Mapesos","Update llama.cpp vendor for mtmd"
"android-app","android-app/app/src/main/cpp/llama.cpp/ggml/src/ggml-webgpu/wgsl-shaders/argmax.wgsl","2026-05-25T07:37:00+08:00","af05997","Gean Dhylan E. Mapesos","Update llama.cpp vendor for mtmd"
"android-app","android-app/app/src/main/cpp/llama.cpp/ggml/src/ggml-webgpu/wgsl-shaders/argsort.wgsl","2026-05-25T07:37:00+08:00","af05997","Gean Dhylan E. Mapesos","Update llama.cpp vendor for mtmd"
"android-app","android-app/app/src/main/cpp/llama.cpp/ggml/src/ggml-webgpu/wgsl-shaders/argsort_merge.wgsl","2026-05-25T07:37:00+08:00","af05997","Gean Dhylan E. Mapesos","Update llama.cpp vendor for mtmd"
"android-app","android-app/app/src/main/cpp/llama.cpp/ggml/src/ggml-webgpu/wgsl-shaders/binary.wgsl","2026-05-25T07:37:00+08:00","af05997","Gean Dhylan E. Mapesos","Update llama.cpp vendor for mtmd"
"android-app","android-app/app/src/main/cpp/llama.cpp/ggml/src/ggml-webgpu/wgsl-shaders/common_decls.tmpl","2026-05-25T07:38:54+08:00","d0f85c9","Gean Dhylan E. Mapesos","Clean llama.cpp vendor whitespace"
"android-app","android-app/app/src/main/cpp/llama.cpp/ggml/src/ggml-webgpu/wgsl-shaders/concat.wgsl","2026-05-25T07:37:00+08:00","af05997","Gean Dhylan E. Mapesos","Update llama.cpp vendor for mtmd"
"android-app","android-app/app/src/main/cpp/llama.cpp/ggml/src/ggml-webgpu/wgsl-shaders/conv2d.wgsl","2026-05-25T07:37:00+08:00","af05997","Gean Dhylan E. Mapesos","Update llama.cpp vendor for mtmd"
"android-app","android-app/app/src/main/cpp/llama.cpp/ggml/src/ggml-webgpu/wgsl-shaders/cpy.wgsl","2026-05-25T07:38:54+08:00","d0f85c9","Gean Dhylan E. Mapesos","Clean llama.cpp vendor whitespace"
"android-app","android-app/app/src/main/cpp/llama.cpp/ggml/src/ggml-webgpu/wgsl-shaders/cumsum.wgsl","2026-05-25T07:37:00+08:00","af05997","Gean Dhylan E. Mapesos","Update llama.cpp vendor for mtmd"
"android-app","android-app/app/src/main/cpp/llama.cpp/ggml/src/ggml-webgpu/wgsl-shaders/embed_wgsl.py","2026-05-25T07:37:00+08:00","af05997","Gean Dhylan E. Mapesos","Update llama.cpp vendor for mtmd"
"android-app","android-app/app/src/main/cpp/llama.cpp/ggml/src/ggml-webgpu/wgsl-shaders/flash_attn.wgsl","2026-05-25T07:37:00+08:00","af05997","Gean Dhylan E. Mapesos","Update llama.cpp vendor for mtmd"
"android-app","android-app/app/src/main/cpp/llama.cpp/ggml/src/ggml-webgpu/wgsl-shaders/flash_attn_tile.wgsl","2026-05-25T07:37:00+08:00","af05997","Gean Dhylan E. Mapesos","Update llama.cpp vendor for mtmd"
"android-app","android-app/app/src/main/cpp/llama.cpp/ggml/src/ggml-webgpu/wgsl-shaders/flash_attn_vec_blk.wgsl","2026-05-25T07:37:00+08:00","af05997","Gean Dhylan E. Mapesos","Update llama.cpp vendor for mtmd"
"android-app","android-app/app/src/main/cpp/llama.cpp/ggml/src/ggml-webgpu/wgsl-shaders/flash_attn_vec_reduce.wgsl","2026-05-25T07:37:00+08:00","af05997","Gean Dhylan E. Mapesos","Update llama.cpp vendor for mtmd"
"android-app","android-app/app/src/main/cpp/llama.cpp/ggml/src/ggml-webgpu/wgsl-shaders/flash_attn_vec_split.wgsl","2026-05-25T07:37:00+08:00","af05997","Gean Dhylan E. Mapesos","Update llama.cpp vendor for mtmd"
"android-app","android-app/app/src/main/cpp/llama.cpp/ggml/src/ggml-webgpu/wgsl-shaders/gated_delta_net.wgsl","2026-05-25T07:37:00+08:00","af05997","Gean Dhylan E. Mapesos","Update llama.cpp vendor for mtmd"
"android-app","android-app/app/src/main/cpp/llama.cpp/ggml/src/ggml-webgpu/wgsl-shaders/get_rows.wgsl","2026-05-25T07:37:00+08:00","af05997","Gean Dhylan E. Mapesos","Update llama.cpp vendor for mtmd"
"android-app","android-app/app/src/main/cpp/llama.cpp/ggml/src/ggml-webgpu/wgsl-shaders/glu.wgsl","2026-05-25T07:37:00+08:00","af05997","Gean Dhylan E. Mapesos","Update llama.cpp vendor for mtmd"
"android-app","android-app/app/src/main/cpp/llama.cpp/ggml/src/ggml-webgpu/wgsl-shaders/im2col.wgsl","2026-05-25T07:37:00+08:00","af05997","Gean Dhylan E. Mapesos","Update llama.cpp vendor for mtmd"
"android-app","android-app/app/src/main/cpp/llama.cpp/ggml/src/ggml-webgpu/wgsl-shaders/memset.wgsl","2026-05-25T07:37:00+08:00","af05997","Gean Dhylan E. Mapesos","Update llama.cpp vendor for mtmd"
"android-app","android-app/app/src/main/cpp/llama.cpp/ggml/src/ggml-webgpu/wgsl-shaders/mul_mat.wgsl","2026-05-25T07:37:00+08:00","af05997","Gean Dhylan E. Mapesos","Update llama.cpp vendor for mtmd"
"android-app","android-app/app/src/main/cpp/llama.cpp/ggml/src/ggml-webgpu/wgsl-shaders/mul_mat_decls.tmpl","2026-05-25T07:37:00+08:00","af05997","Gean Dhylan E. Mapesos","Update llama.cpp vendor for mtmd"
"android-app","android-app/app/src/main/cpp/llama.cpp/ggml/src/ggml-webgpu/wgsl-shaders/mul_mat_id.wgsl","2026-05-25T07:37:00+08:00","af05997","Gean Dhylan E. Mapesos","Update llama.cpp vendor for mtmd"
"android-app","android-app/app/src/main/cpp/llama.cpp/ggml/src/ggml-webgpu/wgsl-shaders/mul_mat_id_gather.wgsl","2026-05-25T07:37:00+08:00","af05997","Gean Dhylan E. Mapesos","Update llama.cpp vendor for mtmd"
"android-app","android-app/app/src/main/cpp/llama.cpp/ggml/src/ggml-webgpu/wgsl-shaders/mul_mat_id_vec.wgsl","2026-05-25T07:37:00+08:00","af05997","Gean Dhylan E. Mapesos","Update llama.cpp vendor for mtmd"
"android-app","android-app/app/src/main/cpp/llama.cpp/ggml/src/ggml-webgpu/wgsl-shaders/mul_mat_reg_tile.wgsl","2026-05-25T07:37:00+08:00","af05997","Gean Dhylan E. Mapesos","Update llama.cpp vendor for mtmd"
"android-app","android-app/app/src/main/cpp/llama.cpp/ggml/src/ggml-webgpu/wgsl-shaders/mul_mat_subgroup_matrix.wgsl","2026-05-25T07:37:00+08:00","af05997","Gean Dhylan E. Mapesos","Update llama.cpp vendor for mtmd"
"android-app","android-app/app/src/main/cpp/llama.cpp/ggml/src/ggml-webgpu/wgsl-shaders/mul_mat_vec.wgsl","2026-05-25T07:37:00+08:00","af05997","Gean Dhylan E. Mapesos","Update llama.cpp vendor for mtmd"
"android-app","android-app/app/src/main/cpp/llama.cpp/ggml/src/ggml-webgpu/wgsl-shaders/mul_mat_vec_acc.tmpl","2026-05-25T07:37:00+08:00","af05997","Gean Dhylan E. Mapesos","Update llama.cpp vendor for mtmd"
"android-app","android-app/app/src/main/cpp/llama.cpp/ggml/src/ggml-webgpu/wgsl-shaders/pad.wgsl","2026-05-25T07:37:00+08:00","af05997","Gean Dhylan E. Mapesos","Update llama.cpp vendor for mtmd"
"android-app","android-app/app/src/main/cpp/llama.cpp/ggml/src/ggml-webgpu/wgsl-shaders/repeat.wgsl","2026-05-25T07:37:00+08:00","af05997","Gean Dhylan E. Mapesos","Update llama.cpp vendor for mtmd"
"android-app","android-app/app/src/main/cpp/llama.cpp/ggml/src/ggml-webgpu/wgsl-shaders/rms_norm_mul.wgsl","2026-05-25T07:37:00+08:00","af05997","Gean Dhylan E. Mapesos","Update llama.cpp vendor for mtmd"
"android-app","android-app/app/src/main/cpp/llama.cpp/ggml/src/ggml-webgpu/wgsl-shaders/rope.wgsl","2026-05-25T07:37:00+08:00","af05997","Gean Dhylan E. Mapesos","Update llama.cpp vendor for mtmd"
"android-app","android-app/app/src/main/cpp/llama.cpp/ggml/src/ggml-webgpu/wgsl-shaders/row_norm.wgsl","2026-05-25T07:37:00+08:00","af05997","Gean Dhylan E. Mapesos","Update llama.cpp vendor for mtmd"
"android-app","android-app/app/src/main/cpp/llama.cpp/ggml/src/ggml-webgpu/wgsl-shaders/scale.wgsl","2026-05-25T07:37:00+08:00","af05997","Gean Dhylan E. Mapesos","Update llama.cpp vendor for mtmd"
"android-app","android-app/app/src/main/cpp/llama.cpp/ggml/src/ggml-webgpu/wgsl-shaders/set.wgsl","2026-05-25T07:37:00+08:00","af05997","Gean Dhylan E. Mapesos","Update llama.cpp vendor for mtmd"
"android-app","android-app/app/src/main/cpp/llama.cpp/ggml/src/ggml-webgpu/wgsl-shaders/set_rows.wgsl","2026-05-25T07:37:00+08:00","af05997","Gean Dhylan E. Mapesos","Update llama.cpp vendor for mtmd"
"android-app","android-app/app/src/main/cpp/llama.cpp/ggml/src/ggml-webgpu/wgsl-shaders/soft_max.wgsl","2026-05-25T07:38:54+08:00","d0f85c9","Gean Dhylan E. Mapesos","Clean llama.cpp vendor whitespace"
"android-app","android-app/app/src/main/cpp/llama.cpp/ggml/src/ggml-webgpu/wgsl-shaders/solve_tri.wgsl","2026-05-25T07:37:00+08:00","af05997","Gean Dhylan E. Mapesos","Update llama.cpp vendor for mtmd"
"android-app","android-app/app/src/main/cpp/llama.cpp/ggml/src/ggml-webgpu/wgsl-shaders/ssm_conv.wgsl","2026-05-25T07:37:00+08:00","af05997","Gean Dhylan E. Mapesos","Update llama.cpp vendor for mtmd"
"android-app","android-app/app/src/main/cpp/llama.cpp/ggml/src/ggml-webgpu/wgsl-shaders/ssm_scan.wgsl","2026-05-25T07:37:00+08:00","af05997","Gean Dhylan E. Mapesos","Update llama.cpp vendor for mtmd"
"android-app","android-app/app/src/main/cpp/llama.cpp/ggml/src/ggml-webgpu/wgsl-shaders/sum_rows.wgsl","2026-05-25T07:37:00+08:00","af05997","Gean Dhylan E. Mapesos","Update llama.cpp vendor for mtmd"
"android-app","android-app/app/src/main/cpp/llama.cpp/ggml/src/ggml-webgpu/wgsl-shaders/unary.wgsl","2026-05-25T07:37:00+08:00","af05997","Gean Dhylan E. Mapesos","Update llama.cpp vendor for mtmd"
"android-app","android-app/app/src/main/cpp/llama.cpp/ggml/src/ggml-webgpu/wgsl-shaders/upscale.wgsl","2026-05-25T07:37:00+08:00","af05997","Gean Dhylan E. Mapesos","Update llama.cpp vendor for mtmd"
"android-app","android-app/app/src/main/cpp/llama.cpp/ggml/src/ggml-zdnn/.gitignore","2026-05-25T07:37:00+08:00","af05997","Gean Dhylan E. Mapesos","Update llama.cpp vendor for mtmd"
"android-app","android-app/app/src/main/cpp/llama.cpp/ggml/src/ggml-zdnn/CMakeLists.txt","2026-05-25T07:37:00+08:00","af05997","Gean Dhylan E. Mapesos","Update llama.cpp vendor for mtmd"
"android-app","android-app/app/src/main/cpp/llama.cpp/ggml/src/ggml-zdnn/common.hpp","2026-05-25T07:37:00+08:00","af05997","Gean Dhylan E. Mapesos","Update llama.cpp vendor for mtmd"
"android-app","android-app/app/src/main/cpp/llama.cpp/ggml/src/ggml-zdnn/ggml-zdnn.cpp","2026-05-25T07:37:00+08:00","af05997","Gean Dhylan E. Mapesos","Update llama.cpp vendor for mtmd"
"android-app","android-app/app/src/main/cpp/llama.cpp/ggml/src/ggml-zdnn/mmf.cpp","2026-05-25T07:37:00+08:00","af05997","Gean Dhylan E. Mapesos","Update llama.cpp vendor for mtmd"
"android-app","android-app/app/src/main/cpp/llama.cpp/ggml/src/ggml-zdnn/mmf.hpp","2026-05-25T07:37:00+08:00","af05997","Gean Dhylan E. Mapesos","Update llama.cpp vendor for mtmd"
"android-app","android-app/app/src/main/cpp/llama.cpp/ggml/src/ggml-zdnn/utils.cpp","2026-05-25T07:37:00+08:00","af05997","Gean Dhylan E. Mapesos","Update llama.cpp vendor for mtmd"
"android-app","android-app/app/src/main/cpp/llama.cpp/ggml/src/ggml-zdnn/utils.hpp","2026-05-25T07:37:00+08:00","af05997","Gean Dhylan E. Mapesos","Update llama.cpp vendor for mtmd"
"android-app","android-app/app/src/main/cpp/llama.cpp/ggml/src/ggml-zendnn/CMakeLists.txt","2026-05-25T07:37:00+08:00","af05997","Gean Dhylan E. Mapesos","Update llama.cpp vendor for mtmd"
"android-app","android-app/app/src/main/cpp/llama.cpp/ggml/src/ggml-zendnn/ggml-zendnn.cpp","2026-05-25T07:37:00+08:00","af05997","Gean Dhylan E. Mapesos","Update llama.cpp vendor for mtmd"
"android-app","android-app/app/src/main/cpp/llama.cpp/ggml/src/ggml.c","2026-05-25T07:37:00+08:00","af05997","Gean Dhylan E. Mapesos","Update llama.cpp vendor for mtmd"
"android-app","android-app/app/src/main/cpp/llama.cpp/ggml/src/ggml.cpp","2026-05-25T07:37:00+08:00","af05997","Gean Dhylan E. Mapesos","Update llama.cpp vendor for mtmd"
"android-app","android-app/app/src/main/cpp/llama.cpp/ggml/src/gguf.cpp","2026-05-25T07:37:00+08:00","af05997","Gean Dhylan E. Mapesos","Update llama.cpp vendor for mtmd"
"android-app","android-app/app/src/main/cpp/llama.cpp/gguf-py/LICENSE","2026-05-23T17:43:15+08:00","af33d7f","Gean Dhylan E. Mapesos","Initial commit"
"android-app","android-app/app/src/main/cpp/llama.cpp/gguf-py/README.md","2026-05-23T17:43:15+08:00","af33d7f","Gean Dhylan E. Mapesos","Initial commit"
"android-app","android-app/app/src/main/cpp/llama.cpp/gguf-py/examples/reader.py","2026-05-23T17:43:15+08:00","af33d7f","Gean Dhylan E. Mapesos","Initial commit"
"android-app","android-app/app/src/main/cpp/llama.cpp/gguf-py/examples/writer.py","2026-05-23T17:43:15+08:00","af33d7f","Gean Dhylan E. Mapesos","Initial commit"
"android-app","android-app/app/src/main/cpp/llama.cpp/gguf-py/gguf/__init__.py","2026-05-23T17:43:15+08:00","af33d7f","Gean Dhylan E. Mapesos","Initial commit"
"android-app","android-app/app/src/main/cpp/llama.cpp/gguf-py/gguf/constants.py","2026-05-23T17:43:15+08:00","af33d7f","Gean Dhylan E. Mapesos","Initial commit"
"android-app","android-app/app/src/main/cpp/llama.cpp/gguf-py/gguf/gguf.py","2026-05-23T17:43:15+08:00","af33d7f","Gean Dhylan E. Mapesos","Initial commit"
"android-app","android-app/app/src/main/cpp/llama.cpp/gguf-py/gguf/gguf_reader.py","2026-05-23T17:43:15+08:00","af33d7f","Gean Dhylan E. Mapesos","Initial commit"
"android-app","android-app/app/src/main/cpp/llama.cpp/gguf-py/gguf/gguf_writer.py","2026-05-23T17:43:15+08:00","af33d7f","Gean Dhylan E. Mapesos","Initial commit"
"android-app","android-app/app/src/main/cpp/llama.cpp/gguf-py/gguf/lazy.py","2026-05-23T17:43:15+08:00","af33d7f","Gean Dhylan E. Mapesos","Initial commit"
"android-app","android-app/app/src/main/cpp/llama.cpp/gguf-py/gguf/metadata.py","2026-05-23T17:43:15+08:00","af33d7f","Gean Dhylan E. Mapesos","Initial commit"
"android-app","android-app/app/src/main/cpp/llama.cpp/gguf-py/gguf/py.typed","2026-05-23T17:43:15+08:00","af33d7f","Gean Dhylan E. Mapesos","Initial commit"
"android-app","android-app/app/src/main/cpp/llama.cpp/gguf-py/gguf/quants.py","2026-05-23T17:43:15+08:00","af33d7f","Gean Dhylan E. Mapesos","Initial commit"
"android-app","android-app/app/src/main/cpp/llama.cpp/gguf-py/gguf/tensor_mapping.py","2026-05-23T17:43:15+08:00","af33d7f","Gean Dhylan E. Mapesos","Initial commit"
"android-app","android-app/app/src/main/cpp/llama.cpp/gguf-py/gguf/utility.py","2026-05-23T17:43:15+08:00","af33d7f","Gean Dhylan E. Mapesos","Initial commit"
"android-app","android-app/app/src/main/cpp/llama.cpp/gguf-py/gguf/vocab.py","2026-05-23T17:43:15+08:00","af33d7f","Gean Dhylan E. Mapesos","Initial commit"
"android-app","android-app/app/src/main/cpp/llama.cpp/gguf-py/pyproject.toml","2026-05-23T17:43:15+08:00","af33d7f","Gean Dhylan E. Mapesos","Initial commit"
"android-app","android-app/app/src/main/cpp/llama.cpp/gguf-py/scripts/__init__.py","2026-05-23T17:43:15+08:00","af33d7f","Gean Dhylan E. Mapesos","Initial commit"
"android-app","android-app/app/src/main/cpp/llama.cpp/gguf-py/scripts/gguf_convert_endian.py","2026-05-23T17:43:15+08:00","af33d7f","Gean Dhylan E. Mapesos","Initial commit"
"android-app","android-app/app/src/main/cpp/llama.cpp/gguf-py/scripts/gguf_dump.py","2026-05-23T17:43:15+08:00","af33d7f","Gean Dhylan E. Mapesos","Initial commit"
"android-app","android-app/app/src/main/cpp/llama.cpp/gguf-py/scripts/gguf_hash.py","2026-05-23T17:43:15+08:00","af33d7f","Gean Dhylan E. Mapesos","Initial commit"
"android-app","android-app/app/src/main/cpp/llama.cpp/gguf-py/scripts/gguf_new_metadata.py","2026-05-23T17:43:15+08:00","af33d7f","Gean Dhylan E. Mapesos","Initial commit"
"android-app","android-app/app/src/main/cpp/llama.cpp/gguf-py/scripts/gguf_set_metadata.py","2026-05-23T17:43:15+08:00","af33d7f","Gean Dhylan E. Mapesos","Initial commit"
"android-app","android-app/app/src/main/cpp/llama.cpp/gguf-py/tests/__init__.py","2026-05-23T17:43:15+08:00","af33d7f","Gean Dhylan E. Mapesos","Initial commit"
"android-app","android-app/app/src/main/cpp/llama.cpp/gguf-py/tests/test_metadata.py","2026-05-23T17:43:15+08:00","af33d7f","Gean Dhylan E. Mapesos","Initial commit"
"android-app","android-app/app/src/main/cpp/llama.cpp/gguf-py/tests/test_quants.py","2026-05-23T17:43:15+08:00","af33d7f","Gean Dhylan E. Mapesos","Initial commit"
"android-app","android-app/app/src/main/cpp/llama.cpp/grammars/README.md","2026-05-23T17:43:15+08:00","af33d7f","Gean Dhylan E. Mapesos","Initial commit"
"android-app","android-app/app/src/main/cpp/llama.cpp/grammars/arithmetic.gbnf","2026-05-23T17:43:15+08:00","af33d7f","Gean Dhylan E. Mapesos","Initial commit"
"android-app","android-app/app/src/main/cpp/llama.cpp/grammars/c.gbnf","2026-05-23T17:43:15+08:00","af33d7f","Gean Dhylan E. Mapesos","Initial commit"
"android-app","android-app/app/src/main/cpp/llama.cpp/grammars/chess.gbnf","2026-05-23T17:43:15+08:00","af33d7f","Gean Dhylan E. Mapesos","Initial commit"
"android-app","android-app/app/src/main/cpp/llama.cpp/grammars/english.gbnf","2026-05-23T17:43:15+08:00","af33d7f","Gean Dhylan E. Mapesos","Initial commit"
"android-app","android-app/app/src/main/cpp/llama.cpp/grammars/japanese.gbnf","2026-05-23T17:43:15+08:00","af33d7f","Gean Dhylan E. Mapesos","Initial commit"
"android-app","android-app/app/src/main/cpp/llama.cpp/grammars/json.gbnf","2026-05-23T17:43:15+08:00","af33d7f","Gean Dhylan E. Mapesos","Initial commit"
"android-app","android-app/app/src/main/cpp/llama.cpp/grammars/json_arr.gbnf","2026-05-23T17:43:15+08:00","af33d7f","Gean Dhylan E. Mapesos","Initial commit"
"android-app","android-app/app/src/main/cpp/llama.cpp/grammars/list.gbnf","2026-05-23T17:43:15+08:00","af33d7f","Gean Dhylan E. Mapesos","Initial commit"
"android-app","android-app/app/src/main/cpp/llama.cpp/include/llama-cpp.h","2026-05-25T07:37:00+08:00","af05997","Gean Dhylan E. Mapesos","Update llama.cpp vendor for mtmd"
"android-app","android-app/app/src/main/cpp/llama.cpp/include/llama.h","2026-05-25T07:37:00+08:00","af05997","Gean Dhylan E. Mapesos","Update llama.cpp vendor for mtmd"
"android-app","android-app/app/src/main/cpp/llama.cpp/media/llama-leader.jpeg","2026-05-23T17:43:15+08:00","af33d7f","Gean Dhylan E. Mapesos","Initial commit"
"android-app","android-app/app/src/main/cpp/llama.cpp/media/llama0-banner.png","2026-05-23T17:43:15+08:00","af33d7f","Gean Dhylan E. Mapesos","Initial commit"
"android-app","android-app/app/src/main/cpp/llama.cpp/media/llama0-logo.png","2026-05-23T17:43:15+08:00","af33d7f","Gean Dhylan E. Mapesos","Initial commit"
"android-app","android-app/app/src/main/cpp/llama.cpp/media/llama1-banner.png","2026-05-23T17:43:15+08:00","af33d7f","Gean Dhylan E. Mapesos","Initial commit"
"android-app","android-app/app/src/main/cpp/llama.cpp/media/llama1-logo.png","2026-05-23T17:43:15+08:00","af33d7f","Gean Dhylan E. Mapesos","Initial commit"
"android-app","android-app/app/src/main/cpp/llama.cpp/media/matmul.png","2026-05-23T17:43:15+08:00","af33d7f","Gean Dhylan E. Mapesos","Initial commit"
"android-app","android-app/app/src/main/cpp/llama.cpp/media/matmul.svg","2026-05-23T17:43:15+08:00","af33d7f","Gean Dhylan E. Mapesos","Initial commit"
"android-app","android-app/app/src/main/cpp/llama.cpp/models/.editorconfig","2026-05-23T17:43:15+08:00","af33d7f","Gean Dhylan E. Mapesos","Initial commit"
"android-app","android-app/app/src/main/cpp/llama.cpp/mypy.ini","2026-05-23T17:43:15+08:00","af33d7f","Gean Dhylan E. Mapesos","Initial commit"
"android-app","android-app/app/src/main/cpp/llama.cpp/pocs/CMakeLists.txt","2026-05-23T17:43:15+08:00","af33d7f","Gean Dhylan E. Mapesos","Initial commit"
"android-app","android-app/app/src/main/cpp/llama.cpp/pocs/vdot/CMakeLists.txt","2026-05-23T17:43:15+08:00","af33d7f","Gean Dhylan E. Mapesos","Initial commit"
"android-app","android-app/app/src/main/cpp/llama.cpp/pocs/vdot/q8dot.cpp","2026-05-23T17:43:15+08:00","af33d7f","Gean Dhylan E. Mapesos","Initial commit"
"android-app","android-app/app/src/main/cpp/llama.cpp/pocs/vdot/vdot.cpp","2026-05-23T17:43:15+08:00","af33d7f","Gean Dhylan E. Mapesos","Initial commit"
"android-app","android-app/app/src/main/cpp/llama.cpp/poetry.lock","2026-05-23T17:43:15+08:00","af33d7f","Gean Dhylan E. Mapesos","Initial commit"
"android-app","android-app/app/src/main/cpp/llama.cpp/prompts/LLM-questions.txt","2026-05-23T17:43:15+08:00","af33d7f","Gean Dhylan E. Mapesos","Initial commit"
"android-app","android-app/app/src/main/cpp/llama.cpp/prompts/alpaca.txt","2026-05-23T17:43:15+08:00","af33d7f","Gean Dhylan E. Mapesos","Initial commit"
"android-app","android-app/app/src/main/cpp/llama.cpp/prompts/assistant.txt","2026-05-23T17:43:15+08:00","af33d7f","Gean Dhylan E. Mapesos","Initial commit"
"android-app","android-app/app/src/main/cpp/llama.cpp/prompts/chat-with-baichuan.txt","2026-05-23T17:43:15+08:00","af33d7f","Gean Dhylan E. Mapesos","Initial commit"
"android-app","android-app/app/src/main/cpp/llama.cpp/prompts/chat-with-bob.txt","2026-05-23T17:43:15+08:00","af33d7f","Gean Dhylan E. Mapesos","Initial commit"
"android-app","android-app/app/src/main/cpp/llama.cpp/prompts/chat-with-qwen.txt","2026-05-23T17:43:15+08:00","af33d7f","Gean Dhylan E. Mapesos","Initial commit"
"android-app","android-app/app/src/main/cpp/llama.cpp/prompts/chat-with-vicuna-v0.txt","2026-05-23T17:43:15+08:00","af33d7f","Gean Dhylan E. Mapesos","Initial commit"
"android-app","android-app/app/src/main/cpp/llama.cpp/prompts/chat-with-vicuna-v1.txt","2026-05-23T17:43:15+08:00","af33d7f","Gean Dhylan E. Mapesos","Initial commit"
"android-app","android-app/app/src/main/cpp/llama.cpp/prompts/chat.txt","2026-05-23T17:43:15+08:00","af33d7f","Gean Dhylan E. Mapesos","Initial commit"
"android-app","android-app/app/src/main/cpp/llama.cpp/prompts/dan-modified.txt","2026-05-23T17:43:15+08:00","af33d7f","Gean Dhylan E. Mapesos","Initial commit"
"android-app","android-app/app/src/main/cpp/llama.cpp/prompts/dan.txt","2026-05-23T17:43:15+08:00","af33d7f","Gean Dhylan E. Mapesos","Initial commit"
"android-app","android-app/app/src/main/cpp/llama.cpp/prompts/mnemonics.txt","2026-05-23T17:43:15+08:00","af33d7f","Gean Dhylan E. Mapesos","Initial commit"
"android-app","android-app/app/src/main/cpp/llama.cpp/prompts/parallel-questions.txt","2026-05-23T17:43:15+08:00","af33d7f","Gean Dhylan E. Mapesos","Initial commit"
"android-app","android-app/app/src/main/cpp/llama.cpp/prompts/reason-act.txt","2026-05-23T17:43:15+08:00","af33d7f","Gean Dhylan E. Mapesos","Initial commit"
"android-app","android-app/app/src/main/cpp/llama.cpp/pyproject.toml","2026-05-23T17:43:15+08:00","af33d7f","Gean Dhylan E. Mapesos","Initial commit"
"android-app","android-app/app/src/main/cpp/llama.cpp/pyrightconfig.json","2026-05-23T17:43:15+08:00","af33d7f","Gean Dhylan E. Mapesos","Initial commit"
"android-app","android-app/app/src/main/cpp/llama.cpp/requirements.txt","2026-05-23T17:43:15+08:00","af33d7f","Gean Dhylan E. Mapesos","Initial commit"
"android-app","android-app/app/src/main/cpp/llama.cpp/requirements/requirements-all.txt","2026-05-23T17:43:15+08:00","af33d7f","Gean Dhylan E. Mapesos","Initial commit"
"android-app","android-app/app/src/main/cpp/llama.cpp/requirements/requirements-compare-llama-bench.txt","2026-05-23T17:43:15+08:00","af33d7f","Gean Dhylan E. Mapesos","Initial commit"
"android-app","android-app/app/src/main/cpp/llama.cpp/requirements/requirements-convert_hf_to_gguf.txt","2026-05-23T17:43:15+08:00","af33d7f","Gean Dhylan E. Mapesos","Initial commit"
"android-app","android-app/app/src/main/cpp/llama.cpp/requirements/requirements-convert_hf_to_gguf_update.txt","2026-05-23T17:43:15+08:00","af33d7f","Gean Dhylan E. Mapesos","Initial commit"
"android-app","android-app/app/src/main/cpp/llama.cpp/requirements/requirements-convert_legacy_llama.txt","2026-05-23T17:43:15+08:00","af33d7f","Gean Dhylan E. Mapesos","Initial commit"
"android-app","android-app/app/src/main/cpp/llama.cpp/requirements/requirements-convert_llama_ggml_to_gguf.txt","2026-05-23T17:43:15+08:00","af33d7f","Gean Dhylan E. Mapesos","Initial commit"
"android-app","android-app/app/src/main/cpp/llama.cpp/requirements/requirements-convert_lora_to_gguf.txt","2026-05-23T17:43:15+08:00","af33d7f","Gean Dhylan E. Mapesos","Initial commit"
"android-app","android-app/app/src/main/cpp/llama.cpp/requirements/requirements-pydantic.txt","2026-05-23T17:43:15+08:00","af33d7f","Gean Dhylan E. Mapesos","Initial commit"
"android-app","android-app/app/src/main/cpp/llama.cpp/requirements/requirements-test-tokenizer-random.txt","2026-05-23T17:43:15+08:00","af33d7f","Gean Dhylan E. Mapesos","Initial commit"
"android-app","android-app/app/src/main/cpp/llama.cpp/scripts/build-info.sh","2026-05-23T17:43:15+08:00","af33d7f","Gean Dhylan E. Mapesos","Initial commit"
"android-app","android-app/app/src/main/cpp/llama.cpp/scripts/check-requirements.sh","2026-05-23T17:43:15+08:00","af33d7f","Gean Dhylan E. Mapesos","Initial commit"
"android-app","android-app/app/src/main/cpp/llama.cpp/scripts/ci-run.sh","2026-05-23T17:43:15+08:00","af33d7f","Gean Dhylan E. Mapesos","Initial commit"
"android-app","android-app/app/src/main/cpp/llama.cpp/scripts/compare-commits.sh","2026-05-23T17:43:15+08:00","af33d7f","Gean Dhylan E. Mapesos","Initial commit"
"android-app","android-app/app/src/main/cpp/llama.cpp/scripts/compare-llama-bench.py","2026-05-23T17:43:15+08:00","af33d7f","Gean Dhylan E. Mapesos","Initial commit"
"android-app","android-app/app/src/main/cpp/llama.cpp/scripts/debug-test.sh","2026-05-23T17:43:15+08:00","af33d7f","Gean Dhylan E. Mapesos","Initial commit"
"android-app","android-app/app/src/main/cpp/llama.cpp/scripts/gen-authors.sh","2026-05-23T17:43:15+08:00","af33d7f","Gean Dhylan E. Mapesos","Initial commit"
"android-app","android-app/app/src/main/cpp/llama.cpp/scripts/gen-unicode-data.py","2026-05-23T17:43:15+08:00","af33d7f","Gean Dhylan E. Mapesos","Initial commit"
"android-app","android-app/app/src/main/cpp/llama.cpp/scripts/get-flags.mk","2026-05-23T17:43:15+08:00","af33d7f","Gean Dhylan E. Mapesos","Initial commit"
"android-app","android-app/app/src/main/cpp/llama.cpp/scripts/get-hellaswag.sh","2026-05-23T17:43:15+08:00","af33d7f","Gean Dhylan E. Mapesos","Initial commit"
"android-app","android-app/app/src/main/cpp/llama.cpp/scripts/get-pg.sh","2026-05-23T17:43:15+08:00","af33d7f","Gean Dhylan E. Mapesos","Initial commit"
"android-app","android-app/app/src/main/cpp/llama.cpp/scripts/get-wikitext-103.sh","2026-05-23T17:43:15+08:00","af33d7f","Gean Dhylan E. Mapesos","Initial commit"
"android-app","android-app/app/src/main/cpp/llama.cpp/scripts/get-wikitext-2.sh","2026-05-23T17:43:15+08:00","af33d7f","Gean Dhylan E. Mapesos","Initial commit"
"android-app","android-app/app/src/main/cpp/llama.cpp/scripts/get-winogrande.sh","2026-05-23T17:43:15+08:00","af33d7f","Gean Dhylan E. Mapesos","Initial commit"
"android-app","android-app/app/src/main/cpp/llama.cpp/scripts/hf.sh","2026-05-23T17:43:15+08:00","af33d7f","Gean Dhylan E. Mapesos","Initial commit"
"android-app","android-app/app/src/main/cpp/llama.cpp/scripts/install-oneapi.bat","2026-05-23T17:43:15+08:00","af33d7f","Gean Dhylan E. Mapesos","Initial commit"
"android-app","android-app/app/src/main/cpp/llama.cpp/scripts/qnt-all.sh","2026-05-23T17:43:15+08:00","af33d7f","Gean Dhylan E. Mapesos","Initial commit"
"android-app","android-app/app/src/main/cpp/llama.cpp/scripts/run-all-perf.sh","2026-05-23T17:43:15+08:00","af33d7f","Gean Dhylan E. Mapesos","Initial commit"
"android-app","android-app/app/src/main/cpp/llama.cpp/scripts/run-all-ppl.sh","2026-05-23T17:43:15+08:00","af33d7f","Gean Dhylan E. Mapesos","Initial commit"
"android-app","android-app/app/src/main/cpp/llama.cpp/scripts/sync-ggml-am.sh","2026-05-23T17:43:15+08:00","af33d7f","Gean Dhylan E. Mapesos","Initial commit"
"android-app","android-app/app/src/main/cpp/llama.cpp/scripts/sync-ggml.last","2026-05-23T17:43:15+08:00","af33d7f","Gean Dhylan E. Mapesos","Initial commit"
"android-app","android-app/app/src/main/cpp/llama.cpp/scripts/sync-ggml.sh","2026-05-23T17:43:15+08:00","af33d7f","Gean Dhylan E. Mapesos","Initial commit"
"android-app","android-app/app/src/main/cpp/llama.cpp/scripts/verify-checksum-models.py","2026-05-23T17:43:15+08:00","af33d7f","Gean Dhylan E. Mapesos","Initial commit"
"android-app","android-app/app/src/main/cpp/llama.cpp/scripts/xxd.cmake","2026-05-23T17:43:15+08:00","af33d7f","Gean Dhylan E. Mapesos","Initial commit"
"android-app","android-app/app/src/main/cpp/llama.cpp/spm-headers/ggml-alloc.h","2026-05-23T17:43:15+08:00","af33d7f","Gean Dhylan E. Mapesos","Initial commit"
"android-app","android-app/app/src/main/cpp/llama.cpp/spm-headers/ggml-backend.h","2026-05-23T17:43:15+08:00","af33d7f","Gean Dhylan E. Mapesos","Initial commit"
"android-app","android-app/app/src/main/cpp/llama.cpp/spm-headers/ggml-cpp.h","2026-05-23T17:43:15+08:00","af33d7f","Gean Dhylan E. Mapesos","Initial commit"
"android-app","android-app/app/src/main/cpp/llama.cpp/spm-headers/ggml-cpu.h","2026-05-23T17:43:15+08:00","af33d7f","Gean Dhylan E. Mapesos","Initial commit"
"android-app","android-app/app/src/main/cpp/llama.cpp/spm-headers/ggml-metal.h","2026-05-23T17:43:15+08:00","af33d7f","Gean Dhylan E. Mapesos","Initial commit"
"android-app","android-app/app/src/main/cpp/llama.cpp/spm-headers/ggml.h","2026-05-23T17:43:15+08:00","af33d7f","Gean Dhylan E. Mapesos","Initial commit"
"android-app","android-app/app/src/main/cpp/llama.cpp/spm-headers/llama.h","2026-05-23T17:43:15+08:00","af33d7f","Gean Dhylan E. Mapesos","Initial commit"
"android-app","android-app/app/src/main/cpp/llama.cpp/src/CMakeLists.txt","2026-05-25T07:37:00+08:00","af05997","Gean Dhylan E. Mapesos","Update llama.cpp vendor for mtmd"
"android-app","android-app/app/src/main/cpp/llama.cpp/src/llama-adapter.cpp","2026-05-25T07:37:00+08:00","af05997","Gean Dhylan E. Mapesos","Update llama.cpp vendor for mtmd"
"android-app","android-app/app/src/main/cpp/llama.cpp/src/llama-adapter.h","2026-05-25T07:37:00+08:00","af05997","Gean Dhylan E. Mapesos","Update llama.cpp vendor for mtmd"
"android-app","android-app/app/src/main/cpp/llama.cpp/src/llama-arch.cpp","2026-05-25T07:37:00+08:00","af05997","Gean Dhylan E. Mapesos","Update llama.cpp vendor for mtmd"
"android-app","android-app/app/src/main/cpp/llama.cpp/src/llama-arch.h","2026-05-25T07:37:00+08:00","af05997","Gean Dhylan E. Mapesos","Update llama.cpp vendor for mtmd"
"android-app","android-app/app/src/main/cpp/llama.cpp/src/llama-batch.cpp","2026-05-25T07:37:00+08:00","af05997","Gean Dhylan E. Mapesos","Update llama.cpp vendor for mtmd"
"android-app","android-app/app/src/main/cpp/llama.cpp/src/llama-batch.h","2026-05-25T07:37:00+08:00","af05997","Gean Dhylan E. Mapesos","Update llama.cpp vendor for mtmd"
"android-app","android-app/app/src/main/cpp/llama.cpp/src/llama-chat.cpp","2026-05-25T07:37:00+08:00","af05997","Gean Dhylan E. Mapesos","Update llama.cpp vendor for mtmd"
"android-app","android-app/app/src/main/cpp/llama.cpp/src/llama-chat.h","2026-05-25T07:37:00+08:00","af05997","Gean Dhylan E. Mapesos","Update llama.cpp vendor for mtmd"
"android-app","android-app/app/src/main/cpp/llama.cpp/src/llama-context.cpp","2026-05-25T07:37:00+08:00","af05997","Gean Dhylan E. Mapesos","Update llama.cpp vendor for mtmd"
"android-app","android-app/app/src/main/cpp/llama.cpp/src/llama-context.h","2026-05-25T07:37:00+08:00","af05997","Gean Dhylan E. Mapesos","Update llama.cpp vendor for mtmd"
"android-app","android-app/app/src/main/cpp/llama.cpp/src/llama-cparams.cpp","2026-05-25T07:37:00+08:00","af05997","Gean Dhylan E. Mapesos","Update llama.cpp vendor for mtmd"
"android-app","android-app/app/src/main/cpp/llama.cpp/src/llama-cparams.h","2026-05-25T07:37:00+08:00","af05997","Gean Dhylan E. Mapesos","Update llama.cpp vendor for mtmd"
"android-app","android-app/app/src/main/cpp/llama.cpp/src/llama-ext.h","2026-05-25T07:37:00+08:00","af05997","Gean Dhylan E. Mapesos","Update llama.cpp vendor for mtmd"
"android-app","android-app/app/src/main/cpp/llama.cpp/src/llama-grammar.cpp","2026-05-25T07:37:00+08:00","af05997","Gean Dhylan E. Mapesos","Update llama.cpp vendor for mtmd"
"android-app","android-app/app/src/main/cpp/llama.cpp/src/llama-grammar.h","2026-05-25T07:37:00+08:00","af05997","Gean Dhylan E. Mapesos","Update llama.cpp vendor for mtmd"
"android-app","android-app/app/src/main/cpp/llama.cpp/src/llama-graph.cpp","2026-05-25T07:37:00+08:00","af05997","Gean Dhylan E. Mapesos","Update llama.cpp vendor for mtmd"
"android-app","android-app/app/src/main/cpp/llama.cpp/src/llama-graph.h","2026-05-25T07:37:00+08:00","af05997","Gean Dhylan E. Mapesos","Update llama.cpp vendor for mtmd"
"android-app","android-app/app/src/main/cpp/llama.cpp/src/llama-hparams.cpp","2026-05-25T07:37:00+08:00","af05997","Gean Dhylan E. Mapesos","Update llama.cpp vendor for mtmd"
"android-app","android-app/app/src/main/cpp/llama.cpp/src/llama-hparams.h","2026-05-25T07:37:00+08:00","af05997","Gean Dhylan E. Mapesos","Update llama.cpp vendor for mtmd"
"android-app","android-app/app/src/main/cpp/llama.cpp/src/llama-impl.cpp","2026-05-25T07:37:00+08:00","af05997","Gean Dhylan E. Mapesos","Update llama.cpp vendor for mtmd"
"android-app","android-app/app/src/main/cpp/llama.cpp/src/llama-impl.h","2026-05-25T07:37:00+08:00","af05997","Gean Dhylan E. Mapesos","Update llama.cpp vendor for mtmd"
"android-app","android-app/app/src/main/cpp/llama.cpp/src/llama-io.cpp","2026-05-25T07:37:00+08:00","af05997","Gean Dhylan E. Mapesos","Update llama.cpp vendor for mtmd"
"android-app","android-app/app/src/main/cpp/llama.cpp/src/llama-io.h","2026-05-25T07:37:00+08:00","af05997","Gean Dhylan E. Mapesos","Update llama.cpp vendor for mtmd"
"android-app","android-app/app/src/main/cpp/llama.cpp/src/llama-kv-cache-iswa.cpp","2026-05-25T07:37:00+08:00","af05997","Gean Dhylan E. Mapesos","Update llama.cpp vendor for mtmd"
"android-app","android-app/app/src/main/cpp/llama.cpp/src/llama-kv-cache-iswa.h","2026-05-25T07:37:00+08:00","af05997","Gean Dhylan E. Mapesos","Update llama.cpp vendor for mtmd"
"android-app","android-app/app/src/main/cpp/llama.cpp/src/llama-kv-cache.cpp","2026-05-25T07:37:00+08:00","af05997","Gean Dhylan E. Mapesos","Update llama.cpp vendor for mtmd"
"android-app","android-app/app/src/main/cpp/llama.cpp/src/llama-kv-cache.h","2026-05-25T07:37:00+08:00","af05997","Gean Dhylan E. Mapesos","Update llama.cpp vendor for mtmd"
"android-app","android-app/app/src/main/cpp/llama.cpp/src/llama-kv-cells.h","2026-05-25T07:37:00+08:00","af05997","Gean Dhylan E. Mapesos","Update llama.cpp vendor for mtmd"
"android-app","android-app/app/src/main/cpp/llama.cpp/src/llama-memory-hybrid-iswa.cpp","2026-05-25T07:37:00+08:00","af05997","Gean Dhylan E. Mapesos","Update llama.cpp vendor for mtmd"
"android-app","android-app/app/src/main/cpp/llama.cpp/src/llama-memory-hybrid-iswa.h","2026-05-25T07:37:00+08:00","af05997","Gean Dhylan E. Mapesos","Update llama.cpp vendor for mtmd"
"android-app","android-app/app/src/main/cpp/llama.cpp/src/llama-memory-hybrid.cpp","2026-05-25T07:37:00+08:00","af05997","Gean Dhylan E. Mapesos","Update llama.cpp vendor for mtmd"
"android-app","android-app/app/src/main/cpp/llama.cpp/src/llama-memory-hybrid.h","2026-05-25T07:37:00+08:00","af05997","Gean Dhylan E. Mapesos","Update llama.cpp vendor for mtmd"
"android-app","android-app/app/src/main/cpp/llama.cpp/src/llama-memory-recurrent.cpp","2026-05-25T07:37:00+08:00","af05997","Gean Dhylan E. Mapesos","Update llama.cpp vendor for mtmd"
"android-app","android-app/app/src/main/cpp/llama.cpp/src/llama-memory-recurrent.h","2026-05-25T07:37:00+08:00","af05997","Gean Dhylan E. Mapesos","Update llama.cpp vendor for mtmd"
"android-app","android-app/app/src/main/cpp/llama.cpp/src/llama-memory.cpp","2026-05-25T07:37:00+08:00","af05997","Gean Dhylan E. Mapesos","Update llama.cpp vendor for mtmd"
"android-app","android-app/app/src/main/cpp/llama.cpp/src/llama-memory.h","2026-05-25T07:37:00+08:00","af05997","Gean Dhylan E. Mapesos","Update llama.cpp vendor for mtmd"
"android-app","android-app/app/src/main/cpp/llama.cpp/src/llama-mmap.cpp","2026-05-25T07:37:00+08:00","af05997","Gean Dhylan E. Mapesos","Update llama.cpp vendor for mtmd"
"android-app","android-app/app/src/main/cpp/llama.cpp/src/llama-mmap.h","2026-05-25T07:37:00+08:00","af05997","Gean Dhylan E. Mapesos","Update llama.cpp vendor for mtmd"
"android-app","android-app/app/src/main/cpp/llama.cpp/src/llama-model-loader.cpp","2026-05-25T07:37:00+08:00","af05997","Gean Dhylan E. Mapesos","Update llama.cpp vendor for mtmd"
"android-app","android-app/app/src/main/cpp/llama.cpp/src/llama-model-loader.h","2026-05-25T07:37:00+08:00","af05997","Gean Dhylan E. Mapesos","Update llama.cpp vendor for mtmd"
"android-app","android-app/app/src/main/cpp/llama.cpp/src/llama-model-saver.cpp","2026-05-25T07:37:00+08:00","af05997","Gean Dhylan E. Mapesos","Update llama.cpp vendor for mtmd"
"android-app","android-app/app/src/main/cpp/llama.cpp/src/llama-model-saver.h","2026-05-25T07:37:00+08:00","af05997","Gean Dhylan E. Mapesos","Update llama.cpp vendor for mtmd"
"android-app","android-app/app/src/main/cpp/llama.cpp/src/llama-model.cpp","2026-05-25T07:37:00+08:00","af05997","Gean Dhylan E. Mapesos","Update llama.cpp vendor for mtmd"
"android-app","android-app/app/src/main/cpp/llama.cpp/src/llama-model.h","2026-05-25T07:37:00+08:00","af05997","Gean Dhylan E. Mapesos","Update llama.cpp vendor for mtmd"
"android-app","android-app/app/src/main/cpp/llama.cpp/src/llama-quant.cpp","2026-05-25T07:37:00+08:00","af05997","Gean Dhylan E. Mapesos","Update llama.cpp vendor for mtmd"
"android-app","android-app/app/src/main/cpp/llama.cpp/src/llama-quant.h","2026-05-25T07:37:00+08:00","af05997","Gean Dhylan E. Mapesos","Update llama.cpp vendor for mtmd"
"android-app","android-app/app/src/main/cpp/llama.cpp/src/llama-sampler.cpp","2026-05-25T07:37:00+08:00","af05997","Gean Dhylan E. Mapesos","Update llama.cpp vendor for mtmd"
"android-app","android-app/app/src/main/cpp/llama.cpp/src/llama-sampler.h","2026-05-25T07:37:00+08:00","af05997","Gean Dhylan E. Mapesos","Update llama.cpp vendor for mtmd"
"android-app","android-app/app/src/main/cpp/llama.cpp/src/llama-vocab.cpp","2026-05-25T07:37:00+08:00","af05997","Gean Dhylan E. Mapesos","Update llama.cpp vendor for mtmd"
"android-app","android-app/app/src/main/cpp/llama.cpp/src/llama-vocab.h","2026-05-25T07:37:00+08:00","af05997","Gean Dhylan E. Mapesos","Update llama.cpp vendor for mtmd"
"android-app","android-app/app/src/main/cpp/llama.cpp/src/llama.cpp","2026-05-25T07:37:00+08:00","af05997","Gean Dhylan E. Mapesos","Update llama.cpp vendor for mtmd"
"android-app","android-app/app/src/main/cpp/llama.cpp/src/models/afmoe.cpp","2026-05-25T07:37:00+08:00","af05997","Gean Dhylan E. Mapesos","Update llama.cpp vendor for mtmd"
"android-app","android-app/app/src/main/cpp/llama.cpp/src/models/apertus.cpp","2026-05-25T07:37:00+08:00","af05997","Gean Dhylan E. Mapesos","Update llama.cpp vendor for mtmd"
"android-app","android-app/app/src/main/cpp/llama.cpp/src/models/arcee.cpp","2026-05-25T07:37:00+08:00","af05997","Gean Dhylan E. Mapesos","Update llama.cpp vendor for mtmd"
"android-app","android-app/app/src/main/cpp/llama.cpp/src/models/arctic.cpp","2026-05-25T07:37:00+08:00","af05997","Gean Dhylan E. Mapesos","Update llama.cpp vendor for mtmd"
"android-app","android-app/app/src/main/cpp/llama.cpp/src/models/arwkv7.cpp","2026-05-25T07:37:00+08:00","af05997","Gean Dhylan E. Mapesos","Update llama.cpp vendor for mtmd"
"android-app","android-app/app/src/main/cpp/llama.cpp/src/models/baichuan.cpp","2026-05-25T07:37:00+08:00","af05997","Gean Dhylan E. Mapesos","Update llama.cpp vendor for mtmd"
"android-app","android-app/app/src/main/cpp/llama.cpp/src/models/bailingmoe.cpp","2026-05-25T07:37:00+08:00","af05997","Gean Dhylan E. Mapesos","Update llama.cpp vendor for mtmd"
"android-app","android-app/app/src/main/cpp/llama.cpp/src/models/bailingmoe2.cpp","2026-05-25T07:37:00+08:00","af05997","Gean Dhylan E. Mapesos","Update llama.cpp vendor for mtmd"
"android-app","android-app/app/src/main/cpp/llama.cpp/src/models/bert.cpp","2026-05-25T07:37:00+08:00","af05997","Gean Dhylan E. Mapesos","Update llama.cpp vendor for mtmd"
"android-app","android-app/app/src/main/cpp/llama.cpp/src/models/bitnet.cpp","2026-05-25T07:37:00+08:00","af05997","Gean Dhylan E. Mapesos","Update llama.cpp vendor for mtmd"
"android-app","android-app/app/src/main/cpp/llama.cpp/src/models/bloom.cpp","2026-05-25T07:37:00+08:00","af05997","Gean Dhylan E. Mapesos","Update llama.cpp vendor for mtmd"
"android-app","android-app/app/src/main/cpp/llama.cpp/src/models/chameleon.cpp","2026-05-25T07:37:00+08:00","af05997","Gean Dhylan E. Mapesos","Update llama.cpp vendor for mtmd"
"android-app","android-app/app/src/main/cpp/llama.cpp/src/models/chatglm.cpp","2026-05-25T07:37:00+08:00","af05997","Gean Dhylan E. Mapesos","Update llama.cpp vendor for mtmd"
"android-app","android-app/app/src/main/cpp/llama.cpp/src/models/codeshell.cpp","2026-05-25T07:37:00+08:00","af05997","Gean Dhylan E. Mapesos","Update llama.cpp vendor for mtmd"
"android-app","android-app/app/src/main/cpp/llama.cpp/src/models/cogvlm.cpp","2026-05-25T07:37:00+08:00","af05997","Gean Dhylan E. Mapesos","Update llama.cpp vendor for mtmd"
"android-app","android-app/app/src/main/cpp/llama.cpp/src/models/cohere2.cpp","2026-05-25T07:37:00+08:00","af05997","Gean Dhylan E. Mapesos","Update llama.cpp vendor for mtmd"
"android-app","android-app/app/src/main/cpp/llama.cpp/src/models/command-r.cpp","2026-05-25T07:37:00+08:00","af05997","Gean Dhylan E. Mapesos","Update llama.cpp vendor for mtmd"
"android-app","android-app/app/src/main/cpp/llama.cpp/src/models/dbrx.cpp","2026-05-25T07:37:00+08:00","af05997","Gean Dhylan E. Mapesos","Update llama.cpp vendor for mtmd"
"android-app","android-app/app/src/main/cpp/llama.cpp/src/models/deci.cpp","2026-05-25T07:37:00+08:00","af05997","Gean Dhylan E. Mapesos","Update llama.cpp vendor for mtmd"
"android-app","android-app/app/src/main/cpp/llama.cpp/src/models/deepseek.cpp","2026-05-25T07:37:00+08:00","af05997","Gean Dhylan E. Mapesos","Update llama.cpp vendor for mtmd"
"android-app","android-app/app/src/main/cpp/llama.cpp/src/models/deepseek2.cpp","2026-05-25T07:37:00+08:00","af05997","Gean Dhylan E. Mapesos","Update llama.cpp vendor for mtmd"
"android-app","android-app/app/src/main/cpp/llama.cpp/src/models/deepseek2ocr.cpp","2026-05-25T07:38:54+08:00","d0f85c9","Gean Dhylan E. Mapesos","Clean llama.cpp vendor whitespace"
"android-app","android-app/app/src/main/cpp/llama.cpp/src/models/delta-net-base.cpp","2026-05-25T07:37:00+08:00","af05997","Gean Dhylan E. Mapesos","Update llama.cpp vendor for mtmd"
"android-app","android-app/app/src/main/cpp/llama.cpp/src/models/dots1.cpp","2026-05-25T07:37:00+08:00","af05997","Gean Dhylan E. Mapesos","Update llama.cpp vendor for mtmd"
"android-app","android-app/app/src/main/cpp/llama.cpp/src/models/dream.cpp","2026-05-25T07:37:00+08:00","af05997","Gean Dhylan E. Mapesos","Update llama.cpp vendor for mtmd"
"android-app","android-app/app/src/main/cpp/llama.cpp/src/models/ernie4-5-moe.cpp","2026-05-25T07:37:00+08:00","af05997","Gean Dhylan E. Mapesos","Update llama.cpp vendor for mtmd"
"android-app","android-app/app/src/main/cpp/llama.cpp/src/models/ernie4-5.cpp","2026-05-25T07:37:00+08:00","af05997","Gean Dhylan E. Mapesos","Update llama.cpp vendor for mtmd"
"android-app","android-app/app/src/main/cpp/llama.cpp/src/models/eurobert.cpp","2026-05-25T07:37:00+08:00","af05997","Gean Dhylan E. Mapesos","Update llama.cpp vendor for mtmd"
"android-app","android-app/app/src/main/cpp/llama.cpp/src/models/exaone-moe.cpp","2026-05-25T07:37:00+08:00","af05997","Gean Dhylan E. Mapesos","Update llama.cpp vendor for mtmd"
"android-app","android-app/app/src/main/cpp/llama.cpp/src/models/exaone.cpp","2026-05-25T07:37:00+08:00","af05997","Gean Dhylan E. Mapesos","Update llama.cpp vendor for mtmd"
"android-app","android-app/app/src/main/cpp/llama.cpp/src/models/exaone4.cpp","2026-05-25T07:37:00+08:00","af05997","Gean Dhylan E. Mapesos","Update llama.cpp vendor for mtmd"
"android-app","android-app/app/src/main/cpp/llama.cpp/src/models/falcon-h1.cpp","2026-05-25T07:37:00+08:00","af05997","Gean Dhylan E. Mapesos","Update llama.cpp vendor for mtmd"
"android-app","android-app/app/src/main/cpp/llama.cpp/src/models/falcon.cpp","2026-05-25T07:37:00+08:00","af05997","Gean Dhylan E. Mapesos","Update llama.cpp vendor for mtmd"
"android-app","android-app/app/src/main/cpp/llama.cpp/src/models/gemma-embedding.cpp","2026-05-25T07:37:00+08:00","af05997","Gean Dhylan E. Mapesos","Update llama.cpp vendor for mtmd"
"android-app","android-app/app/src/main/cpp/llama.cpp/src/models/gemma.cpp","2026-05-25T07:37:00+08:00","af05997","Gean Dhylan E. Mapesos","Update llama.cpp vendor for mtmd"
"android-app","android-app/app/src/main/cpp/llama.cpp/src/models/gemma2.cpp","2026-05-25T07:37:00+08:00","af05997","Gean Dhylan E. Mapesos","Update llama.cpp vendor for mtmd"
"android-app","android-app/app/src/main/cpp/llama.cpp/src/models/gemma3.cpp","2026-05-25T07:37:00+08:00","af05997","Gean Dhylan E. Mapesos","Update llama.cpp vendor for mtmd"
"android-app","android-app/app/src/main/cpp/llama.cpp/src/models/gemma3n.cpp","2026-05-25T07:37:00+08:00","af05997","Gean Dhylan E. Mapesos","Update llama.cpp vendor for mtmd"
"android-app","android-app/app/src/main/cpp/llama.cpp/src/models/gemma4.cpp","2026-05-25T07:37:00+08:00","af05997","Gean Dhylan E. Mapesos","Update llama.cpp vendor for mtmd"
"android-app","android-app/app/src/main/cpp/llama.cpp/src/models/glm-dsa.cpp","2026-05-25T07:38:54+08:00","d0f85c9","Gean Dhylan E. Mapesos","Clean llama.cpp vendor whitespace"
"android-app","android-app/app/src/main/cpp/llama.cpp/src/models/glm4-moe.cpp","2026-05-25T07:37:00+08:00","af05997","Gean Dhylan E. Mapesos","Update llama.cpp vendor for mtmd"
"android-app","android-app/app/src/main/cpp/llama.cpp/src/models/glm4.cpp","2026-05-25T07:37:00+08:00","af05997","Gean Dhylan E. Mapesos","Update llama.cpp vendor for mtmd"
"android-app","android-app/app/src/main/cpp/llama.cpp/src/models/gpt2.cpp","2026-05-25T07:37:00+08:00","af05997","Gean Dhylan E. Mapesos","Update llama.cpp vendor for mtmd"
"android-app","android-app/app/src/main/cpp/llama.cpp/src/models/gptneox.cpp","2026-05-25T07:37:00+08:00","af05997","Gean Dhylan E. Mapesos","Update llama.cpp vendor for mtmd"
"android-app","android-app/app/src/main/cpp/llama.cpp/src/models/granite-hybrid.cpp","2026-05-25T07:37:00+08:00","af05997","Gean Dhylan E. Mapesos","Update llama.cpp vendor for mtmd"
"android-app","android-app/app/src/main/cpp/llama.cpp/src/models/granite-moe.cpp","2026-05-25T07:38:54+08:00","d0f85c9","Gean Dhylan E. Mapesos","Clean llama.cpp vendor whitespace"
"android-app","android-app/app/src/main/cpp/llama.cpp/src/models/granite.cpp","2026-05-25T07:37:00+08:00","af05997","Gean Dhylan E. Mapesos","Update llama.cpp vendor for mtmd"
"android-app","android-app/app/src/main/cpp/llama.cpp/src/models/grok.cpp","2026-05-25T07:37:00+08:00","af05997","Gean Dhylan E. Mapesos","Update llama.cpp vendor for mtmd"
"android-app","android-app/app/src/main/cpp/llama.cpp/src/models/grovemoe.cpp","2026-05-25T07:37:00+08:00","af05997","Gean Dhylan E. Mapesos","Update llama.cpp vendor for mtmd"
"android-app","android-app/app/src/main/cpp/llama.cpp/src/models/hunyuan-dense.cpp","2026-05-25T07:38:54+08:00","d0f85c9","Gean Dhylan E. Mapesos","Clean llama.cpp vendor whitespace"
"android-app","android-app/app/src/main/cpp/llama.cpp/src/models/hunyuan-moe.cpp","2026-05-25T07:37:00+08:00","af05997","Gean Dhylan E. Mapesos","Update llama.cpp vendor for mtmd"
"android-app","android-app/app/src/main/cpp/llama.cpp/src/models/hunyuan-vl.cpp","2026-05-25T07:37:00+08:00","af05997","Gean Dhylan E. Mapesos","Update llama.cpp vendor for mtmd"
"android-app","android-app/app/src/main/cpp/llama.cpp/src/models/internlm2.cpp","2026-05-25T07:37:00+08:00","af05997","Gean Dhylan E. Mapesos","Update llama.cpp vendor for mtmd"
"android-app","android-app/app/src/main/cpp/llama.cpp/src/models/jais.cpp","2026-05-25T07:37:00+08:00","af05997","Gean Dhylan E. Mapesos","Update llama.cpp vendor for mtmd"
"android-app","android-app/app/src/main/cpp/llama.cpp/src/models/jais2.cpp","2026-05-25T07:37:00+08:00","af05997","Gean Dhylan E. Mapesos","Update llama.cpp vendor for mtmd"
"android-app","android-app/app/src/main/cpp/llama.cpp/src/models/jamba.cpp","2026-05-25T07:37:00+08:00","af05997","Gean Dhylan E. Mapesos","Update llama.cpp vendor for mtmd"
"android-app","android-app/app/src/main/cpp/llama.cpp/src/models/jina-bert-v2.cpp","2026-05-25T07:38:54+08:00","d0f85c9","Gean Dhylan E. Mapesos","Clean llama.cpp vendor whitespace"
"android-app","android-app/app/src/main/cpp/llama.cpp/src/models/jina-bert-v3.cpp","2026-05-25T07:38:54+08:00","d0f85c9","Gean Dhylan E. Mapesos","Clean llama.cpp vendor whitespace"
"android-app","android-app/app/src/main/cpp/llama.cpp/src/models/kimi-linear.cpp","2026-05-25T07:37:00+08:00","af05997","Gean Dhylan E. Mapesos","Update llama.cpp vendor for mtmd"
"android-app","android-app/app/src/main/cpp/llama.cpp/src/models/lfm2.cpp","2026-05-25T07:37:00+08:00","af05997","Gean Dhylan E. Mapesos","Update llama.cpp vendor for mtmd"
"android-app","android-app/app/src/main/cpp/llama.cpp/src/models/lfm2moe.cpp","2026-05-25T07:38:54+08:00","d0f85c9","Gean Dhylan E. Mapesos","Clean llama.cpp vendor whitespace"
"android-app","android-app/app/src/main/cpp/llama.cpp/src/models/llada-moe.cpp","2026-05-25T07:37:00+08:00","af05997","Gean Dhylan E. Mapesos","Update llama.cpp vendor for mtmd"
"android-app","android-app/app/src/main/cpp/llama.cpp/src/models/llada.cpp","2026-05-25T07:37:00+08:00","af05997","Gean Dhylan E. Mapesos","Update llama.cpp vendor for mtmd"
"android-app","android-app/app/src/main/cpp/llama.cpp/src/models/llama-embed.cpp","2026-05-25T07:38:54+08:00","d0f85c9","Gean Dhylan E. Mapesos","Clean llama.cpp vendor whitespace"
"android-app","android-app/app/src/main/cpp/llama.cpp/src/models/llama.cpp","2026-05-25T07:37:00+08:00","af05997","Gean Dhylan E. Mapesos","Update llama.cpp vendor for mtmd"
"android-app","android-app/app/src/main/cpp/llama.cpp/src/models/llama4.cpp","2026-05-25T07:37:00+08:00","af05997","Gean Dhylan E. Mapesos","Update llama.cpp vendor for mtmd"
"android-app","android-app/app/src/main/cpp/llama.cpp/src/models/maincoder.cpp","2026-05-25T07:37:00+08:00","af05997","Gean Dhylan E. Mapesos","Update llama.cpp vendor for mtmd"
"android-app","android-app/app/src/main/cpp/llama.cpp/src/models/mamba-base.cpp","2026-05-25T07:37:00+08:00","af05997","Gean Dhylan E. Mapesos","Update llama.cpp vendor for mtmd"
"android-app","android-app/app/src/main/cpp/llama.cpp/src/models/mamba.cpp","2026-05-25T07:37:00+08:00","af05997","Gean Dhylan E. Mapesos","Update llama.cpp vendor for mtmd"
"android-app","android-app/app/src/main/cpp/llama.cpp/src/models/mamba2.cpp","2026-05-25T07:38:54+08:00","d0f85c9","Gean Dhylan E. Mapesos","Clean llama.cpp vendor whitespace"
"android-app","android-app/app/src/main/cpp/llama.cpp/src/models/mimo2.cpp","2026-05-25T07:37:00+08:00","af05997","Gean Dhylan E. Mapesos","Update llama.cpp vendor for mtmd"
"android-app","android-app/app/src/main/cpp/llama.cpp/src/models/minicpm.cpp","2026-05-25T07:38:54+08:00","d0f85c9","Gean Dhylan E. Mapesos","Clean llama.cpp vendor whitespace"
"android-app","android-app/app/src/main/cpp/llama.cpp/src/models/minicpm3.cpp","2026-05-25T07:37:00+08:00","af05997","Gean Dhylan E. Mapesos","Update llama.cpp vendor for mtmd"
"android-app","android-app/app/src/main/cpp/llama.cpp/src/models/minimax-m2.cpp","2026-05-25T07:37:00+08:00","af05997","Gean Dhylan E. Mapesos","Update llama.cpp vendor for mtmd"
"android-app","android-app/app/src/main/cpp/llama.cpp/src/models/mistral3.cpp","2026-05-25T07:37:00+08:00","af05997","Gean Dhylan E. Mapesos","Update llama.cpp vendor for mtmd"
"android-app","android-app/app/src/main/cpp/llama.cpp/src/models/mistral4.cpp","2026-05-25T07:38:54+08:00","d0f85c9","Gean Dhylan E. Mapesos","Clean llama.cpp vendor whitespace"
"android-app","android-app/app/src/main/cpp/llama.cpp/src/models/models.h","2026-05-25T07:37:00+08:00","af05997","Gean Dhylan E. Mapesos","Update llama.cpp vendor for mtmd"
"android-app","android-app/app/src/main/cpp/llama.cpp/src/models/modern-bert.cpp","2026-05-25T07:37:00+08:00","af05997","Gean Dhylan E. Mapesos","Update llama.cpp vendor for mtmd"
"android-app","android-app/app/src/main/cpp/llama.cpp/src/models/mpt.cpp","2026-05-25T07:37:00+08:00","af05997","Gean Dhylan E. Mapesos","Update llama.cpp vendor for mtmd"
"android-app","android-app/app/src/main/cpp/llama.cpp/src/models/nemotron-h-moe.cpp","2026-05-25T07:38:54+08:00","d0f85c9","Gean Dhylan E. Mapesos","Clean llama.cpp vendor whitespace"
"android-app","android-app/app/src/main/cpp/llama.cpp/src/models/nemotron-h.cpp","2026-05-25T07:37:00+08:00","af05997","Gean Dhylan E. Mapesos","Update llama.cpp vendor for mtmd"
"android-app","android-app/app/src/main/cpp/llama.cpp/src/models/nemotron.cpp","2026-05-25T07:37:00+08:00","af05997","Gean Dhylan E. Mapesos","Update llama.cpp vendor for mtmd"
"android-app","android-app/app/src/main/cpp/llama.cpp/src/models/neo-bert.cpp","2026-05-25T07:37:00+08:00","af05997","Gean Dhylan E. Mapesos","Update llama.cpp vendor for mtmd"
"android-app","android-app/app/src/main/cpp/llama.cpp/src/models/nomic-bert-moe.cpp","2026-05-25T07:38:54+08:00","d0f85c9","Gean Dhylan E. Mapesos","Clean llama.cpp vendor whitespace"
"android-app","android-app/app/src/main/cpp/llama.cpp/src/models/nomic-bert.cpp","2026-05-25T07:38:54+08:00","d0f85c9","Gean Dhylan E. Mapesos","Clean llama.cpp vendor whitespace"
"android-app","android-app/app/src/main/cpp/llama.cpp/src/models/olmo.cpp","2026-05-25T07:37:00+08:00","af05997","Gean Dhylan E. Mapesos","Update llama.cpp vendor for mtmd"
"android-app","android-app/app/src/main/cpp/llama.cpp/src/models/olmo2.cpp","2026-05-25T07:37:00+08:00","af05997","Gean Dhylan E. Mapesos","Update llama.cpp vendor for mtmd"
"android-app","android-app/app/src/main/cpp/llama.cpp/src/models/olmoe.cpp","2026-05-25T07:37:00+08:00","af05997","Gean Dhylan E. Mapesos","Update llama.cpp vendor for mtmd"
"android-app","android-app/app/src/main/cpp/llama.cpp/src/models/openai-moe.cpp","2026-05-25T07:37:00+08:00","af05997","Gean Dhylan E. Mapesos","Update llama.cpp vendor for mtmd"
"android-app","android-app/app/src/main/cpp/llama.cpp/src/models/openelm.cpp","2026-05-25T07:37:00+08:00","af05997","Gean Dhylan E. Mapesos","Update llama.cpp vendor for mtmd"
"android-app","android-app/app/src/main/cpp/llama.cpp/src/models/orion.cpp","2026-05-25T07:37:00+08:00","af05997","Gean Dhylan E. Mapesos","Update llama.cpp vendor for mtmd"
"android-app","android-app/app/src/main/cpp/llama.cpp/src/models/paddleocr.cpp","2026-05-25T07:37:00+08:00","af05997","Gean Dhylan E. Mapesos","Update llama.cpp vendor for mtmd"
"android-app","android-app/app/src/main/cpp/llama.cpp/src/models/pangu-embed.cpp","2026-05-25T07:37:00+08:00","af05997","Gean Dhylan E. Mapesos","Update llama.cpp vendor for mtmd"
"android-app","android-app/app/src/main/cpp/llama.cpp/src/models/phi2.cpp","2026-05-25T07:37:00+08:00","af05997","Gean Dhylan E. Mapesos","Update llama.cpp vendor for mtmd"
"android-app","android-app/app/src/main/cpp/llama.cpp/src/models/phi3.cpp","2026-05-25T07:37:00+08:00","af05997","Gean Dhylan E. Mapesos","Update llama.cpp vendor for mtmd"
"android-app","android-app/app/src/main/cpp/llama.cpp/src/models/phimoe.cpp","2026-05-25T07:38:54+08:00","d0f85c9","Gean Dhylan E. Mapesos","Clean llama.cpp vendor whitespace"
"android-app","android-app/app/src/main/cpp/llama.cpp/src/models/plamo.cpp","2026-05-25T07:37:00+08:00","af05997","Gean Dhylan E. Mapesos","Update llama.cpp vendor for mtmd"
"android-app","android-app/app/src/main/cpp/llama.cpp/src/models/plamo2.cpp","2026-05-25T07:37:00+08:00","af05997","Gean Dhylan E. Mapesos","Update llama.cpp vendor for mtmd"
"android-app","android-app/app/src/main/cpp/llama.cpp/src/models/plamo3.cpp","2026-05-25T07:37:00+08:00","af05997","Gean Dhylan E. Mapesos","Update llama.cpp vendor for mtmd"
"android-app","android-app/app/src/main/cpp/llama.cpp/src/models/plm.cpp","2026-05-25T07:37:00+08:00","af05997","Gean Dhylan E. Mapesos","Update llama.cpp vendor for mtmd"
"android-app","android-app/app/src/main/cpp/llama.cpp/src/models/qwen.cpp","2026-05-25T07:37:00+08:00","af05997","Gean Dhylan E. Mapesos","Update llama.cpp vendor for mtmd"
"android-app","android-app/app/src/main/cpp/llama.cpp/src/models/qwen2.cpp","2026-05-25T07:37:00+08:00","af05997","Gean Dhylan E. Mapesos","Update llama.cpp vendor for mtmd"
"android-app","android-app/app/src/main/cpp/llama.cpp/src/models/qwen2moe.cpp","2026-05-25T07:37:00+08:00","af05997","Gean Dhylan E. Mapesos","Update llama.cpp vendor for mtmd"
"android-app","android-app/app/src/main/cpp/llama.cpp/src/models/qwen2vl.cpp","2026-05-25T07:37:00+08:00","af05997","Gean Dhylan E. Mapesos","Update llama.cpp vendor for mtmd"
"android-app","android-app/app/src/main/cpp/llama.cpp/src/models/qwen3.cpp","2026-05-25T07:37:00+08:00","af05997","Gean Dhylan E. Mapesos","Update llama.cpp vendor for mtmd"
"android-app","android-app/app/src/main/cpp/llama.cpp/src/models/qwen35.cpp","2026-05-25T07:37:00+08:00","af05997","Gean Dhylan E. Mapesos","Update llama.cpp vendor for mtmd"
"android-app","android-app/app/src/main/cpp/llama.cpp/src/models/qwen35moe.cpp","2026-05-25T07:37:00+08:00","af05997","Gean Dhylan E. Mapesos","Update llama.cpp vendor for mtmd"
"android-app","android-app/app/src/main/cpp/llama.cpp/src/models/qwen3moe.cpp","2026-05-25T07:37:00+08:00","af05997","Gean Dhylan E. Mapesos","Update llama.cpp vendor for mtmd"
"android-app","android-app/app/src/main/cpp/llama.cpp/src/models/qwen3next.cpp","2026-05-25T07:37:00+08:00","af05997","Gean Dhylan E. Mapesos","Update llama.cpp vendor for mtmd"
"android-app","android-app/app/src/main/cpp/llama.cpp/src/models/qwen3vl.cpp","2026-05-25T07:37:00+08:00","af05997","Gean Dhylan E. Mapesos","Update llama.cpp vendor for mtmd"
"android-app","android-app/app/src/main/cpp/llama.cpp/src/models/qwen3vlmoe.cpp","2026-05-25T07:37:00+08:00","af05997","Gean Dhylan E. Mapesos","Update llama.cpp vendor for mtmd"
"android-app","android-app/app/src/main/cpp/llama.cpp/src/models/refact.cpp","2026-05-25T07:37:00+08:00","af05997","Gean Dhylan E. Mapesos","Update llama.cpp vendor for mtmd"
"android-app","android-app/app/src/main/cpp/llama.cpp/src/models/rnd1.cpp","2026-05-25T07:37:00+08:00","af05997","Gean Dhylan E. Mapesos","Update llama.cpp vendor for mtmd"
"android-app","android-app/app/src/main/cpp/llama.cpp/src/models/rwkv6-base.cpp","2026-05-25T07:37:00+08:00","af05997","Gean Dhylan E. Mapesos","Update llama.cpp vendor for mtmd"
"android-app","android-app/app/src/main/cpp/llama.cpp/src/models/rwkv6.cpp","2026-05-25T07:37:00+08:00","af05997","Gean Dhylan E. Mapesos","Update llama.cpp vendor for mtmd"
"android-app","android-app/app/src/main/cpp/llama.cpp/src/models/rwkv6qwen2.cpp","2026-05-25T07:37:00+08:00","af05997","Gean Dhylan E. Mapesos","Update llama.cpp vendor for mtmd"
"android-app","android-app/app/src/main/cpp/llama.cpp/src/models/rwkv7-base.cpp","2026-05-25T07:37:00+08:00","af05997","Gean Dhylan E. Mapesos","Update llama.cpp vendor for mtmd"
"android-app","android-app/app/src/main/cpp/llama.cpp/src/models/rwkv7.cpp","2026-05-25T07:37:00+08:00","af05997","Gean Dhylan E. Mapesos","Update llama.cpp vendor for mtmd"
"android-app","android-app/app/src/main/cpp/llama.cpp/src/models/seed-oss.cpp","2026-05-25T07:37:00+08:00","af05997","Gean Dhylan E. Mapesos","Update llama.cpp vendor for mtmd"
"android-app","android-app/app/src/main/cpp/llama.cpp/src/models/smallthinker.cpp","2026-05-25T07:37:00+08:00","af05997","Gean Dhylan E. Mapesos","Update llama.cpp vendor for mtmd"
"android-app","android-app/app/src/main/cpp/llama.cpp/src/models/smollm3.cpp","2026-05-25T07:37:00+08:00","af05997","Gean Dhylan E. Mapesos","Update llama.cpp vendor for mtmd"
"android-app","android-app/app/src/main/cpp/llama.cpp/src/models/stablelm.cpp","2026-05-25T07:37:00+08:00","af05997","Gean Dhylan E. Mapesos","Update llama.cpp vendor for mtmd"
"android-app","android-app/app/src/main/cpp/llama.cpp/src/models/starcoder.cpp","2026-05-25T07:37:00+08:00","af05997","Gean Dhylan E. Mapesos","Update llama.cpp vendor for mtmd"
"android-app","android-app/app/src/main/cpp/llama.cpp/src/models/starcoder2.cpp","2026-05-25T07:37:00+08:00","af05997","Gean Dhylan E. Mapesos","Update llama.cpp vendor for mtmd"
"android-app","android-app/app/src/main/cpp/llama.cpp/src/models/step35.cpp","2026-05-25T07:37:00+08:00","af05997","Gean Dhylan E. Mapesos","Update llama.cpp vendor for mtmd"
"android-app","android-app/app/src/main/cpp/llama.cpp/src/models/t5.cpp","2026-05-25T07:37:00+08:00","af05997","Gean Dhylan E. Mapesos","Update llama.cpp vendor for mtmd"
"android-app","android-app/app/src/main/cpp/llama.cpp/src/models/t5encoder.cpp","2026-05-25T07:37:00+08:00","af05997","Gean Dhylan E. Mapesos","Update llama.cpp vendor for mtmd"
"android-app","android-app/app/src/main/cpp/llama.cpp/src/models/wavtokenizer-dec.cpp","2026-05-25T07:37:00+08:00","af05997","Gean Dhylan E. Mapesos","Update llama.cpp vendor for mtmd"
"android-app","android-app/app/src/main/cpp/llama.cpp/src/models/xverse.cpp","2026-05-25T07:37:00+08:00","af05997","Gean Dhylan E. Mapesos","Update llama.cpp vendor for mtmd"
"android-app","android-app/app/src/main/cpp/llama.cpp/src/unicode-data.cpp","2026-05-23T17:43:15+08:00","af33d7f","Gean Dhylan E. Mapesos","Initial commit"
"android-app","android-app/app/src/main/cpp/llama.cpp/src/unicode-data.h","2026-05-23T17:43:15+08:00","af33d7f","Gean Dhylan E. Mapesos","Initial commit"
"android-app","android-app/app/src/main/cpp/llama.cpp/src/unicode.cpp","2026-05-25T07:37:00+08:00","af05997","Gean Dhylan E. Mapesos","Update llama.cpp vendor for mtmd"
"android-app","android-app/app/src/main/cpp/llama.cpp/src/unicode.h","2026-05-25T07:37:00+08:00","af05997","Gean Dhylan E. Mapesos","Update llama.cpp vendor for mtmd"
"android-app","android-app/app/src/main/cpp/llama.cpp/tests/.gitignore","2026-05-23T17:43:15+08:00","af33d7f","Gean Dhylan E. Mapesos","Initial commit"
"android-app","android-app/app/src/main/cpp/llama.cpp/tests/CMakeLists.txt","2026-05-23T17:43:15+08:00","af33d7f","Gean Dhylan E. Mapesos","Initial commit"
"android-app","android-app/app/src/main/cpp/llama.cpp/tests/get-model.cpp","2026-05-23T17:43:15+08:00","af33d7f","Gean Dhylan E. Mapesos","Initial commit"
"android-app","android-app/app/src/main/cpp/llama.cpp/tests/get-model.h","2026-05-23T17:43:15+08:00","af33d7f","Gean Dhylan E. Mapesos","Initial commit"
"android-app","android-app/app/src/main/cpp/llama.cpp/tests/run-json-schema-to-grammar.mjs","2026-05-23T17:43:15+08:00","af33d7f","Gean Dhylan E. Mapesos","Initial commit"
"android-app","android-app/app/src/main/cpp/llama.cpp/tests/test-arg-parser.cpp","2026-05-23T17:43:15+08:00","af33d7f","Gean Dhylan E. Mapesos","Initial commit"
"android-app","android-app/app/src/main/cpp/llama.cpp/tests/test-autorelease.cpp","2026-05-23T17:43:15+08:00","af33d7f","Gean Dhylan E. Mapesos","Initial commit"
"android-app","android-app/app/src/main/cpp/llama.cpp/tests/test-backend-ops.cpp","2026-05-23T17:43:15+08:00","af33d7f","Gean Dhylan E. Mapesos","Initial commit"
"android-app","android-app/app/src/main/cpp/llama.cpp/tests/test-barrier.cpp","2026-05-23T17:43:15+08:00","af33d7f","Gean Dhylan E. Mapesos","Initial commit"
"android-app","android-app/app/src/main/cpp/llama.cpp/tests/test-c.c","2026-05-23T17:43:15+08:00","af33d7f","Gean Dhylan E. Mapesos","Initial commit"
"android-app","android-app/app/src/main/cpp/llama.cpp/tests/test-chat-template.cpp","2026-05-23T17:43:15+08:00","af33d7f","Gean Dhylan E. Mapesos","Initial commit"
"android-app","android-app/app/src/main/cpp/llama.cpp/tests/test-double-float.cpp","2026-05-23T17:43:15+08:00","af33d7f","Gean Dhylan E. Mapesos","Initial commit"
"android-app","android-app/app/src/main/cpp/llama.cpp/tests/test-grammar-integration.cpp","2026-05-23T17:43:15+08:00","af33d7f","Gean Dhylan E. Mapesos","Initial commit"
"android-app","android-app/app/src/main/cpp/llama.cpp/tests/test-grammar-parser.cpp","2026-05-23T17:43:15+08:00","af33d7f","Gean Dhylan E. Mapesos","Initial commit"
"android-app","android-app/app/src/main/cpp/llama.cpp/tests/test-json-schema-to-grammar.cpp","2026-05-23T17:43:15+08:00","af33d7f","Gean Dhylan E. Mapesos","Initial commit"
"android-app","android-app/app/src/main/cpp/llama.cpp/tests/test-llama-grammar.cpp","2026-05-23T17:43:15+08:00","af33d7f","Gean Dhylan E. Mapesos","Initial commit"
"android-app","android-app/app/src/main/cpp/llama.cpp/tests/test-log.cpp","2026-05-23T17:43:15+08:00","af33d7f","Gean Dhylan E. Mapesos","Initial commit"
"android-app","android-app/app/src/main/cpp/llama.cpp/tests/test-lora-conversion-inference.sh","2026-05-23T17:43:15+08:00","af33d7f","Gean Dhylan E. Mapesos","Initial commit"
"android-app","android-app/app/src/main/cpp/llama.cpp/tests/test-model-load-cancel.cpp","2026-05-23T17:43:15+08:00","af33d7f","Gean Dhylan E. Mapesos","Initial commit"
"android-app","android-app/app/src/main/cpp/llama.cpp/tests/test-opt.cpp","2026-05-23T17:43:15+08:00","af33d7f","Gean Dhylan E. Mapesos","Initial commit"
"android-app","android-app/app/src/main/cpp/llama.cpp/tests/test-quantize-fns.cpp","2026-05-23T17:43:15+08:00","af33d7f","Gean Dhylan E. Mapesos","Initial commit"
"android-app","android-app/app/src/main/cpp/llama.cpp/tests/test-quantize-perf.cpp","2026-05-23T17:43:15+08:00","af33d7f","Gean Dhylan E. Mapesos","Initial commit"
"android-app","android-app/app/src/main/cpp/llama.cpp/tests/test-rope.cpp","2026-05-23T17:43:15+08:00","af33d7f","Gean Dhylan E. Mapesos","Initial commit"
"android-app","android-app/app/src/main/cpp/llama.cpp/tests/test-sampling.cpp","2026-05-23T17:43:15+08:00","af33d7f","Gean Dhylan E. Mapesos","Initial commit"
"android-app","android-app/app/src/main/cpp/llama.cpp/tests/test-tokenizer-0.cpp","2026-05-23T17:43:15+08:00","af33d7f","Gean Dhylan E. Mapesos","Initial commit"
"android-app","android-app/app/src/main/cpp/llama.cpp/tests/test-tokenizer-0.py","2026-05-23T17:43:15+08:00","af33d7f","Gean Dhylan E. Mapesos","Initial commit"
"android-app","android-app/app/src/main/cpp/llama.cpp/tests/test-tokenizer-0.sh","2026-05-23T17:43:15+08:00","af33d7f","Gean Dhylan E. Mapesos","Initial commit"
"android-app","android-app/app/src/main/cpp/llama.cpp/tests/test-tokenizer-1-bpe.cpp","2026-05-23T17:43:15+08:00","af33d7f","Gean Dhylan E. Mapesos","Initial commit"
"android-app","android-app/app/src/main/cpp/llama.cpp/tests/test-tokenizer-1-spm.cpp","2026-05-23T17:43:15+08:00","af33d7f","Gean Dhylan E. Mapesos","Initial commit"
"android-app","android-app/app/src/main/cpp/llama.cpp/tests/test-tokenizer-random.py","2026-05-23T17:43:15+08:00","af33d7f","Gean Dhylan E. Mapesos","Initial commit"
"android-app","android-app/app/src/main/cpp/llama.cpp/tools/mtmd/CMakeLists.txt","2026-05-25T07:37:00+08:00","af05997","Gean Dhylan E. Mapesos","Update llama.cpp vendor for mtmd"
"android-app","android-app/app/src/main/cpp/llama.cpp/tools/mtmd/README.md","2026-05-25T07:37:00+08:00","af05997","Gean Dhylan E. Mapesos","Update llama.cpp vendor for mtmd"
"android-app","android-app/app/src/main/cpp/llama.cpp/tools/mtmd/clip-graph.h","2026-05-25T07:37:00+08:00","af05997","Gean Dhylan E. Mapesos","Update llama.cpp vendor for mtmd"
"android-app","android-app/app/src/main/cpp/llama.cpp/tools/mtmd/clip-impl.h","2026-05-25T07:37:00+08:00","af05997","Gean Dhylan E. Mapesos","Update llama.cpp vendor for mtmd"
"android-app","android-app/app/src/main/cpp/llama.cpp/tools/mtmd/clip-model.h","2026-05-25T07:37:00+08:00","af05997","Gean Dhylan E. Mapesos","Update llama.cpp vendor for mtmd"
"android-app","android-app/app/src/main/cpp/llama.cpp/tools/mtmd/clip.cpp","2026-05-25T07:37:00+08:00","af05997","Gean Dhylan E. Mapesos","Update llama.cpp vendor for mtmd"
"android-app","android-app/app/src/main/cpp/llama.cpp/tools/mtmd/clip.h","2026-05-25T07:37:00+08:00","af05997","Gean Dhylan E. Mapesos","Update llama.cpp vendor for mtmd"
"android-app","android-app/app/src/main/cpp/llama.cpp/tools/mtmd/debug/mtmd-debug.cpp","2026-05-25T07:38:54+08:00","d0f85c9","Gean Dhylan E. Mapesos","Clean llama.cpp vendor whitespace"
"android-app","android-app/app/src/main/cpp/llama.cpp/tools/mtmd/debug/mtmd-debug.h","2026-05-25T07:37:00+08:00","af05997","Gean Dhylan E. Mapesos","Update llama.cpp vendor for mtmd"
"android-app","android-app/app/src/main/cpp/llama.cpp/tools/mtmd/debug/mtmd-debug.md","2026-05-25T07:37:00+08:00","af05997","Gean Dhylan E. Mapesos","Update llama.cpp vendor for mtmd"
"android-app","android-app/app/src/main/cpp/llama.cpp/tools/mtmd/deprecation-warning.cpp","2026-05-25T07:37:00+08:00","af05997","Gean Dhylan E. Mapesos","Update llama.cpp vendor for mtmd"
"android-app","android-app/app/src/main/cpp/llama.cpp/tools/mtmd/legacy-models/convert_image_encoder_to_gguf.py","2026-05-25T07:37:00+08:00","af05997","Gean Dhylan E. Mapesos","Update llama.cpp vendor for mtmd"
"android-app","android-app/app/src/main/cpp/llama.cpp/tools/mtmd/legacy-models/glmedge-convert-image-encoder-to-gguf.py","2026-05-25T07:37:00+08:00","af05997","Gean Dhylan E. Mapesos","Update llama.cpp vendor for mtmd"
"android-app","android-app/app/src/main/cpp/llama.cpp/tools/mtmd/legacy-models/glmedge-surgery.py","2026-05-25T07:37:00+08:00","af05997","Gean Dhylan E. Mapesos","Update llama.cpp vendor for mtmd"
"android-app","android-app/app/src/main/cpp/llama.cpp/tools/mtmd/legacy-models/llava_surgery.py","2026-05-25T07:37:00+08:00","af05997","Gean Dhylan E. Mapesos","Update llama.cpp vendor for mtmd"
"android-app","android-app/app/src/main/cpp/llama.cpp/tools/mtmd/legacy-models/llava_surgery_v2.py","2026-05-25T07:37:00+08:00","af05997","Gean Dhylan E. Mapesos","Update llama.cpp vendor for mtmd"
"android-app","android-app/app/src/main/cpp/llama.cpp/tools/mtmd/legacy-models/minicpmv-convert-image-encoder-to-gguf.py","2026-05-25T07:37:00+08:00","af05997","Gean Dhylan E. Mapesos","Update llama.cpp vendor for mtmd"
"android-app","android-app/app/src/main/cpp/llama.cpp/tools/mtmd/legacy-models/minicpmv-surgery.py","2026-05-25T07:37:00+08:00","af05997","Gean Dhylan E. Mapesos","Update llama.cpp vendor for mtmd"
"android-app","android-app/app/src/main/cpp/llama.cpp/tools/mtmd/models/cogvlm.cpp","2026-05-25T07:37:00+08:00","af05997","Gean Dhylan E. Mapesos","Update llama.cpp vendor for mtmd"
"android-app","android-app/app/src/main/cpp/llama.cpp/tools/mtmd/models/conformer.cpp","2026-05-25T07:37:00+08:00","af05997","Gean Dhylan E. Mapesos","Update llama.cpp vendor for mtmd"
"android-app","android-app/app/src/main/cpp/llama.cpp/tools/mtmd/models/deepseekocr.cpp","2026-05-25T07:37:00+08:00","af05997","Gean Dhylan E. Mapesos","Update llama.cpp vendor for mtmd"
"android-app","android-app/app/src/main/cpp/llama.cpp/tools/mtmd/models/dotsocr.cpp","2026-05-25T07:37:00+08:00","af05997","Gean Dhylan E. Mapesos","Update llama.cpp vendor for mtmd"
"android-app","android-app/app/src/main/cpp/llama.cpp/tools/mtmd/models/gemma4a.cpp","2026-05-25T07:37:00+08:00","af05997","Gean Dhylan E. Mapesos","Update llama.cpp vendor for mtmd"
"android-app","android-app/app/src/main/cpp/llama.cpp/tools/mtmd/models/gemma4v.cpp","2026-05-25T07:37:00+08:00","af05997","Gean Dhylan E. Mapesos","Update llama.cpp vendor for mtmd"
"android-app","android-app/app/src/main/cpp/llama.cpp/tools/mtmd/models/glm4v.cpp","2026-05-25T07:37:00+08:00","af05997","Gean Dhylan E. Mapesos","Update llama.cpp vendor for mtmd"
"android-app","android-app/app/src/main/cpp/llama.cpp/tools/mtmd/models/granite-speech.cpp","2026-05-25T07:37:00+08:00","af05997","Gean Dhylan E. Mapesos","Update llama.cpp vendor for mtmd"
"android-app","android-app/app/src/main/cpp/llama.cpp/tools/mtmd/models/hunyuanvl.cpp","2026-05-25T07:37:00+08:00","af05997","Gean Dhylan E. Mapesos","Update llama.cpp vendor for mtmd"
"android-app","android-app/app/src/main/cpp/llama.cpp/tools/mtmd/models/internvl.cpp","2026-05-25T07:37:00+08:00","af05997","Gean Dhylan E. Mapesos","Update llama.cpp vendor for mtmd"
"android-app","android-app/app/src/main/cpp/llama.cpp/tools/mtmd/models/kimik25.cpp","2026-05-25T07:37:00+08:00","af05997","Gean Dhylan E. Mapesos","Update llama.cpp vendor for mtmd"
"android-app","android-app/app/src/main/cpp/llama.cpp/tools/mtmd/models/kimivl.cpp","2026-05-25T07:37:00+08:00","af05997","Gean Dhylan E. Mapesos","Update llama.cpp vendor for mtmd"
"android-app","android-app/app/src/main/cpp/llama.cpp/tools/mtmd/models/llama4.cpp","2026-05-25T07:37:00+08:00","af05997","Gean Dhylan E. Mapesos","Update llama.cpp vendor for mtmd"
"android-app","android-app/app/src/main/cpp/llama.cpp/tools/mtmd/models/llava.cpp","2026-05-25T07:37:00+08:00","af05997","Gean Dhylan E. Mapesos","Update llama.cpp vendor for mtmd"
"android-app","android-app/app/src/main/cpp/llama.cpp/tools/mtmd/models/mimovl.cpp","2026-05-25T07:37:00+08:00","af05997","Gean Dhylan E. Mapesos","Update llama.cpp vendor for mtmd"
"android-app","android-app/app/src/main/cpp/llama.cpp/tools/mtmd/models/minicpmv.cpp","2026-05-25T07:37:00+08:00","af05997","Gean Dhylan E. Mapesos","Update llama.cpp vendor for mtmd"
"android-app","android-app/app/src/main/cpp/llama.cpp/tools/mtmd/models/mobilenetv5.cpp","2026-05-25T07:37:00+08:00","af05997","Gean Dhylan E. Mapesos","Update llama.cpp vendor for mtmd"
"android-app","android-app/app/src/main/cpp/llama.cpp/tools/mtmd/models/models.h","2026-05-25T07:37:00+08:00","af05997","Gean Dhylan E. Mapesos","Update llama.cpp vendor for mtmd"
"android-app","android-app/app/src/main/cpp/llama.cpp/tools/mtmd/models/nemotron-v2-vl.cpp","2026-05-25T07:37:00+08:00","af05997","Gean Dhylan E. Mapesos","Update llama.cpp vendor for mtmd"
"android-app","android-app/app/src/main/cpp/llama.cpp/tools/mtmd/models/paddleocr.cpp","2026-05-25T07:37:00+08:00","af05997","Gean Dhylan E. Mapesos","Update llama.cpp vendor for mtmd"
"android-app","android-app/app/src/main/cpp/llama.cpp/tools/mtmd/models/pixtral.cpp","2026-05-25T07:37:00+08:00","af05997","Gean Dhylan E. Mapesos","Update llama.cpp vendor for mtmd"
"android-app","android-app/app/src/main/cpp/llama.cpp/tools/mtmd/models/qwen2vl.cpp","2026-05-25T07:37:00+08:00","af05997","Gean Dhylan E. Mapesos","Update llama.cpp vendor for mtmd"
"android-app","android-app/app/src/main/cpp/llama.cpp/tools/mtmd/models/qwen3a.cpp","2026-05-25T07:37:00+08:00","af05997","Gean Dhylan E. Mapesos","Update llama.cpp vendor for mtmd"
"android-app","android-app/app/src/main/cpp/llama.cpp/tools/mtmd/models/qwen3vl.cpp","2026-05-25T07:37:00+08:00","af05997","Gean Dhylan E. Mapesos","Update llama.cpp vendor for mtmd"
"android-app","android-app/app/src/main/cpp/llama.cpp/tools/mtmd/models/siglip.cpp","2026-05-25T07:37:00+08:00","af05997","Gean Dhylan E. Mapesos","Update llama.cpp vendor for mtmd"
"android-app","android-app/app/src/main/cpp/llama.cpp/tools/mtmd/models/step3vl.cpp","2026-05-25T07:37:00+08:00","af05997","Gean Dhylan E. Mapesos","Update llama.cpp vendor for mtmd"
"android-app","android-app/app/src/main/cpp/llama.cpp/tools/mtmd/models/whisper-enc.cpp","2026-05-25T07:37:00+08:00","af05997","Gean Dhylan E. Mapesos","Update llama.cpp vendor for mtmd"
"android-app","android-app/app/src/main/cpp/llama.cpp/tools/mtmd/models/yasa2.cpp","2026-05-25T07:37:00+08:00","af05997","Gean Dhylan E. Mapesos","Update llama.cpp vendor for mtmd"
"android-app","android-app/app/src/main/cpp/llama.cpp/tools/mtmd/models/youtuvl.cpp","2026-05-25T07:37:00+08:00","af05997","Gean Dhylan E. Mapesos","Update llama.cpp vendor for mtmd"
"android-app","android-app/app/src/main/cpp/llama.cpp/tools/mtmd/mtmd-audio.cpp","2026-05-25T07:37:00+08:00","af05997","Gean Dhylan E. Mapesos","Update llama.cpp vendor for mtmd"
"android-app","android-app/app/src/main/cpp/llama.cpp/tools/mtmd/mtmd-audio.h","2026-05-25T07:37:00+08:00","af05997","Gean Dhylan E. Mapesos","Update llama.cpp vendor for mtmd"
"android-app","android-app/app/src/main/cpp/llama.cpp/tools/mtmd/mtmd-cli.cpp","2026-05-25T07:37:00+08:00","af05997","Gean Dhylan E. Mapesos","Update llama.cpp vendor for mtmd"
"android-app","android-app/app/src/main/cpp/llama.cpp/tools/mtmd/mtmd-helper.cpp","2026-05-25T07:37:00+08:00","af05997","Gean Dhylan E. Mapesos","Update llama.cpp vendor for mtmd"
"android-app","android-app/app/src/main/cpp/llama.cpp/tools/mtmd/mtmd-helper.h","2026-05-25T07:37:00+08:00","af05997","Gean Dhylan E. Mapesos","Update llama.cpp vendor for mtmd"
"android-app","android-app/app/src/main/cpp/llama.cpp/tools/mtmd/mtmd-image.cpp","2026-05-25T07:37:00+08:00","af05997","Gean Dhylan E. Mapesos","Update llama.cpp vendor for mtmd"
"android-app","android-app/app/src/main/cpp/llama.cpp/tools/mtmd/mtmd-image.h","2026-05-25T07:37:00+08:00","af05997","Gean Dhylan E. Mapesos","Update llama.cpp vendor for mtmd"
"android-app","android-app/app/src/main/cpp/llama.cpp/tools/mtmd/mtmd.cpp","2026-05-25T07:37:00+08:00","af05997","Gean Dhylan E. Mapesos","Update llama.cpp vendor for mtmd"
"android-app","android-app/app/src/main/cpp/llama.cpp/tools/mtmd/mtmd.h","2026-05-25T07:37:00+08:00","af05997","Gean Dhylan E. Mapesos","Update llama.cpp vendor for mtmd"
"android-app","android-app/app/src/main/cpp/llama.cpp/tools/mtmd/requirements.txt","2026-05-25T07:37:00+08:00","af05997","Gean Dhylan E. Mapesos","Update llama.cpp vendor for mtmd"
"android-app","android-app/app/src/main/cpp/llama.cpp/tools/mtmd/test-1.jpeg","2026-05-25T07:37:00+08:00","af05997","Gean Dhylan E. Mapesos","Update llama.cpp vendor for mtmd"
"android-app","android-app/app/src/main/cpp/llama.cpp/tools/mtmd/test-2.mp3","2026-05-25T07:37:00+08:00","af05997","Gean Dhylan E. Mapesos","Update llama.cpp vendor for mtmd"
"android-app","android-app/app/src/main/cpp/llama.cpp/tools/mtmd/tests.sh","2026-05-25T07:37:00+08:00","af05997","Gean Dhylan E. Mapesos","Update llama.cpp vendor for mtmd"
"android-app","android-app/app/src/main/cpp/llama.cpp/tools/mtmd/tests/test-1-ground-truth.txt","2026-05-25T07:37:00+08:00","af05997","Gean Dhylan E. Mapesos","Update llama.cpp vendor for mtmd"
"android-app","android-app/app/src/main/cpp/llama.cpp/tools/mtmd/tests/test-deepseek-ocr.py","2026-05-25T07:37:00+08:00","af05997","Gean Dhylan E. Mapesos","Update llama.cpp vendor for mtmd"
"android-app","android-app/app/src/main/cpp/llama.cpp/tools/mtmd/tests/tests-requirements.txt","2026-05-25T07:37:00+08:00","af05997","Gean Dhylan E. Mapesos","Update llama.cpp vendor for mtmd"
"android-app","android-app/app/src/main/cpp/llama.cpp/vendor/cpp-httplib/CMakeLists.txt","2026-05-25T07:37:00+08:00","af05997","Gean Dhylan E. Mapesos","Update llama.cpp vendor for mtmd"
"android-app","android-app/app/src/main/cpp/llama.cpp/vendor/cpp-httplib/LICENSE","2026-05-25T07:38:54+08:00","d0f85c9","Gean Dhylan E. Mapesos","Clean llama.cpp vendor whitespace"
"android-app","android-app/app/src/main/cpp/llama.cpp/vendor/cpp-httplib/httplib.cpp","2026-05-25T07:37:00+08:00","af05997","Gean Dhylan E. Mapesos","Update llama.cpp vendor for mtmd"
"android-app","android-app/app/src/main/cpp/llama.cpp/vendor/cpp-httplib/httplib.h","2026-05-25T07:37:00+08:00","af05997","Gean Dhylan E. Mapesos","Update llama.cpp vendor for mtmd"
"android-app","android-app/app/src/main/cpp/llama.cpp/vendor/miniaudio/miniaudio.h","2026-05-25T07:38:54+08:00","d0f85c9","Gean Dhylan E. Mapesos","Clean llama.cpp vendor whitespace"
"android-app","android-app/app/src/main/cpp/llama.cpp/vendor/nlohmann/json.hpp","2026-05-25T07:37:00+08:00","af05997","Gean Dhylan E. Mapesos","Update llama.cpp vendor for mtmd"
"android-app","android-app/app/src/main/cpp/llama.cpp/vendor/nlohmann/json_fwd.hpp","2026-05-25T07:37:00+08:00","af05997","Gean Dhylan E. Mapesos","Update llama.cpp vendor for mtmd"
"android-app","android-app/app/src/main/cpp/llama.cpp/vendor/sheredom/subprocess.h","2026-05-25T07:37:00+08:00","af05997","Gean Dhylan E. Mapesos","Update llama.cpp vendor for mtmd"
"android-app","android-app/app/src/main/cpp/llama.cpp/vendor/stb/stb_image.h","2026-05-25T07:37:00+08:00","af05997","Gean Dhylan E. Mapesos","Update llama.cpp vendor for mtmd"
"android-app","android-app/app/src/main/cpp/redu_llama_jni.cpp","2026-06-13T03:09:16+08:00","65d8ba9","Gean Dhylan E. Mapesos","Finalize defense-ready thesis package"
"android-app","android-app/app/src/main/java/edu/feutech/redu/MainActivity.kt","2026-06-13T03:09:16+08:00","65d8ba9","Gean Dhylan E. Mapesos","Finalize defense-ready thesis package"
"android-app","android-app/app/src/main/java/edu/feutech/redu/ReduApp.kt","2026-05-23T17:43:15+08:00","af33d7f","Gean Dhylan E. Mapesos","Initial commit"
"android-app","android-app/app/src/main/java/edu/feutech/redu/capture/CommentSheetSurfaceResolver.kt","2026-06-09T23:01:50+08:00","9a31934","Gean Dhylan E. Mapesos","Update REDU thesis and analysis export workflow"
"android-app","android-app/app/src/main/java/edu/feutech/redu/capture/DebugOverlayBridge.kt","2026-05-23T17:43:15+08:00","af33d7f","Gean Dhylan E. Mapesos","Initial commit"
"android-app","android-app/app/src/main/java/edu/feutech/redu/capture/FacebookAdapter.kt","2026-06-09T23:01:50+08:00","9a31934","Gean Dhylan E. Mapesos","Update REDU thesis and analysis export workflow"
"android-app","android-app/app/src/main/java/edu/feutech/redu/capture/FacebookCaptionRules.kt","2026-06-09T23:01:50+08:00","9a31934","Gean Dhylan E. Mapesos","Update REDU thesis and analysis export workflow"
"android-app","android-app/app/src/main/java/edu/feutech/redu/capture/InstagramAdapter.kt","2026-05-23T17:43:15+08:00","af33d7f","Gean Dhylan E. Mapesos","Initial commit"
"android-app","android-app/app/src/main/java/edu/feutech/redu/capture/InstagramCaptionRules.kt","2026-05-23T17:43:15+08:00","af33d7f","Gean Dhylan E. Mapesos","Initial commit"
"android-app","android-app/app/src/main/java/edu/feutech/redu/capture/PlatformAdapterRegistry.kt","2026-05-23T17:43:15+08:00","af33d7f","Gean Dhylan E. Mapesos","Initial commit"
"android-app","android-app/app/src/main/java/edu/feutech/redu/capture/PlatformTextExtraction.kt","2026-05-23T17:43:15+08:00","af33d7f","Gean Dhylan E. Mapesos","Initial commit"
"android-app","android-app/app/src/main/java/edu/feutech/redu/capture/ReduAccessibilityService.kt","2026-06-13T03:09:16+08:00","65d8ba9","Gean Dhylan E. Mapesos","Finalize defense-ready thesis package"
"android-app","android-app/app/src/main/java/edu/feutech/redu/capture/SessionTracker.kt","2026-06-09T23:01:50+08:00","9a31934","Gean Dhylan E. Mapesos","Update REDU thesis and analysis export workflow"
"android-app","android-app/app/src/main/java/edu/feutech/redu/capture/TikTokAdapter.kt","2026-06-09T23:01:50+08:00","9a31934","Gean Dhylan E. Mapesos","Update REDU thesis and analysis export workflow"
"android-app","android-app/app/src/main/java/edu/feutech/redu/capture/TikTokCaptionRules.kt","2026-06-09T23:01:50+08:00","9a31934","Gean Dhylan E. Mapesos","Update REDU thesis and analysis export workflow"
"android-app","android-app/app/src/main/java/edu/feutech/redu/data/Converters.kt","2026-06-13T03:09:16+08:00","65d8ba9","Gean Dhylan E. Mapesos","Finalize defense-ready thesis package"
"android-app","android-app/app/src/main/java/edu/feutech/redu/data/Daos.kt","2026-06-09T23:01:50+08:00","9a31934","Gean Dhylan E. Mapesos","Update REDU thesis and analysis export workflow"
"android-app","android-app/app/src/main/java/edu/feutech/redu/data/Entities.kt","2026-06-13T03:09:16+08:00","65d8ba9","Gean Dhylan E. Mapesos","Finalize defense-ready thesis package"
"android-app","android-app/app/src/main/java/edu/feutech/redu/data/ReduDatabase.kt","2026-06-13T03:09:16+08:00","65d8ba9","Gean Dhylan E. Mapesos","Finalize defense-ready thesis package"
"android-app","android-app/app/src/main/java/edu/feutech/redu/export/CsvExporter.kt","2026-06-13T03:09:16+08:00","65d8ba9","Gean Dhylan E. Mapesos","Finalize defense-ready thesis package"
"android-app","android-app/app/src/main/java/edu/feutech/redu/prompt/BreathingCircleView.kt","2026-06-13T03:09:16+08:00","65d8ba9","Gean Dhylan E. Mapesos","Finalize defense-ready thesis package"
"android-app","android-app/app/src/main/java/edu/feutech/redu/prompt/PromptPolicy.kt","2026-06-13T03:09:16+08:00","65d8ba9","Gean Dhylan E. Mapesos","Finalize defense-ready thesis package"
"android-app","android-app/app/src/main/java/edu/feutech/redu/prompt/PromptPresenter.kt","2026-06-13T03:09:16+08:00","65d8ba9","Gean Dhylan E. Mapesos","Finalize defense-ready thesis package"
"android-app","android-app/app/src/main/java/edu/feutech/redu/risk/FuzzyRiskEngine.kt","2026-05-24T09:41:38+08:00","0a2b629","Gean Dhylan E. Mapesos","chore(android): remove unused risk helpers"
"android-app","android-app/app/src/main/java/edu/feutech/redu/risk/RiskPersonalization.kt","2026-06-13T03:09:16+08:00","65d8ba9","Gean Dhylan E. Mapesos","Finalize defense-ready thesis package"
"android-app","android-app/app/src/main/java/edu/feutech/redu/sentiment/MvlLexicon.kt","2026-05-23T17:43:15+08:00","af33d7f","Gean Dhylan E. Mapesos","Initial commit"
"android-app","android-app/app/src/main/java/edu/feutech/redu/sentiment/NativeVisualSentimentResolver.kt","2026-06-13T03:09:16+08:00","65d8ba9","Gean Dhylan E. Mapesos","Finalize defense-ready thesis package"
"android-app","android-app/app/src/main/java/edu/feutech/redu/sentiment/OovCalculator.kt","2026-05-23T17:43:15+08:00","af33d7f","Gean Dhylan E. Mapesos","Initial commit"
"android-app","android-app/app/src/main/java/edu/feutech/redu/sentiment/SentimentAnalyzer.kt","2026-06-09T23:01:50+08:00","9a31934","Gean Dhylan E. Mapesos","Update REDU thesis and analysis export workflow"
"android-app","android-app/app/src/main/java/edu/feutech/redu/sentiment/VisualSentimentResolver.kt","2026-06-13T03:09:16+08:00","65d8ba9","Gean Dhylan E. Mapesos","Finalize defense-ready thesis package"
"android-app","android-app/app/src/main/java/edu/feutech/redu/ui/ReduAppScreen.kt","2026-06-13T03:09:16+08:00","65d8ba9","Gean Dhylan E. Mapesos","Finalize defense-ready thesis package"
"android-app","android-app/app/src/main/java/edu/feutech/redu/ui/SessionUiModels.kt","2026-05-23T17:43:15+08:00","af33d7f","Gean Dhylan E. Mapesos","Initial commit"
"android-app","android-app/app/src/main/java/edu/feutech/redu/vlm/ModelDownloadManager.kt","2026-06-13T03:09:16+08:00","65d8ba9","Gean Dhylan E. Mapesos","Finalize defense-ready thesis package"
"android-app","android-app/app/src/main/java/edu/feutech/redu/vlm/MoondreamLlamaNative.kt","2026-05-23T21:48:33+08:00","00f48bf","Gean Dhylan E. Mapesos","Add VLM inference cancellation"
"android-app","android-app/app/src/main/res/drawable/ic_launcher_background.xml","2026-05-23T17:43:15+08:00","af33d7f","Gean Dhylan E. Mapesos","Initial commit"
"android-app","android-app/app/src/main/res/drawable/ic_launcher_foreground.xml","2026-05-23T17:43:15+08:00","af33d7f","Gean Dhylan E. Mapesos","Initial commit"
"android-app","android-app/app/src/main/res/values/strings.xml","2026-05-23T17:43:15+08:00","af33d7f","Gean Dhylan E. Mapesos","Initial commit"
"android-app","android-app/app/src/main/res/values/styles.xml","2026-05-23T17:43:15+08:00","af33d7f","Gean Dhylan E. Mapesos","Initial commit"
"android-app","android-app/app/src/main/res/xml/backup_rules.xml","2026-05-23T17:43:15+08:00","af33d7f","Gean Dhylan E. Mapesos","Initial commit"
"android-app","android-app/app/src/main/res/xml/data_extraction_rules.xml","2026-05-23T17:43:15+08:00","af33d7f","Gean Dhylan E. Mapesos","Initial commit"
"android-app","android-app/app/src/main/res/xml/file_paths.xml","2026-05-23T17:43:15+08:00","af33d7f","Gean Dhylan E. Mapesos","Initial commit"
"android-app","android-app/app/src/main/res/xml/redu_accessibility_service.xml","2026-06-13T03:09:16+08:00","65d8ba9","Gean Dhylan E. Mapesos","Finalize defense-ready thesis package"
"android-app","android-app/app/src/release/java/edu/feutech/redu/debug/DebugOverlayController.kt","2026-05-23T17:43:15+08:00","af33d7f","Gean Dhylan E. Mapesos","Initial commit"
"android-app","android-app/app/src/test/java/edu/feutech/redu/capture/CommentSheetSurfaceResolverTest.kt","2026-06-09T23:01:50+08:00","9a31934","Gean Dhylan E. Mapesos","Update REDU thesis and analysis export workflow"
"android-app","android-app/app/src/test/java/edu/feutech/redu/capture/FacebookAdapterTest.kt","2026-05-23T17:43:15+08:00","af33d7f","Gean Dhylan E. Mapesos","Initial commit"
"android-app","android-app/app/src/test/java/edu/feutech/redu/capture/FacebookCaptionRulesTest.kt","2026-06-09T23:01:50+08:00","9a31934","Gean Dhylan E. Mapesos","Update REDU thesis and analysis export workflow"
"android-app","android-app/app/src/test/java/edu/feutech/redu/capture/InstagramAdapterTest.kt","2026-05-23T17:43:15+08:00","af33d7f","Gean Dhylan E. Mapesos","Initial commit"
"android-app","android-app/app/src/test/java/edu/feutech/redu/capture/InstagramCaptionRulesTest.kt","2026-05-23T17:43:15+08:00","af33d7f","Gean Dhylan E. Mapesos","Initial commit"
"android-app","android-app/app/src/test/java/edu/feutech/redu/capture/PlatformAdapterRegistryTest.kt","2026-05-23T17:43:15+08:00","af33d7f","Gean Dhylan E. Mapesos","Initial commit"
"android-app","android-app/app/src/test/java/edu/feutech/redu/capture/SessionTrackerTest.kt","2026-06-09T23:01:50+08:00","9a31934","Gean Dhylan E. Mapesos","Update REDU thesis and analysis export workflow"
"android-app","android-app/app/src/test/java/edu/feutech/redu/capture/TikTokAdapterTest.kt","2026-05-23T17:43:15+08:00","af33d7f","Gean Dhylan E. Mapesos","Initial commit"
"android-app","android-app/app/src/test/java/edu/feutech/redu/capture/TikTokCaptionRulesTest.kt","2026-06-09T23:01:50+08:00","9a31934","Gean Dhylan E. Mapesos","Update REDU thesis and analysis export workflow"
"android-app","android-app/app/src/test/java/edu/feutech/redu/data/AppSettingsEntityTest.kt","2026-05-26T01:22:12+08:00","3cb2848","Gean Dhylan E. Mapesos","Add platform tracking settings"
"android-app","android-app/app/src/test/java/edu/feutech/redu/debug/DebugAccessibilityTreeSerializerTest.kt","2026-05-23T17:43:15+08:00","af33d7f","Gean Dhylan E. Mapesos","Initial commit"
"android-app","android-app/app/src/test/java/edu/feutech/redu/debug/DebugCaptureFilesTest.kt","2026-05-23T17:43:15+08:00","af33d7f","Gean Dhylan E. Mapesos","Initial commit"
"android-app","android-app/app/src/test/java/edu/feutech/redu/debug/DebugOverlayStateTest.kt","2026-05-23T17:43:15+08:00","af33d7f","Gean Dhylan E. Mapesos","Initial commit"
"android-app","android-app/app/src/test/java/edu/feutech/redu/debug/FloatingOverlayPositioningTest.kt","2026-05-23T17:43:15+08:00","af33d7f","Gean Dhylan E. Mapesos","Initial commit"
"android-app","android-app/app/src/test/java/edu/feutech/redu/export/CsvExporterTest.kt","2026-06-13T03:09:16+08:00","65d8ba9","Gean Dhylan E. Mapesos","Finalize defense-ready thesis package"
"android-app","android-app/app/src/test/java/edu/feutech/redu/prompt/PromptPolicyTest.kt","2026-06-13T03:09:16+08:00","65d8ba9","Gean Dhylan E. Mapesos","Finalize defense-ready thesis package"
"android-app","android-app/app/src/test/java/edu/feutech/redu/risk/FuzzyRiskEngineTest.kt","2026-05-23T17:43:15+08:00","af33d7f","Gean Dhylan E. Mapesos","Initial commit"
"android-app","android-app/app/src/test/java/edu/feutech/redu/risk/RiskPersonalizationTest.kt","2026-06-13T03:09:16+08:00","65d8ba9","Gean Dhylan E. Mapesos","Finalize defense-ready thesis package"
"android-app","android-app/app/src/test/java/edu/feutech/redu/sentiment/DebugTokenBreakdownTest.kt","2026-05-23T17:43:15+08:00","af33d7f","Gean Dhylan E. Mapesos","Initial commit"
"android-app","android-app/app/src/test/java/edu/feutech/redu/sentiment/NativeVisualSentimentResolverTest.kt","2026-06-09T23:01:50+08:00","9a31934","Gean Dhylan E. Mapesos","Update REDU thesis and analysis export workflow"
"android-app","android-app/app/src/test/java/edu/feutech/redu/sentiment/SentimentAnalyzerTest.kt","2026-06-09T23:01:50+08:00","9a31934","Gean Dhylan E. Mapesos","Update REDU thesis and analysis export workflow"
"android-app","android-app/app/src/test/java/edu/feutech/redu/ui/ReduAppScreenTest.kt","2026-06-13T03:09:16+08:00","65d8ba9","Gean Dhylan E. Mapesos","Finalize defense-ready thesis package"
"android-app","android-app/app/src/test/java/edu/feutech/redu/ui/SessionUiModelsTest.kt","2026-06-13T03:09:16+08:00","65d8ba9","Gean Dhylan E. Mapesos","Finalize defense-ready thesis package"
"android-app","android-app/app/src/test/java/edu/feutech/redu/vlm/ModelFileValidationTest.kt","2026-05-23T17:43:15+08:00","af33d7f","Gean Dhylan E. Mapesos","Initial commit"
"android-app","android-app/build.gradle.kts","2026-05-23T17:43:15+08:00","af33d7f","Gean Dhylan E. Mapesos","Initial commit"
"android-app","android-app/codebase.txt","2026-05-23T17:43:15+08:00","af33d7f","Gean Dhylan E. Mapesos","Initial commit"
"android-app","android-app/gradle.properties","2026-05-23T17:43:15+08:00","af33d7f","Gean Dhylan E. Mapesos","Initial commit"
"android-app","android-app/gradle/wrapper/gradle-wrapper.jar","2026-05-23T17:43:15+08:00","af33d7f","Gean Dhylan E. Mapesos","Initial commit"
"android-app","android-app/gradle/wrapper/gradle-wrapper.properties","2026-05-23T17:43:15+08:00","af33d7f","Gean Dhylan E. Mapesos","Initial commit"
"android-app","android-app/gradlew","2026-05-23T17:43:15+08:00","af33d7f","Gean Dhylan E. Mapesos","Initial commit"
"android-app","android-app/gradlew.bat","2026-05-23T17:43:15+08:00","af33d7f","Gean Dhylan E. Mapesos","Initial commit"
"android-app","android-app/models/README.md","2026-05-23T17:43:15+08:00","af33d7f","Gean Dhylan E. Mapesos","Initial commit"
"android-app","android-app/settings.gradle.kts","2026-05-23T17:43:15+08:00","af33d7f","Gean Dhylan E. Mapesos","Initial commit"
"chapters","chapters/01_title_page.typ","2026-06-13T03:09:16+08:00","65d8ba9","Gean Dhylan E. Mapesos","Finalize defense-ready thesis package"
"chapters","chapters/02_copyright.typ","2026-05-23T17:43:15+08:00","af33d7f","Gean Dhylan E. Mapesos","Initial commit"
"chapters","chapters/03_approval.typ","2026-06-13T03:09:16+08:00","65d8ba9","Gean Dhylan E. Mapesos","Finalize defense-ready thesis package"
"chapters","chapters/04_acknowledgment.typ","2026-05-23T17:43:15+08:00","af33d7f","Gean Dhylan E. Mapesos","Initial commit"
"chapters","chapters/04a_abbreviations.typ","2026-06-13T03:09:16+08:00","65d8ba9","Gean Dhylan E. Mapesos","Finalize defense-ready thesis package"
"chapters","chapters/04b_abstract.typ","2026-06-13T03:09:16+08:00","65d8ba9","Gean Dhylan E. Mapesos","Finalize defense-ready thesis package"
"chapters","chapters/05_chapter1.typ","2026-06-23T11:32:13+08:00","b00bd4f","Gean Dhylan E. Mapesos","revision/internal: paragraph indentation"
"chapters","chapters/06_chapter2.typ","2026-06-13T03:09:16+08:00","65d8ba9","Gean Dhylan E. Mapesos","Finalize defense-ready thesis package"
"chapters","chapters/07_chapter3.typ","2026-06-13T03:09:16+08:00","65d8ba9","Gean Dhylan E. Mapesos","Finalize defense-ready thesis package"
"chapters","chapters/08_chapter4.typ","2026-06-13T03:09:16+08:00","65d8ba9","Gean Dhylan E. Mapesos","Finalize defense-ready thesis package"
"chapters","chapters/08_references.bib","2026-06-13T03:09:16+08:00","65d8ba9","Gean Dhylan E. Mapesos","Finalize defense-ready thesis package"
"chapters","chapters/09_appendices.typ","2026-06-13T03:09:16+08:00","65d8ba9","Gean Dhylan E. Mapesos","Finalize defense-ready thesis package"
"chapters","chapters/09_chapter5.typ","2026-06-13T03:09:16+08:00","65d8ba9","Gean Dhylan E. Mapesos","Finalize defense-ready thesis package"
"chapters","chapters/10_chapter6.typ","2026-06-13T03:09:16+08:00","65d8ba9","Gean Dhylan E. Mapesos","Finalize defense-ready thesis package"
"chapters","chapters/utils.typ","2026-05-23T17:43:15+08:00","af33d7f","Gean Dhylan E. Mapesos","Initial commit"
"data","data/REINVENT ANALYSIS.xlsx","2026-06-13T03:09:16+08:00","65d8ba9","Gean Dhylan E. Mapesos","Finalize defense-ready thesis package"
"data","data/Statistician_Validation_Package.pdf","2026-06-13T03:09:16+08:00","65d8ba9","Gean Dhylan E. Mapesos","Finalize defense-ready thesis package"
"expert-review","expert-review/FILIPINO-EXPERT-CERTIFICATE.docx","2026-06-13T03:09:16+08:00","65d8ba9","Gean Dhylan E. Mapesos","Finalize defense-ready thesis package"
"expert-review","expert-review/FILIPINO-EXPERT-VALIDATION.docx","2026-06-13T03:09:16+08:00","65d8ba9","Gean Dhylan E. Mapesos","Finalize defense-ready thesis package"
"expert-review","expert-review/MOBILE EXPERT - CERTIFICATE.docx","2026-06-13T03:09:16+08:00","65d8ba9","Gean Dhylan E. Mapesos","Finalize defense-ready thesis package"
"expert-review","expert-review/MOBILE EXPERT - ISO:FEEDBACK.csv","2026-06-13T03:09:16+08:00","65d8ba9","Gean Dhylan E. Mapesos","Finalize defense-ready thesis package"
"expert-review","expert-review/PSYCHOLOGICAL-EXPERT-VALIDATION.pdf","2026-06-13T03:09:16+08:00","65d8ba9","Gean Dhylan E. Mapesos","Finalize defense-ready thesis package"
"(root)","main.typ","2026-06-23T11:32:13+08:00","b00bd4f","Gean Dhylan E. Mapesos","revision/internal: paragraph indentation"
"output","output/pdf/REDU_Defense_Cheat_Sheet_Print.pdf","2026-06-13T04:31:18+08:00","1bc4fd4","Gean Dhylan E. Mapesos","Include full fuzzy rule base in cheat sheet"
"release-apk","release-apk/redu-debug.apk","2026-05-25T01:49:17+08:00","936a0f3","Gean Dhylan E. Mapesos","Add built debug APK"
